split,config,case,mode,k,dice,n_gt,n_det,n_pred,n_fp,gt_small,det_small
val,baseline,P41_T1,single,0,0.5954953300054348,10.0,9.0,14.0,5.0,1.0,0.6666666666666666
val,baseline,P41_T1,ensemble,0,0.6041088284286508,10,10,14,4,1,1
val,baseline,P41_T1,ensemble,5,0.6041088284286508,10,10,14,4,1,1
val,baseline,P41_T1,ensemble,10,0.5946248600223965,10,8,12,4,1,0
val,baseline,P41_T1,ensemble,20,0.6065105653912051,10,8,10,2,1,0
val,baseline,P41_T1,ensemble,30,0.5881670533642691,10,7,9,2,1,0
val,baseline,P41_T1,ensemble,50,0.5929148539465506,10,6,6,0,1,0
val,baseline,P41_T1,ensemble,80,0.5554842847979474,10,5,5,0,1,0
val,baseline,P46_T1,single,0,0.8344934661896964,27.0,22.0,26.333333333333332,4.0,7.0,3.0
val,baseline,P46_T1,ensemble,0,0.8398997134670487,27,22,25,3,7,3
val,baseline,P46_T1,ensemble,5,0.8403511915427343,27,22,24,2,7,3
val,baseline,P46_T1,ensemble,10,0.8409539178769948,27,22,23,1,7,3
val,baseline,P46_T1,ensemble,20,0.8383502560876988,27,20,21,1,7,1
val,baseline,P46_T1,ensemble,30,0.8386572820790471,27,19,19,0,7,1
val,baseline,P46_T1,ensemble,50,0.8241647597254005,27,15,15,0,7,1
val,baseline,P46_T1,ensemble,80,0.8064455686715383,27,11,11,0,7,0
val,baseline,P48_T1,single,0,0.7108927768065296,42.0,29.333333333333332,39.333333333333336,8.333333333333334,15.0,7.333333333333333
val,baseline,P48_T1,ensemble,0,0.7139748320560129,42,29,41,9,15,7
val,baseline,P48_T1,ensemble,5,0.7131753554502369,42,28,37,7,15,6
val,baseline,P48_T1,ensemble,10,0.7115877384454778,42,27,35,7,15,6
val,baseline,P48_T1,ensemble,20,0.7127557850449416,42,26,29,3,15,5
val,baseline,P48_T1,ensemble,30,0.7040046430644226,42,22,24,2,15,2
val,baseline,P48_T1,ensemble,50,0.6861974046401887,42,18,20,2,15,2
val,baseline,P48_T1,ensemble,80,0.6531582756125297,42,11,12,1,15,0
val,baseline,P43_T1,single,0,0.7445506392114113,31.0,16.666666666666668,35.0,4.333333333333333,14.0,2.6666666666666665
val,baseline,P43_T1,ensemble,0,0.7491323748140803,31,16,33,4,14,2
val,baseline,P43_T1,ensemble,5,0.7489551604448538,31,15,32,4,14,2
val,baseline,P43_T1,ensemble,10,0.748812140982909,31,14,28,2,14,1
val,baseline,P43_T1,ensemble,20,0.7462325845891384,31,12,24,2,14,0
val,baseline,P43_T1,ensemble,30,0.7462325845891384,31,12,24,2,14,0
val,baseline,P43_T1,ensemble,50,0.7456234369417649,31,12,20,0,14,0
val,baseline,P43_T1,ensemble,80,0.7317073170731707,31,9,14,0,14,0
val,baseline,P42_T1,single,0,0.8622315171775204,38.0,18.333333333333332,31.333333333333332,0.3333333333333333,20.0,2.6666666666666665
val,baseline,P42_T1,ensemble,0,0.8644822999134691,38,19,33,1,20,3
val,baseline,P42_T1,ensemble,5,0.8645157957275333,38,19,32,0,20,3
val,baseline,P42_T1,ensemble,10,0.8643251133530544,38,18,30,0,20,3
val,baseline,P42_T1,ensemble,20,0.8639629859387924,38,16,27,0,20,1
val,baseline,P42_T1,ensemble,30,0.8622800999339815,38,12,22,0,20,1
val,baseline,P42_T1,ensemble,50,0.8599610642439974,38,8,17,0,20,0
val,baseline,P42_T1,ensemble,80,0.8573251227037794,38,6,13,0,20,0
val,baseline,P44_T1,single,0,0.6883903747777286,10.0,10.0,34.333333333333336,23.0,1.0,1.0
val,baseline,P44_T1,ensemble,0,0.6988043271968115,10,10,29,18,1,1
val,baseline,P44_T1,ensemble,5,0.699069679134232,10,10,29,18,1,1
val,baseline,P44_T1,ensemble,10,0.7009328003045878,10,10,25,14,1,1
val,baseline,P44_T1,ensemble,20,0.7030742791674622,10,10,23,12,1,1
val,baseline,P44_T1,ensemble,30,0.7030742791674622,10,10,23,12,1,1
val,baseline,P44_T1,ensemble,50,0.7130822116781254,10,10,19,8,1,1
val,baseline,P44_T1,ensemble,80,0.6985836824256932,10,7,14,7,1,0
val,baseline,P47_T1,single,0,0.8463180687122307,53.0,38.0,44.666666666666664,2.6666666666666665,20.0,8.666666666666666
val,baseline,P47_T1,ensemble,0,0.8467750231457669,53,37,43,2,20,8
val,baseline,P47_T1,ensemble,5,0.8465970471732085,53,37,42,2,20,8
val,baseline,P47_T1,ensemble,10,0.8463596604064831,53,36,41,2,20,7
val,baseline,P47_T1,ensemble,20,0.8457337180544106,53,34,37,1,20,5
val,baseline,P47_T1,ensemble,30,0.8453799721405355,53,33,35,0,20,5
val,baseline,P47_T1,ensemble,50,0.838294658436857,53,23,25,0,20,0
val,baseline,P47_T1,ensemble,80,0.8344138868555893,53,22,23,0,20,0
val,baseline,P45_T1,single,0,0.7922721465720063,14.0,11.0,21.666666666666668,10.666666666666666,4.0,2.0
val,baseline,P45_T1,ensemble,0,0.8104757085020243,14,11,21,10,4,2
val,baseline,P45_T1,ensemble,5,0.8106808402935965,14,11,20,9,4,2
val,baseline,P45_T1,ensemble,10,0.811348236337154,14,11,18,7,4,2
val,baseline,P45_T1,ensemble,20,0.8133054021456231,14,11,15,4,4,2
val,baseline,P45_T1,ensemble,30,0.8128933816517261,14,10,14,4,4,1
val,baseline,P45_T1,ensemble,50,0.8151755960010254,14,9,11,2,4,0
val,baseline,P45_T1,ensemble,80,0.8151755960010254,14,9,11,2,4,0
val,baseline,P49_T1,single,0,0.8375624590009547,29.0,19.333333333333332,26.666666666666668,2.3333333333333335,6.0,1.6666666666666667
val,baseline,P49_T1,ensemble,0,0.8403323602066023,29,20,25,2,6,2
val,baseline,P49_T1,ensemble,5,0.840313758200863,29,20,25,2,6,2
val,baseline,P49_T1,ensemble,10,0.840313758200863,29,20,25,2,6,2
val,baseline,P49_T1,ensemble,20,0.8403280424978735,29,19,23,1,6,2
val,baseline,P49_T1,ensemble,30,0.8398811912980654,29,18,22,1,6,2
val,baseline,P49_T1,ensemble,50,0.8365756248389591,29,13,17,1,6,1
val,baseline,P49_T1,ensemble,80,0.8361010597053502,29,11,14,0,6,1
val,baseline,P50_T1,single,0,0.7488969669483466,45.0,30.333333333333332,41.333333333333336,8.666666666666666,14.0,2.0
val,baseline,P50_T1,ensemble,0,0.7562599746849376,45,30,40,9,14,1
val,baseline,P50_T1,ensemble,5,0.7565097715386733,45,30,39,8,14,1
val,baseline,P50_T1,ensemble,10,0.7566674013665418,45,29,36,6,14,1
val,baseline,P50_T1,ensemble,20,0.7566674013665418,45,29,36,6,14,1
val,baseline,P50_T1,ensemble,30,0.7531719208820433,45,26,32,5,14,1
val,baseline,P50_T1,ensemble,50,0.7343468468468468,45,20,25,5,14,0
val,baseline,P50_T1,ensemble,80,0.7325159730616474,45,17,19,2,14,0
val,baseline,P49_T2,single,0,0.5809555491548557,19.0,17.333333333333332,31.666666666666668,9.0,0.0,0.0
val,baseline,P49_T2,ensemble,0,0.6054437504819185,19,18,31,8,0,0
val,baseline,P49_T2,ensemble,5,0.6056772601049059,19,18,30,7,0,0
val,baseline,P49_T2,ensemble,10,0.6050498031040075,19,17,28,6,0,0
val,baseline,P49_T2,ensemble,20,0.6031055900621118,19,16,24,4,0,0
val,baseline,P49_T2,ensemble,30,0.5979734996102883,19,14,22,4,0,0
val,baseline,P49_T2,ensemble,50,0.5872628512949697,19,13,19,4,0,0
val,baseline,P49_T2,ensemble,80,0.5850134942054295,19,13,17,3,0,0
val,baseline,P50_T2,single,0,0.8566096052038947,40.0,29.333333333333332,43.0,6.0,12.0,4.0
val,baseline,P50_T2,ensemble,0,0.867363688794901,40,28,43,7,12,3
val,baseline,P50_T2,ensemble,5,0.8674534859644453,40,28,41,5,12,3
val,baseline,P50_T2,ensemble,10,0.8675197869664916,40,28,38,3,12,3
val,baseline,P50_T2,ensemble,20,0.8671927045552118,40,27,35,2,12,2
val,baseline,P50_T2,ensemble,30,0.866161803281118,40,24,32,2,12,2
val,baseline,P50_T2,ensemble,50,0.865031767709756,40,21,29,2,12,0
val,baseline,P50_T2,ensemble,80,0.8608919177427068,40,17,22,1,12,0
val,baseline,P52_T1,single,0,0.7565935095521824,25.0,23.666666666666668,28.333333333333332,4.666666666666667,7.0,6.333333333333333
val,baseline,P52_T1,ensemble,0,0.7633751146438398,25,24,28,4,7,7
val,baseline,P52_T1,ensemble,5,0.7628077687719835,25,23,27,4,7,6
val,baseline,P52_T1,ensemble,10,0.7593927311762,25,21,25,4,7,4
val,baseline,P52_T1,ensemble,20,0.7574257425742574,25,19,21,2,7,3
val,baseline,P52_T1,ensemble,30,0.7560937254285265,25,17,17,0,7,2
val,baseline,P52_T1,ensemble,50,0.7451479478205536,25,15,15,0,7,1
val,baseline,P52_T1,ensemble,80,0.7103952175357025,25,11,11,0,7,0
val,baseline,P51_T2,single,0,0.7929247578771491,33.0,22.0,34.0,9.0,8.0,0.3333333333333333
val,baseline,P51_T2,ensemble,0,0.803187250996016,33,22,33,8,8,0
val,baseline,P51_T2,ensemble,5,0.8032118667443072,33,22,33,8,8,0
val,baseline,P51_T2,ensemble,10,0.8026981450252951,33,22,31,8,8,0
val,baseline,P51_T2,ensemble,20,0.8026981450252951,33,22,31,8,8,0
val,baseline,P51_T2,ensemble,30,0.8015729163466561,33,20,28,7,8,0
val,baseline,P51_T2,ensemble,50,0.8008904279000743,33,17,23,5,8,0
val,baseline,P51_T2,ensemble,80,0.8007774538386784,33,13,15,1,8,0
val,baseline,P51_T1,single,0,0.8249002803850295,42.0,28.666666666666668,38.666666666666664,7.333333333333333,14.0,5.0
val,baseline,P51_T1,ensemble,0,0.8396645288603848,42,29,37,6,14,5
val,baseline,P51_T1,ensemble,5,0.839696394686907,42,29,37,6,14,5
val,baseline,P51_T1,ensemble,10,0.8398390036452005,42,29,35,5,14,5
val,baseline,P51_T1,ensemble,20,0.8366187516681283,42,23,28,4,14,2
val,baseline,P51_T1,ensemble,30,0.8356420530433123,42,23,27,4,14,2
val,baseline,P51_T1,ensemble,50,0.827405494971292,42,16,20,4,14,0
val,baseline,P51_T1,ensemble,80,0.8277912526406385,42,13,14,1,14,0
val,baseline,P52_T2,single,0,0.6967137306262717,14.0,10.333333333333334,17.333333333333332,7.0,1.0,0.0
val,baseline,P52_T2,ensemble,0,0.717231737154841,14,10,16,6,1,0
val,baseline,P52_T2,ensemble,5,0.7170868347338936,14,10,15,5,1,0
val,baseline,P52_T2,ensemble,10,0.7177150867355879,14,10,14,4,1,0
val,baseline,P52_T2,ensemble,20,0.7162233574070812,14,9,12,3,1,0
val,baseline,P52_T2,ensemble,30,0.7110010611956137,14,8,11,3,1,0
val,baseline,P52_T2,ensemble,50,0.7086614173228346,14,7,9,2,1,0
val,baseline,P52_T2,ensemble,80,0.6948968512486428,14,6,8,2,1,0
val,wavelet_ml_db2_l2,P41_T1,single,0,0.5530839977572984,10.0,9.333333333333334,19.0,9.666666666666666,1.0,0.3333333333333333
val,wavelet_ml_db2_l2,P41_T1,ensemble,0,0.5714285714285714,10,9,16,7,1,0
val,wavelet_ml_db2_l2,P41_T1,ensemble,5,0.5722921914357683,10,9,16,7,1,0
val,wavelet_ml_db2_l2,P41_T1,ensemble,10,0.5740272865083376,10,9,15,6,1,0
val,wavelet_ml_db2_l2,P41_T1,ensemble,20,0.5855670103092784,10,9,12,3,1,0
val,wavelet_ml_db2_l2,P41_T1,ensemble,30,0.5855670103092784,10,9,12,3,1,0
val,wavelet_ml_db2_l2,P41_T1,ensemble,50,0.5453551912568306,10,7,9,2,1,0
val,wavelet_ml_db2_l2,P41_T1,ensemble,80,0.5408878504672897,10,6,7,1,1,0
val,baseline,P53_T2,single,0,0.6910707585626548,23.0,18.0,22.333333333333332,2.6666666666666665,7.0,4.0
val,baseline,P53_T2,ensemble,0,0.6880645161290323,23,18,23,3,7,4
val,baseline,P53_T2,ensemble,5,0.6887417218543046,23,18,21,1,7,4
val,baseline,P53_T2,ensemble,10,0.6883495145631068,23,17,19,0,7,3
val,baseline,P53_T2,ensemble,20,0.6845180136319376,23,17,18,0,7,3
val,baseline,P53_T2,ensemble,30,0.6732380482996551,23,14,15,0,7,1
val,baseline,P53_T2,ensemble,50,0.6530543933054394,23,11,12,0,7,0
val,baseline,P53_T2,ensemble,80,0.6266138750215183,23,8,9,0,7,0
val,wavelet_ml_db2_l2,P42_T1,single,0,0.8665908163779289,38.0,16.666666666666668,32.333333333333336,0.0,20.0,1.3333333333333333
val,wavelet_ml_db2_l2,P42_T1,ensemble,0,0.8669646986280253,38,16,32,0,20,1
val,wavelet_ml_db2_l2,P42_T1,ensemble,5,0.8668448235989413,38,16,30,0,20,1
val,wavelet_ml_db2_l2,P42_T1,ensemble,10,0.8665869864158023,38,14,27,0,20,0
val,wavelet_ml_db2_l2,P42_T1,ensemble,20,0.8658873757442486,38,11,24,0,20,0
val,wavelet_ml_db2_l2,P42_T1,ensemble,30,0.8651430924438954,38,11,22,0,20,0
val,wavelet_ml_db2_l2,P42_T1,ensemble,50,0.8637383033021422,38,8,19,0,20,0
val,wavelet_ml_db2_l2,P42_T1,ensemble,80,0.8604846744038608,38,6,14,0,20,0
val,wavelet_ml_db2_l2,P43_T1,single,0,0.7405617320455212,31.0,16.0,33.0,4.0,14.0,2.3333333333333335
val,wavelet_ml_db2_l2,P43_T1,ensemble,0,0.7449728694541973,31,15,32,3,14,2
val,wavelet_ml_db2_l2,P43_T1,ensemble,5,0.7445721583652618,31,15,31,3,14,2
val,wavelet_ml_db2_l2,P43_T1,ensemble,10,0.7435533139163174,31,13,26,2,14,1
val,wavelet_ml_db2_l2,P43_T1,ensemble,20,0.7436317062757933,31,12,23,0,14,1
val,wavelet_ml_db2_l2,P43_T1,ensemble,30,0.7406429514396832,31,11,19,0,14,0
val,wavelet_ml_db2_l2,P43_T1,ensemble,50,0.7406429514396832,31,11,19,0,14,0
val,wavelet_ml_db2_l2,P43_T1,ensemble,80,0.7260437375745527,31,8,13,0,14,0
val,baseline,P53_T1,single,0,0.6114263026462999,22.0,15.333333333333334,19.333333333333332,4.666666666666667,7.0,3.0
val,baseline,P53_T1,ensemble,0,0.6236894010173363,22,15,18,4,7,3
val,baseline,P53_T1,ensemble,5,0.6236894010173363,22,15,18,4,7,3
val,baseline,P53_T1,ensemble,10,0.6242726517040732,22,15,17,3,7,3
val,baseline,P53_T1,ensemble,20,0.6254424318134499,22,15,16,2,7,3
val,baseline,P53_T1,ensemble,30,0.6254424318134499,22,15,16,2,7,3
val,baseline,P53_T1,ensemble,50,0.6211154127864392,22,14,15,2,7,3
val,baseline,P53_T1,ensemble,80,0.5999567286888793,22,9,10,2,7,0
val,wavelet_ml_db2_l2,P46_T1,single,0,0.8384321055047996,27.0,22.0,25.666666666666668,3.0,7.0,3.0
val,wavelet_ml_db2_l2,P46_T1,ensemble,0,0.8480197583134869,27,22,25,2,7,3
val,wavelet_ml_db2_l2,P46_T1,ensemble,5,0.8481693868548743,27,22,25,2,7,3
val,wavelet_ml_db2_l2,P46_T1,ensemble,10,0.8474306904467597,27,21,24,2,7,3
val,wavelet_ml_db2_l2,P46_T1,ensemble,20,0.8477337110481586,27,20,22,1,7,2
val,wavelet_ml_db2_l2,P46_T1,ensemble,30,0.8453004348983758,27,19,21,1,7,1
val,wavelet_ml_db2_l2,P46_T1,ensemble,50,0.8385706590052074,27,16,17,0,7,1
val,wavelet_ml_db2_l2,P46_T1,ensemble,80,0.8174617793332105,27,11,12,0,7,0
val,wavelet_ml_db2_l2,P45_T1,single,0,0.8314455657806926,14.0,11.0,20.666666666666668,9.666666666666666,4.0,2.0
val,wavelet_ml_db2_l2,P45_T1,ensemble,0,0.8502938651522155,14,11,18,7,4,2
val,wavelet_ml_db2_l2,P45_T1,ensemble,5,0.8505185283043795,14,11,17,6,4,2
val,wavelet_ml_db2_l2,P45_T1,ensemble,10,0.8509682109576366,14,11,16,5,4,2
val,wavelet_ml_db2_l2,P45_T1,ensemble,20,0.8516999603122106,14,11,15,4,4,2
val,wavelet_ml_db2_l2,P45_T1,ensemble,30,0.8525743099787686,14,10,13,3,4,1
val,wavelet_ml_db2_l2,P45_T1,ensemble,50,0.8547861371649039,14,10,12,2,4,1
val,wavelet_ml_db2_l2,P45_T1,ensemble,80,0.8532140711567986,14,9,11,2,4,0
val,wavelet_ml_db2_l2,P47_T1,single,0,0.8384487038167744,53.0,36.333333333333336,42.666666666666664,3.0,20.0,7.333333333333333
val,wavelet_ml_db2_l2,P47_T1,ensemble,0,0.8427573548156835,53,36,41,2,20,7
val,wavelet_ml_db2_l2,P47_T1,ensemble,5,0.8427198327511919,53,36,41,2,20,7
val,wavelet_ml_db2_l2,P47_T1,ensemble,10,0.8425132598939209,53,35,40,2,20,6
val,wavelet_ml_db2_l2,P47_T1,ensemble,20,0.8413877613540629,53,33,37,2,20,4
val,wavelet_ml_db2_l2,P47_T1,ensemble,30,0.8395390524967989,53,30,32,1,20,3
val,wavelet_ml_db2_l2,P47_T1,ensemble,50,0.8348607274698608,53,23,24,0,20,0
val,wavelet_ml_db2_l2,P47_T1,ensemble,80,0.8308114830552389,53,22,22,0,20,0
val,wavelet_ml_db2_l2,P44_T1,single,0,0.7389671206009426,10.0,10.0,33.666666666666664,22.666666666666668,1.0,1.0
val,wavelet_ml_db2_l2,P44_T1,ensemble,0,0.752416203989307,10,10,30,19,1,1
val,wavelet_ml_db2_l2,P44_T1,ensemble,5,0.7530356040337518,10,10,30,19,1,1
val,wavelet_ml_db2_l2,P44_T1,ensemble,10,0.7551336291404396,10,10,26,15,1,1
val,wavelet_ml_db2_l2,P44_T1,ensemble,20,0.7561479644554661,10,10,25,14,1,1
val,wavelet_ml_db2_l2,P44_T1,ensemble,30,0.7641223765270961,10,10,21,10,1,1
val,wavelet_ml_db2_l2,P44_T1,ensemble,50,0.7659166044577157,10,9,16,7,1,1
val,wavelet_ml_db2_l2,P44_T1,ensemble,80,0.7721574664614032,10,7,11,4,1,0
val,wavelet_ml_db2_l2,P48_T1,single,0,0.722464260669789,42.0,29.666666666666668,42.666666666666664,11.0,15.0,7.333333333333333
val,wavelet_ml_db2_l2,P48_T1,ensemble,0,0.7290963800492386,42,29,41,11,15,6
val,wavelet_ml_db2_l2,P48_T1,ensemble,5,0.7292807594012414,42,29,39,9,15,6
val,wavelet_ml_db2_l2,P48_T1,ensemble,10,0.7295539884604817,42,27,34,6,15,6
val,wavelet_ml_db2_l2,P48_T1,ensemble,20,0.7309214765718494,42,26,30,3,15,5
val,wavelet_ml_db2_l2,P48_T1,ensemble,30,0.7267657992565055,42,23,26,2,15,2
val,wavelet_ml_db2_l2,P48_T1,ensemble,50,0.7050951151897524,42,17,19,1,15,1
val,wavelet_ml_db2_l2,P48_T1,ensemble,80,0.6686656671664168,42,11,12,1,15,0
val,wavelet_ml_db2_l2,P49_T1,single,0,0.8321434999966365,29.0,18.666666666666668,29.0,2.3333333333333335,6.0,2.6666666666666665
val,wavelet_ml_db2_l2,P49_T1,ensemble,0,0.8359576664945793,29,20,29,1,6,3
val,wavelet_ml_db2_l2,P49_T1,ensemble,5,0.8359013245994741,29,20,28,1,6,3
val,wavelet_ml_db2_l2,P49_T1,ensemble,10,0.8358613567417543,29,19,27,1,6,3
val,wavelet_ml_db2_l2,P49_T1,ensemble,20,0.8352226851403288,29,17,24,1,6,2
val,wavelet_ml_db2_l2,P49_T1,ensemble,30,0.8343919191919192,29,15,22,1,6,1
val,wavelet_ml_db2_l2,P49_T1,ensemble,50,0.831404583616973,29,12,18,1,6,1
val,wavelet_ml_db2_l2,P49_T1,ensemble,80,0.8300162601626017,29,10,15,0,6,1
val,wavelet_ml_db2_l2,P50_T1,single,0,0.7396022011780387,45.0,31.333333333333332,41.333333333333336,7.0,14.0,2.6666666666666665
val,wavelet_ml_db2_l2,P50_T1,ensemble,0,0.7412549779356367,45,32,41,5,14,3
val,wavelet_ml_db2_l2,P50_T1,ensemble,5,0.7410916137366778,45,31,40,5,14,2
val,wavelet_ml_db2_l2,P50_T1,ensemble,10,0.7407527055403005,45,30,39,5,14,1
val,wavelet_ml_db2_l2,P50_T1,ensemble,20,0.7381029459371965,45,28,36,5,14,1
val,wavelet_ml_db2_l2,P50_T1,ensemble,30,0.7319190494275948,45,25,32,5,14,1
val,wavelet_ml_db2_l2,P50_T1,ensemble,50,0.7217372085313294,45,20,24,3,14,0
val,wavelet_ml_db2_l2,P50_T1,ensemble,80,0.7140052723091592,45,17,20,2,14,0
val,wavelet_ml_db2_l2,P49_T2,single,0,0.6127265105629011,19.0,18.0,32.333333333333336,9.0,0.0,0.0
val,wavelet_ml_db2_l2,P49_T2,ensemble,0,0.6241976893453145,19,18,29,4,0,0
val,wavelet_ml_db2_l2,P49_T2,ensemble,5,0.6241465177925938,19,17,26,2,0,0
val,wavelet_ml_db2_l2,P49_T2,ensemble,10,0.623451825639376,19,17,24,1,0,0
val,wavelet_ml_db2_l2,P49_T2,ensemble,20,0.622161378643904,19,17,23,1,0,0
val,wavelet_ml_db2_l2,P49_T2,ensemble,30,0.6140507252248603,19,14,20,1,0,0
val,wavelet_ml_db2_l2,P49_T2,ensemble,50,0.6012119226989846,19,13,17,1,0,0
val,wavelet_ml_db2_l2,P49_T2,ensemble,80,0.596307385229541,19,12,14,0,0,0
val,wavelet_ml_db2_l2,P50_T2,single,0,0.7719905461776525,40.0,31.0,43.333333333333336,6.666666666666667,12.0,5.0
val,wavelet_ml_db2_l2,P50_T2,ensemble,0,0.7786640396593365,40,31,39,5,12,5
val,wavelet_ml_db2_l2,P50_T2,ensemble,5,0.7785458879618593,40,30,38,5,12,4
val,wavelet_ml_db2_l2,P50_T2,ensemble,10,0.7785584840873685,40,29,35,3,12,3
val,wavelet_ml_db2_l2,P50_T2,ensemble,20,0.778097616056235,40,27,33,3,12,3
val,wavelet_ml_db2_l2,P50_T2,ensemble,30,0.7769990442816184,40,25,29,2,12,2
val,wavelet_ml_db2_l2,P50_T2,ensemble,50,0.7762500199619924,40,22,25,1,12,0
val,wavelet_ml_db2_l2,P50_T2,ensemble,80,0.7730715646868545,40,19,22,1,12,0
val,wavelet_ml_db2_l2,P51_T2,single,0,0.7825321697306004,33.0,22.333333333333332,36.0,9.666666666666666,8.0,1.6666666666666667
val,wavelet_ml_db2_l2,P51_T2,ensemble,0,0.7864233714663893,33,22,34,8,8,2
val,wavelet_ml_db2_l2,P51_T2,ensemble,5,0.7862051573040791,33,21,32,8,8,1
val,wavelet_ml_db2_l2,P51_T2,ensemble,10,0.7857796284028895,33,21,29,7,8,1
val,wavelet_ml_db2_l2,P51_T2,ensemble,20,0.7854864685634888,33,20,27,6,8,1
val,wavelet_ml_db2_l2,P51_T2,ensemble,30,0.7832114708954515,33,17,24,6,8,0
val,wavelet_ml_db2_l2,P51_T2,ensemble,50,0.7813275631642589,33,14,20,5,8,0
val,wavelet_ml_db2_l2,P51_T2,ensemble,80,0.784525069771918,33,13,16,2,8,0
val,wavelet_ml_db2_l2,P52_T1,single,0,0.7586587795273173,25.0,23.666666666666668,27.0,3.3333333333333335,7.0,6.333333333333333
val,wavelet_ml_db2_l2,P52_T1,ensemble,0,0.7676430414326908,25,24,26,2,7,7
val,wavelet_ml_db2_l2,P52_T1,ensemble,5,0.7681093394077448,25,24,25,1,7,7
val,wavelet_ml_db2_l2,P52_T1,ensemble,10,0.7650373077508756,25,22,23,1,7,5
val,wavelet_ml_db2_l2,P52_T1,ensemble,20,0.7595285473748661,25,20,21,1,7,3
val,wavelet_ml_db2_l2,P52_T1,ensemble,30,0.752157829839704,25,18,19,1,7,2
val,wavelet_ml_db2_l2,P52_T1,ensemble,50,0.7194541415423675,25,13,14,1,7,1
val,wavelet_ml_db2_l2,P52_T1,ensemble,80,0.7171106389932995,25,11,11,0,7,0
val,wavelet_ml_db2_l2,P53_T2,single,0,0.6491154488344627,23.0,19.333333333333332,22.333333333333332,2.3333333333333335,7.0,4.0
val,wavelet_ml_db2_l2,P53_T2,ensemble,0,0.6576955424726662,23,20,24,2,7,4
val,wavelet_ml_db2_l2,P53_T2,ensemble,5,0.6563394510860414,23,19,23,2,7,4
val,wavelet_ml_db2_l2,P53_T2,ensemble,10,0.6514382402707276,23,17,19,1,7,3
val,wavelet_ml_db2_l2,P53_T2,ensemble,20,0.6440273037542662,23,14,15,0,7,2
val,wavelet_ml_db2_l2,P53_T2,ensemble,30,0.6285022483569699,23,11,12,0,7,1
val,wavelet_ml_db2_l2,P53_T2,ensemble,50,0.607898448519041,23,8,9,0,7,0
val,wavelet_ml_db2_l2,P53_T2,ensemble,80,0.5858585858585859,23,6,7,0,7,0
val,wavelet_ml_db2_l2,P51_T1,single,0,0.8079366683359206,42.0,25.0,37.333333333333336,9.0,14.0,3.3333333333333335
val,wavelet_ml_db2_l2,P51_T1,ensemble,0,0.8187883228568124,42,26,38,8,14,3
val,wavelet_ml_db2_l2,P51_T1,ensemble,5,0.8187008177750347,42,26,36,7,14,3
val,wavelet_ml_db2_l2,P51_T1,ensemble,10,0.8186484504650534,42,25,34,6,14,3
val,wavelet_ml_db2_l2,P51_T1,ensemble,20,0.8156884043915118,42,17,24,4,14,1
val,wavelet_ml_db2_l2,P51_T1,ensemble,30,0.8144466019417476,42,17,23,4,14,1
val,wavelet_ml_db2_l2,P51_T1,ensemble,50,0.810720137317625,42,14,20,4,14,0
val,wavelet_ml_db2_l2,P51_T1,ensemble,80,0.8026563973593209,42,12,17,4,14,0
val,wavelet_ml_haar_l2,P41_T1,single,0,0.5920297300284284,10.0,9.0,15.333333333333334,6.333333333333333,1.0,0.0
val,wavelet_ml_haar_l2,P41_T1,ensemble,0,0.5897563401292889,10,9,15,6,1,0
val,wavelet_ml_haar_l2,P41_T1,ensemble,5,0.5909317389138017,10,9,14,5,1,0
val,wavelet_ml_haar_l2,P41_T1,ensemble,10,0.5909317389138017,10,9,14,5,1,0
val,wavelet_ml_haar_l2,P41_T1,ensemble,20,0.5992925720060637,10,9,12,3,1,0
val,wavelet_ml_haar_l2,P41_T1,ensemble,30,0.5844559585492228,10,8,10,2,1,0
val,wavelet_ml_haar_l2,P41_T1,ensemble,50,0.5347708894878707,10,6,8,2,1,0
val,wavelet_ml_haar_l2,P41_T1,ensemble,80,0.5727482678983834,10,6,6,0,1,0
val,wavelet_ml_db2_l2,P52_T2,single,0,0.6751676342184333,14.0,9.0,19.666666666666668,10.666666666666666,1.0,0.0
val,wavelet_ml_db2_l2,P52_T2,ensemble,0,0.7055994503607008,14,9,17,8,1,0
val,wavelet_ml_db2_l2,P52_T2,ensemble,5,0.7068134893324157,14,9,15,6,1,0
val,wavelet_ml_db2_l2,P52_T2,ensemble,10,0.7081537665919669,14,9,13,4,1,0
val,wavelet_ml_db2_l2,P52_T2,ensemble,20,0.7101123595505618,14,9,12,3,1,0
val,wavelet_ml_db2_l2,P52_T2,ensemble,30,0.7040639110802361,14,8,11,3,1,0
val,wavelet_ml_db2_l2,P52_T2,ensemble,50,0.6972765363128491,14,7,10,3,1,0
val,wavelet_ml_db2_l2,P52_T2,ensemble,80,0.6920600858369099,14,6,8,2,1,0
val,wavelet_ml_db2_l2,P53_T1,single,0,0.605426464430015,22.0,15.666666666666666,25.333333333333332,9.333333333333334,7.0,3.0
val,wavelet_ml_db2_l2,P53_T1,ensemble,0,0.622886440493073,22,16,22,6,7,3
val,wavelet_ml_db2_l2,P53_T1,ensemble,5,0.6234305055137024,22,16,21,5,7,3
val,wavelet_ml_db2_l2,P53_T1,ensemble,10,0.6243166411546031,22,16,19,3,7,3
val,wavelet_ml_db2_l2,P53_T1,ensemble,20,0.6243166411546031,22,16,19,3,7,3
val,wavelet_ml_db2_l2,P53_T1,ensemble,30,0.6243166411546031,22,16,19,3,7,3
val,wavelet_ml_db2_l2,P53_T1,ensemble,50,0.6067240031274433,22,12,14,2,7,1
val,wavelet_ml_db2_l2,P53_T1,ensemble,80,0.5817757009345794,22,7,8,1,7,0
val,wavelet_ml_haar_l2,P42_T1,single,0,0.8668159852221459,38.0,17.0,31.0,0.6666666666666666,20.0,1.3333333333333333
val,wavelet_ml_haar_l2,P42_T1,ensemble,0,0.8743685342359423,38,17,30,0,20,1
val,wavelet_ml_haar_l2,P42_T1,ensemble,5,0.8743080388389051,38,16,29,0,20,0
val,wavelet_ml_haar_l2,P42_T1,ensemble,10,0.874107449692619,38,15,27,0,20,0
val,wavelet_ml_haar_l2,P42_T1,ensemble,20,0.8734622144112478,38,12,24,0,20,0
val,wavelet_ml_haar_l2,P42_T1,ensemble,30,0.8734622144112478,38,12,24,0,20,0
val,wavelet_ml_haar_l2,P42_T1,ensemble,50,0.8709916258169934,38,8,19,0,20,0
val,wavelet_ml_haar_l2,P42_T1,ensemble,80,0.8675294720656074,38,6,14,0,20,0
val,wavelet_ml_haar_l2,P46_T1,single,0,0.8365598108001081,27.0,22.0,27.0,4.0,7.0,3.3333333333333335
val,wavelet_ml_haar_l2,P46_T1,ensemble,0,0.8429569068301822,27,22,25,3,7,3
val,wavelet_ml_haar_l2,P46_T1,ensemble,5,0.842661214754238,27,21,24,3,7,2
val,wavelet_ml_haar_l2,P46_T1,ensemble,10,0.842661214754238,27,21,24,3,7,2
val,wavelet_ml_haar_l2,P46_T1,ensemble,20,0.8402629556902587,27,19,22,3,7,1
val,wavelet_ml_haar_l2,P46_T1,ensemble,30,0.8402629556902587,27,19,22,3,7,1
val,wavelet_ml_haar_l2,P46_T1,ensemble,50,0.8264291273890859,27,15,18,3,7,1
val,wavelet_ml_haar_l2,P46_T1,ensemble,80,0.8150648427784687,27,11,13,2,7,0
val,wavelet_ml_haar_l2,P43_T1,single,0,0.7494774058812009,31.0,15.333333333333334,33.0,4.666666666666667,14.0,1.3333333333333333
val,wavelet_ml_haar_l2,P43_T1,ensemble,0,0.7601702127659574,31,14,30,3,14,1
val,wavelet_ml_haar_l2,P43_T1,ensemble,5,0.7600204324876554,31,14,30,3,14,1
val,wavelet_ml_haar_l2,P43_T1,ensemble,10,0.759201199563795,31,13,27,3,14,0
val,wavelet_ml_haar_l2,P43_T1,ensemble,20,0.757940031418619,31,12,23,2,14,0
val,wavelet_ml_haar_l2,P43_T1,ensemble,30,0.7567770826923734,31,12,22,2,14,0
val,wavelet_ml_haar_l2,P43_T1,ensemble,50,0.7558335337984123,31,11,18,0,14,0
val,wavelet_ml_haar_l2,P43_T1,ensemble,80,0.7473257866860525,31,8,14,0,14,0
val,wavelet_ml_haar_l2,P44_T1,single,0,0.6772244642437396,10.0,10.0,35.333333333333336,24.333333333333332,1.0,1.0
val,wavelet_ml_haar_l2,P44_T1,ensemble,0,0.688053716310734,10,10,35,24,1,1
val,wavelet_ml_haar_l2,P44_T1,ensemble,5,0.6885674288380774,10,10,33,22,1,1
val,wavelet_ml_haar_l2,P44_T1,ensemble,10,0.6903714793674558,10,10,29,18,1,1
val,wavelet_ml_haar_l2,P44_T1,ensemble,20,0.6914066160622248,10,10,28,17,1,1
val,wavelet_ml_haar_l2,P44_T1,ensemble,30,0.6946615196309198,10,10,26,15,1,1
val,wavelet_ml_haar_l2,P44_T1,ensemble,50,0.7049493598318364,10,10,22,11,1,1
val,wavelet_ml_haar_l2,P44_T1,ensemble,80,0.715592600121976,10,7,12,5,1,0
val,wavelet_ml_haar_l2,P45_T1,single,0,0.8247747036789234,14.0,11.0,21.666666666666668,10.666666666666666,4.0,2.0
val,wavelet_ml_haar_l2,P45_T1,ensemble,0,0.8401028277634961,14,11,20,9,4,2
val,wavelet_ml_haar_l2,P45_T1,ensemble,5,0.8402108240133693,14,11,20,9,4,2
val,wavelet_ml_haar_l2,P45_T1,ensemble,10,0.8409134770022515,14,11,18,7,4,2
val,wavelet_ml_haar_l2,P45_T1,ensemble,20,0.8415631236721818,14,11,17,6,4,2
val,wavelet_ml_haar_l2,P45_T1,ensemble,30,0.8424586776859504,14,10,15,5,4,1
val,wavelet_ml_haar_l2,P45_T1,ensemble,50,0.8448041437358368,14,10,14,4,4,1
val,wavelet_ml_haar_l2,P45_T1,ensemble,80,0.8537596210775606,14,9,10,1,4,0
val,wavelet_ml_haar_l2,P48_T1,single,0,0.7201937080245638,42.0,29.666666666666668,44.333333333333336,13.0,15.0,7.333333333333333
val,wavelet_ml_haar_l2,P48_T1,ensemble,0,0.7316849816849816,42,29,42,12,15,7
val,wavelet_ml_haar_l2,P48_T1,ensemble,5,0.7317923316822601,42,28,39,10,15,6
val,wavelet_ml_haar_l2,P48_T1,ensemble,10,0.7333394613475503,42,28,35,6,15,6
val,wavelet_ml_haar_l2,P48_T1,ensemble,20,0.7290567434971768,42,24,30,5,15,3
val,wavelet_ml_haar_l2,P48_T1,ensemble,30,0.7300167691447736,42,23,27,3,15,2
val,wavelet_ml_haar_l2,P48_T1,ensemble,50,0.7128375177640929,42,19,23,3,15,1
val,wavelet_ml_haar_l2,P48_T1,ensemble,80,0.6802652733118971,42,11,13,1,15,0
val,wavelet_ml_haar_l2,P49_T1,single,0,0.8375285515329948,29.0,20.333333333333332,29.0,3.0,6.0,2.3333333333333335
val,wavelet_ml_haar_l2,P49_T1,ensemble,0,0.8405023299897323,29,20,29,3,6,2
val,wavelet_ml_haar_l2,P49_T1,ensemble,5,0.8404290611522724,29,19,28,3,6,2
val,wavelet_ml_haar_l2,P49_T1,ensemble,10,0.840337462082912,29,18,27,3,6,1
val,wavelet_ml_haar_l2,P49_T1,ensemble,20,0.8405040874088832,29,17,24,1,6,1
val,wavelet_ml_haar_l2,P49_T1,ensemble,30,0.8397683397683398,29,16,22,1,6,0
val,wavelet_ml_haar_l2,P49_T1,ensemble,50,0.8360882198828181,29,11,17,1,6,0
val,wavelet_ml_haar_l2,P49_T1,ensemble,80,0.8363671079429735,29,10,15,0,6,0
val,wavelet_ml_haar_l2,P47_T1,single,0,0.8307163104171466,53.0,36.333333333333336,43.333333333333336,4.666666666666667,20.0,7.333333333333333
val,wavelet_ml_haar_l2,P47_T1,ensemble,0,0.8337986041874377,53,36,44,5,20,7
val,wavelet_ml_haar_l2,P47_T1,ensemble,5,0.8335369350053601,53,35,42,5,20,6
val,wavelet_ml_haar_l2,P47_T1,ensemble,10,0.8335369350053601,53,35,42,5,20,6
val,wavelet_ml_haar_l2,P47_T1,ensemble,20,0.8340072887025111,53,34,38,2,20,5
val,wavelet_ml_haar_l2,P47_T1,ensemble,30,0.8317258310995316,53,29,32,1,20,2
val,wavelet_ml_haar_l2,P47_T1,ensemble,50,0.8273774998108592,53,23,25,0,20,0
val,wavelet_ml_haar_l2,P47_T1,ensemble,80,0.821742768045027,53,22,22,0,20,0
val,wavelet_ml_haar_l2,P50_T1,single,0,0.7358500052955689,45.0,31.0,40.333333333333336,8.0,14.0,2.3333333333333335
val,wavelet_ml_haar_l2,P50_T1,ensemble,0,0.7398128898128898,45,31,40,9,14,1
val,wavelet_ml_haar_l2,P50_T1,ensemble,5,0.7399012217312191,45,31,39,8,14,1
val,wavelet_ml_haar_l2,P50_T1,ensemble,10,0.74029353596336,45,30,36,6,14,1
val,wavelet_ml_haar_l2,P50_T1,ensemble,20,0.7398259600854568,45,29,34,5,14,1
val,wavelet_ml_haar_l2,P50_T1,ensemble,30,0.736075451925596,45,26,30,4,14,1
val,wavelet_ml_haar_l2,P50_T1,ensemble,50,0.725023786869648,45,21,25,4,14,1
val,wavelet_ml_haar_l2,P50_T1,ensemble,80,0.719075886411038,45,19,21,3,14,0
val,wavelet_ml_haar_l2,P49_T2,single,0,0.6095489489248274,19.0,17.0,33.0,10.666666666666666,0.0,0.0
val,wavelet_ml_haar_l2,P49_T2,ensemble,0,0.6188498402555911,19,17,31,7,0,0
val,wavelet_ml_haar_l2,P49_T2,ensemble,5,0.6188534420724394,19,17,28,5,0,0
val,wavelet_ml_haar_l2,P49_T2,ensemble,10,0.6189942344650865,19,17,25,3,0,0
val,wavelet_ml_haar_l2,P49_T2,ensemble,20,0.6197883258499037,19,17,24,2,0,0
val,wavelet_ml_haar_l2,P49_T2,ensemble,30,0.6123205934526689,19,15,21,2,0,0
val,wavelet_ml_haar_l2,P49_T2,ensemble,50,0.6044763927462833,19,14,17,1,0,0
val,wavelet_ml_haar_l2,P49_T2,ensemble,80,0.6020458670186438,19,13,15,0,0,0
val,wavelet_ml_haar_l2,P50_T2,single,0,0.7367117842061058,40.0,30.0,41.666666666666664,6.333333333333333,12.0,4.333333333333333
val,wavelet_ml_haar_l2,P50_T2,ensemble,0,0.7740099671430144,40,30,41,6,12,4
val,wavelet_ml_haar_l2,P50_T2,ensemble,5,0.7740221355804301,40,30,41,6,12,4
val,wavelet_ml_haar_l2,P50_T2,ensemble,10,0.7738516456731298,40,29,38,5,12,3
val,wavelet_ml_haar_l2,P50_T2,ensemble,20,0.7736523176202094,40,27,34,3,12,2
val,wavelet_ml_haar_l2,P50_T2,ensemble,30,0.7729842964923057,40,25,32,3,12,2
val,wavelet_ml_haar_l2,P50_T2,ensemble,50,0.7729281070504324,40,23,29,2,12,0
val,wavelet_ml_haar_l2,P50_T2,ensemble,80,0.76711152114782,40,19,21,1,12,0
val,wavelet_ml_haar_l2,P51_T1,single,0,0.7966749277570763,42.0,28.333333333333332,39.0,8.0,14.0,4.666666666666667
val,wavelet_ml_haar_l2,P51_T1,ensemble,0,0.8006984285357944,42,28,38,7,14,4
val,wavelet_ml_haar_l2,P51_T1,ensemble,5,0.8006843455945253,42,27,36,6,14,3
val,wavelet_ml_haar_l2,P51_T1,ensemble,10,0.8000856011698827,42,25,33,6,14,3
val,wavelet_ml_haar_l2,P51_T1,ensemble,20,0.7988555078683834,42,22,27,4,14,2
val,wavelet_ml_haar_l2,P51_T1,ensemble,30,0.7958261617900172,42,19,24,4,14,2
val,wavelet_ml_haar_l2,P51_T1,ensemble,50,0.7893290919606709,42,13,18,4,14,0
val,wavelet_ml_haar_l2,P51_T1,ensemble,80,0.7861828989814781,42,12,17,4,14,0
val,wavelet_ml_haar_l2,P51_T2,single,0,0.785730739290309,33.0,23.666666666666668,37.666666666666664,11.666666666666666,8.0,1.6666666666666667
val,wavelet_ml_haar_l2,P51_T2,ensemble,0,0.8003973935657307,33,23,36,12,8,1
val,wavelet_ml_haar_l2,P51_T2,ensemble,5,0.8004559004032965,33,23,35,11,8,1
val,wavelet_ml_haar_l2,P51_T2,ensemble,10,0.800140396033812,33,23,31,9,8,1
val,wavelet_ml_haar_l2,P51_T2,ensemble,20,0.7991564394716031,33,22,28,8,8,1
val,wavelet_ml_haar_l2,P51_T2,ensemble,30,0.7973449248120301,33,19,24,7,8,1
val,wavelet_ml_haar_l2,P51_T2,ensemble,50,0.796697931769092,33,16,18,4,8,1
val,wavelet_ml_haar_l2,P51_T2,ensemble,80,0.7988291167597599,33,14,13,1,8,1
val,wavelet_ml_haar_l2,P52_T1,single,0,0.764489128443453,25.0,23.666666666666668,28.333333333333332,4.666666666666667,7.0,6.0
val,wavelet_ml_haar_l2,P52_T1,ensemble,0,0.7726183343319353,25,24,26,2,7,7
val,wavelet_ml_haar_l2,P52_T1,ensemble,5,0.7715142428785607,25,23,25,2,7,6
val,wavelet_ml_haar_l2,P52_T1,ensemble,10,0.7702236229926459,25,22,24,2,7,5
val,wavelet_ml_haar_l2,P52_T1,ensemble,20,0.7636363636363637,25,19,20,1,7,3
val,wavelet_ml_haar_l2,P52_T1,ensemble,30,0.7553045336589833,25,17,18,1,7,1
val,wavelet_ml_haar_l2,P52_T1,ensemble,50,0.7360501567398119,25,14,14,0,7,1
val,wavelet_ml_haar_l2,P52_T1,ensemble,80,0.7257935874940182,25,12,12,0,7,0
val,wavelet_ml_haar_l3,P41_T1,single,0,0.5632371438289282,10.0,9.333333333333334,19.333333333333332,9.666666666666666,1.0,0.3333333333333333
val,wavelet_ml_haar_l3,P41_T1,ensemble,0,0.5819592628516004,10,9,18,9,1,0
val,wavelet_ml_haar_l3,P41_T1,ensemble,5,0.5841053144807411,10,9,16,7,1,0
val,wavelet_ml_haar_l3,P41_T1,ensemble,10,0.5863925599608419,10,9,15,6,1,0
val,wavelet_ml_haar_l3,P41_T1,ensemble,20,0.5948361469712016,10,9,13,4,1,0
val,wavelet_ml_haar_l3,P41_T1,ensemble,30,0.60261569416499,10,9,12,3,1,0
val,wavelet_ml_haar_l3,P41_T1,ensemble,50,0.5682819383259912,10,7,8,1,1,0
val,wavelet_ml_haar_l3,P41_T1,ensemble,80,0.5634967513290018,10,6,6,0,1,0
val,wavelet_ml_haar_l2,P53_T2,single,0,0.6810598889749596,23.0,17.333333333333332,22.0,3.3333333333333335,7.0,3.6666666666666665
val,wavelet_ml_haar_l2,P53_T2,ensemble,0,0.7004838457936632,23,18,20,1,7,4
val,wavelet_ml_haar_l2,P53_T2,ensemble,5,0.7,23,17,19,1,7,3
val,wavelet_ml_haar_l2,P53_T2,ensemble,10,0.7,23,17,19,1,7,3
val,wavelet_ml_haar_l2,P53_T2,ensemble,20,0.6938775510204082,23,16,17,1,7,2
val,wavelet_ml_haar_l2,P53_T2,ensemble,30,0.6882745471877979,23,14,14,0,7,0
val,wavelet_ml_haar_l2,P53_T2,ensemble,50,0.6549975462129887,23,9,9,0,7,0
val,wavelet_ml_haar_l2,P53_T2,ensemble,80,0.6549975462129887,23,9,9,0,7,0
val,wavelet_ml_haar_l2,P53_T1,single,0,0.6073588547173151,22.0,16.333333333333332,23.0,6.666666666666667,7.0,3.6666666666666665
val,wavelet_ml_haar_l2,P53_T1,ensemble,0,0.625253929220571,22,17,21,4,7,4
val,wavelet_ml_haar_l2,P53_T1,ensemble,5,0.6255883611467694,22,17,20,3,7,4
val,wavelet_ml_haar_l2,P53_T1,ensemble,10,0.6248528309964679,22,16,19,3,7,3
val,wavelet_ml_haar_l2,P53_T1,ensemble,20,0.6259918507398671,22,16,18,2,7,3
val,wavelet_ml_haar_l2,P53_T1,ensemble,30,0.6227429062768701,22,15,17,2,7,3
val,wavelet_ml_haar_l2,P53_T1,ensemble,50,0.6182093098606761,22,14,16,2,7,2
val,wavelet_ml_haar_l2,P53_T1,ensemble,80,0.5958445040214477,22,9,11,2,7,0
val,wavelet_ml_haar_l3,P42_T1,single,0,0.8767387214916159,38.0,19.333333333333332,35.333333333333336,1.0,20.0,3.3333333333333335
val,wavelet_ml_haar_l3,P42_T1,ensemble,0,0.8780456739648211,38,20,36,1,20,4
val,wavelet_ml_haar_l3,P42_T1,ensemble,5,0.8780394604440255,38,20,36,1,20,4
val,wavelet_ml_haar_l3,P42_T1,ensemble,10,0.8777821661082162,38,18,33,1,20,2
val,wavelet_ml_haar_l3,P42_T1,ensemble,20,0.8772359278383375,38,16,28,1,20,1
val,wavelet_ml_haar_l3,P42_T1,ensemble,30,0.8773138403051527,38,15,26,0,20,0
val,wavelet_ml_haar_l3,P42_T1,ensemble,50,0.8744722769490572,38,10,20,0,20,0
val,wavelet_ml_haar_l3,P42_T1,ensemble,80,0.8709266900620879,38,6,14,0,20,0
val,wavelet_ml_haar_l2,P52_T2,single,0,0.6838054335091736,14.0,9.666666666666666,20.0,10.333333333333334,1.0,0.0
val,wavelet_ml_haar_l2,P52_T2,ensemble,0,0.6839669421487603,14,9,13,4,1,0
val,wavelet_ml_haar_l2,P52_T2,ensemble,5,0.6840800132253265,14,9,13,4,1,0
val,wavelet_ml_haar_l2,P52_T2,ensemble,10,0.6847592255502234,14,9,12,3,1,0
val,wavelet_ml_haar_l2,P52_T2,ensemble,20,0.6847592255502234,14,9,12,3,1,0
val,wavelet_ml_haar_l2,P52_T2,ensemble,30,0.6847592255502234,14,9,12,3,1,0
val,wavelet_ml_haar_l2,P52_T2,ensemble,50,0.6755525560992071,14,7,9,2,1,0
val,wavelet_ml_haar_l2,P52_T2,ensemble,80,0.6755525560992071,14,7,9,2,1,0
val,wavelet_ml_haar_l3,P43_T1,single,0,0.7491498428234804,31.0,18.666666666666668,36.0,4.0,14.0,4.0
val,wavelet_ml_haar_l3,P43_T1,ensemble,0,0.7557354925775979,31,18,31,2,14,3
val,wavelet_ml_haar_l3,P43_T1,ensemble,5,0.7555681858548542,31,18,31,2,14,3
val,wavelet_ml_haar_l3,P43_T1,ensemble,10,0.7555681858548542,31,18,31,2,14,3
val,wavelet_ml_haar_l3,P43_T1,ensemble,20,0.7536489854040583,31,15,27,2,14,0
val,wavelet_ml_haar_l3,P43_T1,ensemble,30,0.7516994633273703,31,12,21,0,14,0
val,wavelet_ml_haar_l3,P43_T1,ensemble,50,0.7487083811710677,31,12,19,0,14,0
val,wavelet_ml_haar_l3,P43_T1,ensemble,80,0.7386754535250027,31,9,15,0,14,0
val,wavelet_ml_haar_l3,P46_T1,single,0,0.8444395629417185,27.0,22.666666666666668,26.0,3.3333333333333335,7.0,3.6666666666666665
val,wavelet_ml_haar_l3,P46_T1,ensemble,0,0.8500656455142231,27,23,26,3,7,4
val,wavelet_ml_haar_l3,P46_T1,ensemble,5,0.8501400560224089,27,23,26,3,7,4
val,wavelet_ml_haar_l3,P46_T1,ensemble,10,0.8501400560224089,27,23,26,3,7,4
val,wavelet_ml_haar_l3,P46_T1,ensemble,20,0.8508510264958765,27,22,24,2,7,3
val,wavelet_ml_haar_l3,P46_T1,ensemble,30,0.844652477258677,27,19,21,2,7,1
val,wavelet_ml_haar_l3,P46_T1,ensemble,50,0.8361713568739918,27,16,17,1,7,1
val,wavelet_ml_haar_l3,P46_T1,ensemble,80,0.8208252561617281,27,11,11,0,7,0
val,wavelet_ml_haar_l3,P44_T1,single,0,0.722955716588967,10.0,9.666666666666666,38.333333333333336,27.333333333333332,1.0,0.6666666666666666
val,wavelet_ml_haar_l3,P44_T1,ensemble,0,0.7332265171239736,10,10,40,29,1,1
val,wavelet_ml_haar_l3,P44_T1,ensemble,5,0.7342559165663859,10,10,36,25,1,1
val,wavelet_ml_haar_l3,P44_T1,ensemble,10,0.7372872822475078,10,10,30,19,1,1
val,wavelet_ml_haar_l3,P44_T1,ensemble,20,0.7434257285003554,10,10,24,13,1,1
val,wavelet_ml_haar_l3,P44_T1,ensemble,30,0.7466857026310422,10,10,22,11,1,1
val,wavelet_ml_haar_l3,P44_T1,ensemble,50,0.7577717504694346,10,9,17,7,1,0
val,wavelet_ml_haar_l3,P44_T1,ensemble,80,0.7532439446366782,10,7,12,5,1,0
val,wavelet_ml_haar_l3,P45_T1,single,0,0.8356532020289454,14.0,11.0,20.666666666666668,9.666666666666666,4.0,2.0
val,wavelet_ml_haar_l3,P45_T1,ensemble,0,0.8496894409937888,14,11,18,7,4,2
val,wavelet_ml_haar_l3,P45_T1,ensemble,5,0.8498561339262359,14,11,18,7,4,2
val,wavelet_ml_haar_l3,P45_T1,ensemble,10,0.8510805500982318,14,11,15,4,4,2
val,wavelet_ml_haar_l3,P45_T1,ensemble,20,0.8518057285180572,14,11,14,3,4,2
val,wavelet_ml_haar_l3,P45_T1,ensemble,30,0.8515891778303126,14,10,13,3,4,1
val,wavelet_ml_haar_l3,P45_T1,ensemble,50,0.8538522637013503,14,9,10,1,4,0
val,wavelet_ml_haar_l3,P45_T1,ensemble,80,0.8525700624252889,14,8,9,1,4,0
val,wavelet_ml_haar_l3,P47_T1,single,0,0.8448951298094146,53.0,37.0,46.666666666666664,5.333333333333333,20.0,8.0
val,wavelet_ml_haar_l3,P47_T1,ensemble,0,0.8463162177971059,53,37,44,3,20,8
val,wavelet_ml_haar_l3,P47_T1,ensemble,5,0.8462497138642318,53,37,44,3,20,8
val,wavelet_ml_haar_l3,P47_T1,ensemble,10,0.8461871199206127,53,36,42,2,20,7
val,wavelet_ml_haar_l3,P47_T1,ensemble,20,0.8452972504650511,53,34,38,1,20,5
val,wavelet_ml_haar_l3,P47_T1,ensemble,30,0.8452972504650511,53,34,38,1,20,5
val,wavelet_ml_haar_l3,P47_T1,ensemble,50,0.8398188182005353,53,25,28,0,20,1
val,wavelet_ml_haar_l3,P47_T1,ensemble,80,0.8319883754119204,53,22,23,0,20,0
val,wavelet_ml_haar_l3,P48_T1,single,0,0.7229497659561158,42.0,33.333333333333336,51.0,14.666666666666666,15.0,10.0
val,wavelet_ml_haar_l3,P48_T1,ensemble,0,0.7313272434175174,42,35,53,15,15,11
val,wavelet_ml_haar_l3,P48_T1,ensemble,5,0.7305174423818491,42,33,49,14,15,10
val,wavelet_ml_haar_l3,P48_T1,ensemble,10,0.730124391563007,42,30,42,10,15,8
val,wavelet_ml_haar_l3,P48_T1,ensemble,20,0.7287383389185762,42,28,38,8,15,6
val,wavelet_ml_haar_l3,P48_T1,ensemble,30,0.7296998711102928,42,25,31,4,15,4
val,wavelet_ml_haar_l3,P48_T1,ensemble,50,0.7215909090909091,42,21,23,1,15,2
val,wavelet_ml_haar_l3,P48_T1,ensemble,80,0.6670043561949144,42,11,12,1,15,0
val,wavelet_ml_haar_l3,P50_T1,single,0,0.7374412522026752,45.0,32.0,45.0,10.0,14.0,3.3333333333333335
val,wavelet_ml_haar_l3,P50_T1,ensemble,0,0.7390525801725542,45,32,47,11,14,3
val,wavelet_ml_haar_l3,P50_T1,ensemble,5,0.7386653635228322,45,32,45,10,14,3
val,wavelet_ml_haar_l3,P50_T1,ensemble,10,0.739168299586327,45,30,39,6,14,2
val,wavelet_ml_haar_l3,P50_T1,ensemble,20,0.7380692961429506,45,29,38,6,14,1
val,wavelet_ml_haar_l3,P50_T1,ensemble,30,0.7364861179294169,45,28,37,6,14,1
val,wavelet_ml_haar_l3,P50_T1,ensemble,50,0.715001112842199,45,21,28,6,14,1
val,wavelet_ml_haar_l3,P50_T1,ensemble,80,0.7013988831961315,45,15,19,3,14,0
val,wavelet_ml_haar_l3,P49_T1,single,0,0.8336270983748783,29.0,20.0,32.0,3.3333333333333335,6.0,2.6666666666666665
val,wavelet_ml_haar_l3,P49_T1,ensemble,0,0.8375297829866701,29,20,31,3,6,3
val,wavelet_ml_haar_l3,P49_T1,ensemble,5,0.8374549201442555,29,20,31,3,6,3
val,wavelet_ml_haar_l3,P49_T1,ensemble,10,0.8374549201442555,29,20,31,3,6,3
val,wavelet_ml_haar_l3,P49_T1,ensemble,20,0.8374085886408299,29,18,29,3,6,2
val,wavelet_ml_haar_l3,P49_T1,ensemble,30,0.838043040219231,29,18,27,1,6,2
val,wavelet_ml_haar_l3,P49_T1,ensemble,50,0.8340410359469709,29,13,19,0,6,1
val,wavelet_ml_haar_l3,P49_T1,ensemble,80,0.8317459285505315,29,10,16,0,6,1
val,wavelet_ml_haar_l3,P49_T2,single,0,0.6117520328567072,19.0,17.666666666666668,35.0,12.0,0.0,0.0
val,wavelet_ml_haar_l3,P49_T2,ensemble,0,0.625809029165002,19,18,32,8,0,0
val,wavelet_ml_haar_l3,P49_T2,ensemble,5,0.6257796257796258,19,18,31,8,0,0
val,wavelet_ml_haar_l3,P49_T2,ensemble,10,0.6264809478065962,19,18,29,6,0,0
val,wavelet_ml_haar_l3,P49_T2,ensemble,20,0.6270886889460154,19,17,25,3,0,0
val,wavelet_ml_haar_l3,P49_T2,ensemble,30,0.6217222402071868,19,16,21,2,0,0
val,wavelet_ml_haar_l3,P49_T2,ensemble,50,0.6115055079559364,19,13,18,2,0,0
val,wavelet_ml_haar_l3,P49_T2,ensemble,80,0.6031613280923308,19,12,13,0,0,0
val,wavelet_ml_haar_l3,P50_T2,single,0,0.7878906043694881,40.0,31.666666666666668,46.333333333333336,7.0,12.0,5.0
val,wavelet_ml_haar_l3,P50_T2,ensemble,0,0.8278089203022179,40,32,45,6,12,5
val,wavelet_ml_haar_l3,P50_T2,ensemble,5,0.8277879341864717,40,32,43,5,12,5
val,wavelet_ml_haar_l3,P50_T2,ensemble,10,0.8277879341864717,40,32,43,5,12,5
val,wavelet_ml_haar_l3,P50_T2,ensemble,20,0.8273852210134424,40,29,36,2,12,3
val,wavelet_ml_haar_l3,P50_T2,ensemble,30,0.8257965920379002,40,25,32,2,12,2
val,wavelet_ml_haar_l3,P50_T2,ensemble,50,0.8240902541463564,40,22,27,1,12,0
val,wavelet_ml_haar_l3,P50_T2,ensemble,80,0.818926745117368,40,19,22,1,12,0
val,wavelet_ml_haar_l3,P51_T1,single,0,0.8172697776739715,42.0,28.333333333333332,42.666666666666664,11.0,14.0,4.333333333333333
val,wavelet_ml_haar_l3,P51_T1,ensemble,0,0.8222972972972973,42,27,42,12,14,4
val,wavelet_ml_haar_l3,P51_T1,ensemble,5,0.8223582885691747,42,26,38,9,14,4
val,wavelet_ml_haar_l3,P51_T1,ensemble,10,0.8223582885691747,42,26,38,9,14,4
val,wavelet_ml_haar_l3,P51_T1,ensemble,20,0.8213329310149737,42,23,31,6,14,2
val,wavelet_ml_haar_l3,P51_T1,ensemble,30,0.8180645161290323,42,18,24,4,14,1
val,wavelet_ml_haar_l3,P51_T1,ensemble,50,0.8151676829268293,42,15,21,4,14,0
val,wavelet_ml_haar_l3,P51_T1,ensemble,80,0.8063101192766449,42,12,17,4,14,0
val,wavelet_ml_haar_l3,P51_T2,single,0,0.793528185100703,33.0,23.666666666666668,36.333333333333336,10.333333333333334,8.0,1.6666666666666667
val,wavelet_ml_haar_l3,P51_T2,ensemble,0,0.7969704373320303,33,24,34,10,8,2
val,wavelet_ml_haar_l3,P51_T2,ensemble,5,0.7969947775096967,33,24,34,10,8,2
val,wavelet_ml_haar_l3,P51_T2,ensemble,10,0.7972621994072173,33,23,32,9,8,1
val,wavelet_ml_haar_l3,P51_T2,ensemble,20,0.7965246122311622,33,22,29,8,8,1
val,wavelet_ml_haar_l3,P51_T2,ensemble,30,0.7970366742178412,33,22,28,7,8,1
val,wavelet_ml_haar_l3,P51_T2,ensemble,50,0.7905595595285966,33,15,20,6,8,1
val,wavelet_ml_haar_l3,P51_T2,ensemble,80,0.7931260331222905,33,14,16,3,8,1
val,wavelet_ml_sym4_l1,P41_T1,single,0,0.5763137225297018,10.0,9.0,14.0,5.0,1.0,0.3333333333333333
val,wavelet_ml_sym4_l1,P41_T1,ensemble,0,0.5954730121880442,10,9,13,4,1,0
val,wavelet_ml_sym4_l1,P41_T1,ensemble,5,0.5958188153310104,10,9,13,4,1,0
val,wavelet_ml_sym4_l1,P41_T1,ensemble,10,0.5979020979020979,10,9,12,3,1,0
val,wavelet_ml_sym4_l1,P41_T1,ensemble,20,0.5895610913404508,10,8,10,2,1,0
val,wavelet_ml_sym4_l1,P41_T1,ensemble,30,0.5754428833231521,10,7,8,1,1,0
val,wavelet_ml_sym4_l1,P41_T1,ensemble,50,0.553686934023286,10,6,6,0,1,0
val,wavelet_ml_sym4_l1,P41_T1,ensemble,80,0.4809590973201692,10,4,4,0,1,0
val,wavelet_ml_haar_l3,P52_T1,single,0,0.7864538467933048,25.0,24.666666666666668,30.333333333333332,5.666666666666667,7.0,6.666666666666667
val,wavelet_ml_haar_l3,P52_T1,ensemble,0,0.793463458919655,25,25,29,4,7,7
val,wavelet_ml_haar_l3,P52_T1,ensemble,5,0.7945454545454546,25,25,27,2,7,7
val,wavelet_ml_haar_l3,P52_T1,ensemble,10,0.7928994082840237,25,24,26,2,7,6
val,wavelet_ml_haar_l3,P52_T1,ensemble,20,0.789908256880734,25,22,23,1,7,5
val,wavelet_ml_haar_l3,P52_T1,ensemble,30,0.7819875776397516,25,19,19,0,7,3
val,wavelet_ml_haar_l3,P52_T1,ensemble,50,0.7573587907716786,25,15,15,0,7,1
val,wavelet_ml_haar_l3,P52_T1,ensemble,80,0.7354923557455203,25,12,12,0,7,0
val,wavelet_ml_haar_l3,P53_T2,single,0,0.6628281868351245,23.0,18.0,21.666666666666668,2.0,7.0,3.6666666666666665
val,wavelet_ml_haar_l3,P53_T2,ensemble,0,0.6741793238608526,23,19,22,1,7,4
val,wavelet_ml_haar_l3,P53_T2,ensemble,5,0.6741793238608526,23,19,22,1,7,4
val,wavelet_ml_haar_l3,P53_T2,ensemble,10,0.6726618705035972,23,18,21,1,7,4
val,wavelet_ml_haar_l3,P53_T2,ensemble,20,0.6700524246395806,23,17,20,1,7,3
val,wavelet_ml_haar_l3,P53_T2,ensemble,30,0.6589518928748553,23,15,18,1,7,2
val,wavelet_ml_haar_l3,P53_T2,ensemble,50,0.6421484775915156,23,11,13,0,7,0
val,wavelet_ml_haar_l3,P53_T2,ensemble,80,0.5876010781671159,23,7,8,0,7,0
val,wavelet_ml_haar_l3,P52_T2,single,0,0.6858202651616957,14.0,10.333333333333334,24.0,13.666666666666666,1.0,0.0
val,wavelet_ml_haar_l3,P52_T2,ensemble,0,0.721606648199446,14,11,24,13,1,0
val,wavelet_ml_haar_l3,P52_T2,ensemble,5,0.7242397914856646,14,11,18,7,1,0
val,wavelet_ml_haar_l3,P52_T2,ensemble,10,0.7220960698689957,14,9,14,5,1,0
val,wavelet_ml_haar_l3,P52_T2,ensemble,20,0.7245005257623555,14,9,13,4,1,0
val,wavelet_ml_haar_l3,P52_T2,ensemble,30,0.7245005257623555,14,9,13,4,1,0
val,wavelet_ml_haar_l3,P52_T2,ensemble,50,0.7084294587400177,14,7,11,4,1,0
val,wavelet_ml_haar_l3,P52_T2,ensemble,80,0.7161822748475063,14,7,10,3,1,0
val,wavelet_ml_sym4_l1,P42_T1,single,0,0.85808466755242,38.0,17.0,30.0,0.6666666666666666,20.0,1.6666666666666667
val,wavelet_ml_sym4_l1,P42_T1,ensemble,0,0.8595337562535458,38,16,26,0,20,1
val,wavelet_ml_sym4_l1,P42_T1,ensemble,5,0.8595228884590587,38,16,26,0,20,1
val,wavelet_ml_sym4_l1,P42_T1,ensemble,10,0.8595228884590587,38,16,26,0,20,1
val,wavelet_ml_sym4_l1,P42_T1,ensemble,20,0.8583893743626811,38,13,21,0,20,1
val,wavelet_ml_sym4_l1,P42_T1,ensemble,30,0.8579618821341873,38,12,20,0,20,1
val,wavelet_ml_sym4_l1,P42_T1,ensemble,50,0.8563962588774044,38,8,16,0,20,0
val,wavelet_ml_sym4_l1,P42_T1,ensemble,80,0.8527979429372882,38,6,11,0,20,0
val,wavelet_ml_haar_l3,P53_T1,single,0,0.5902630344035186,22.0,15.333333333333334,24.0,9.0,7.0,3.0
val,wavelet_ml_haar_l3,P53_T1,ensemble,0,0.5945352792713706,22,15,23,8,7,3
val,wavelet_ml_haar_l3,P53_T1,ensemble,5,0.5948616600790514,22,15,22,7,7,3
val,wavelet_ml_haar_l3,P53_T1,ensemble,10,0.5940833608270097,22,14,20,6,7,3
val,wavelet_ml_haar_l3,P53_T1,ensemble,20,0.5954585537918872,22,14,18,4,7,3
val,wavelet_ml_haar_l3,P53_T1,ensemble,30,0.5990906066319175,22,14,16,2,7,3
val,wavelet_ml_haar_l3,P53_T1,ensemble,50,0.5937569676700112,22,13,15,2,7,3
val,wavelet_ml_haar_l3,P53_T1,ensemble,80,0.5778336955278508,22,9,11,2,7,0
val,wavelet_ml_sym4_l1,P46_T1,single,0,0.8323754763516537,27.0,21.0,24.0,2.3333333333333335,7.0,2.6666666666666665
val,wavelet_ml_sym4_l1,P46_T1,ensemble,0,0.8436180723973772,27,21,24,2,7,3
val,wavelet_ml_sym4_l1,P46_T1,ensemble,5,0.843769652322343,27,21,24,2,7,3
val,wavelet_ml_sym4_l1,P46_T1,ensemble,10,0.8438962909614692,27,20,21,0,7,2
val,wavelet_ml_sym4_l1,P46_T1,ensemble,20,0.8438962909614692,27,20,21,0,7,2
val,wavelet_ml_sym4_l1,P46_T1,ensemble,30,0.8363240891789016,27,17,18,0,7,1
val,wavelet_ml_sym4_l1,P46_T1,ensemble,50,0.833484820941647,27,16,17,0,7,1
val,wavelet_ml_sym4_l1,P46_T1,ensemble,80,0.8113049155862326,27,11,12,0,7,0
val,wavelet_ml_sym4_l1,P44_T1,single,0,0.6895397728730169,10.0,10.0,31.666666666666668,21.333333333333332,1.0,1.0
val,wavelet_ml_sym4_l1,P44_T1,ensemble,0,0.7248429241049167,10,10,28,17,1,1
val,wavelet_ml_sym4_l1,P44_T1,ensemble,5,0.7254216987723325,10,10,27,16,1,1
val,wavelet_ml_sym4_l1,P44_T1,ensemble,10,0.7265820253923823,10,10,25,14,1,1
val,wavelet_ml_sym4_l1,P44_T1,ensemble,20,0.7275275275275275,10,10,24,13,1,1
val,wavelet_ml_sym4_l1,P44_T1,ensemble,30,0.7294259333600963,10,10,23,12,1,1
val,wavelet_ml_sym4_l1,P44_T1,ensemble,50,0.7418293936279547,10,10,17,7,1,1
val,wavelet_ml_sym4_l1,P44_T1,ensemble,80,0.7389507154213036,10,7,12,5,1,0
val,wavelet_ml_sym4_l1,P43_T1,single,0,0.7313899166183715,31.0,15.666666666666666,29.666666666666668,2.3333333333333335,14.0,2.0
val,wavelet_ml_sym4_l1,P43_T1,ensemble,0,0.7464057366915116,31,16,31,3,14,2
val,wavelet_ml_sym4_l1,P43_T1,ensemble,5,0.7464131740759065,31,16,28,1,14,2
val,wavelet_ml_sym4_l1,P43_T1,ensemble,10,0.7453754465391009,31,14,25,1,14,1
val,wavelet_ml_sym4_l1,P43_T1,ensemble,20,0.7441959380427462,31,12,21,0,14,0
val,wavelet_ml_sym4_l1,P43_T1,ensemble,30,0.7441959380427462,31,12,21,0,14,0
val,wavelet_ml_sym4_l1,P43_T1,ensemble,50,0.7363649343232439,31,10,16,0,14,0
val,wavelet_ml_sym4_l1,P43_T1,ensemble,80,0.7250981663604597,31,7,12,0,14,0
val,wavelet_ml_sym4_l1,P45_T1,single,0,0.8166162963856812,14.0,11.0,22.666666666666668,11.666666666666666,4.0,2.0
val,wavelet_ml_sym4_l1,P45_T1,ensemble,0,0.8490690611382543,14,11,20,9,4,2
val,wavelet_ml_sym4_l1,P45_T1,ensemble,5,0.8494055482166446,14,11,19,8,4,2
val,wavelet_ml_sym4_l1,P45_T1,ensemble,10,0.8508667460632526,14,11,16,5,4,2
val,wavelet_ml_sym4_l1,P45_T1,ensemble,20,0.8517584605175846,14,10,13,3,4,1
val,wavelet_ml_sym4_l1,P45_T1,ensemble,30,0.8532305237968625,14,10,12,2,4,1
val,wavelet_ml_sym4_l1,P45_T1,ensemble,50,0.8514099060062662,14,9,11,2,4,0
val,wavelet_ml_sym4_l1,P45_T1,ensemble,80,0.8505023442732753,14,8,10,2,4,0
val,wavelet_ml_sym4_l1,P47_T1,single,0,0.8346061459406592,53.0,35.0,42.333333333333336,3.0,20.0,6.666666666666667
val,wavelet_ml_sym4_l1,P47_T1,ensemble,0,0.8369992043733798,53,34,43,4,20,6
val,wavelet_ml_sym4_l1,P47_T1,ensemble,5,0.8370206868230584,53,34,43,4,20,6
val,wavelet_ml_sym4_l1,P47_T1,ensemble,10,0.8370098353920032,53,34,40,2,20,6
val,wavelet_ml_sym4_l1,P47_T1,ensemble,20,0.8359513587166105,53,31,37,2,20,4
val,wavelet_ml_sym4_l1,P47_T1,ensemble,30,0.8346505341742824,53,29,35,2,20,3
val,wavelet_ml_sym4_l1,P47_T1,ensemble,50,0.8315358290988282,53,23,27,0,20,0
val,wavelet_ml_sym4_l1,P47_T1,ensemble,80,0.8223785734836397,53,20,22,0,20,0
val,wavelet_ml_sym4_l1,P48_T1,single,0,0.7035514415727947,42.0,28.0,38.0,8.0,15.0,6.666666666666667
val,wavelet_ml_sym4_l1,P48_T1,ensemble,0,0.705228248146703,42,28,37,8,15,6
val,wavelet_ml_sym4_l1,P48_T1,ensemble,5,0.7053196681307955,42,28,36,7,15,6
val,wavelet_ml_sym4_l1,P48_T1,ensemble,10,0.7053073990812238,42,27,34,6,15,6
val,wavelet_ml_sym4_l1,P48_T1,ensemble,20,0.7056727056727057,42,24,26,1,15,4
val,wavelet_ml_sym4_l1,P48_T1,ensemble,30,0.6972294199720949,42,21,23,1,15,2
val,wavelet_ml_sym4_l1,P48_T1,ensemble,50,0.6794871794871795,42,17,18,1,15,0
val,wavelet_ml_sym4_l1,P48_T1,ensemble,80,0.631926683716965,42,10,11,1,15,0
val,wavelet_ml_sym4_l1,P50_T1,single,0,0.7466167118096297,45.0,30.0,38.666666666666664,5.333333333333333,14.0,2.0
val,wavelet_ml_sym4_l1,P50_T1,ensemble,0,0.7518240106124254,45,29,38,5,14,2
val,wavelet_ml_sym4_l1,P50_T1,ensemble,5,0.7516170048095527,45,29,38,5,14,2
val,wavelet_ml_sym4_l1,P50_T1,ensemble,10,0.7510646535036779,45,28,37,5,14,1
val,wavelet_ml_sym4_l1,P50_T1,ensemble,20,0.7486423584173778,45,26,35,5,14,1
val,wavelet_ml_sym4_l1,P50_T1,ensemble,30,0.7441288302393201,45,22,29,3,14,1
val,wavelet_ml_sym4_l1,P50_T1,ensemble,50,0.7346127640245287,45,19,22,1,14,0
val,wavelet_ml_sym4_l1,P50_T1,ensemble,80,0.7248923341946598,45,16,19,1,14,0
val,wavelet_ml_sym4_l1,P49_T1,single,0,0.8236513008447858,29.0,18.333333333333332,28.333333333333332,2.0,6.0,1.6666666666666667
val,wavelet_ml_sym4_l1,P49_T1,ensemble,0,0.8267073586467752,29,19,30,1,6,2
val,wavelet_ml_sym4_l1,P49_T1,ensemble,5,0.8266580079551912,29,18,29,1,6,1
val,wavelet_ml_sym4_l1,P49_T1,ensemble,10,0.8266030168704435,29,18,28,1,6,1
val,wavelet_ml_sym4_l1,P49_T1,ensemble,20,0.826183708275806,29,17,26,1,6,1
val,wavelet_ml_sym4_l1,P49_T1,ensemble,30,0.8253875307015404,29,14,22,0,6,0
val,wavelet_ml_sym4_l1,P49_T1,ensemble,50,0.819664088180941,29,8,14,0,6,0
val,wavelet_ml_sym4_l1,P49_T1,ensemble,80,0.819664088180941,29,8,14,0,6,0
val,wavelet_ml_sym4_l1,P49_T2,single,0,0.5387371494538299,19.0,15.666666666666666,32.0,11.333333333333334,0.0,0.0
val,wavelet_ml_sym4_l1,P49_T2,ensemble,0,0.558359893186321,19,16,31,8,0,0
val,wavelet_ml_sym4_l1,P49_T2,ensemble,5,0.5584404381954627,19,16,28,6,0,0
val,wavelet_ml_sym4_l1,P49_T2,ensemble,10,0.5584404381954627,19,16,28,6,0,0
val,wavelet_ml_sym4_l1,P49_T2,ensemble,20,0.5499045304634612,19,13,23,6,0,0
val,wavelet_ml_sym4_l1,P49_T2,ensemble,30,0.5498035792230467,19,12,20,4,0,0
val,wavelet_ml_sym4_l1,P49_T2,ensemble,50,0.5423094070441373,19,11,14,1,0,0
val,wavelet_ml_sym4_l1,P49_T2,ensemble,80,0.5308364094715045,19,9,12,1,0,0
val,wavelet_ml_sym4_l1,P50_T2,single,0,0.8116419898827817,40.0,29.333333333333332,39.666666666666664,3.6666666666666665,12.0,3.6666666666666665
val,wavelet_ml_sym4_l1,P50_T2,ensemble,0,0.7991135526562207,40,30,41,3,12,4
val,wavelet_ml_sym4_l1,P50_T2,ensemble,5,0.7990385065634414,40,29,39,2,12,4
val,wavelet_ml_sym4_l1,P50_T2,ensemble,10,0.7988135196315667,40,27,37,2,12,3
val,wavelet_ml_sym4_l1,P50_T2,ensemble,20,0.7983245811452864,40,25,33,1,12,2
val,wavelet_ml_sym4_l1,P50_T2,ensemble,30,0.797879825507763,40,24,32,1,12,2
val,wavelet_ml_sym4_l1,P50_T2,ensemble,50,0.7951444433988896,40,20,27,1,12,0
val,wavelet_ml_sym4_l1,P50_T2,ensemble,80,0.7883548545147065,40,16,20,1,12,0
val,wavelet_ml_sym4_l1,P51_T1,single,0,0.7992229094580878,42.0,24.666666666666668,35.666666666666664,6.333333333333333,14.0,3.3333333333333335
val,wavelet_ml_sym4_l1,P51_T1,ensemble,0,0.8132240523287887,42,25,35,5,14,3
val,wavelet_ml_sym4_l1,P51_T1,ensemble,5,0.8131331047258681,42,25,35,5,14,3
val,wavelet_ml_sym4_l1,P51_T1,ensemble,10,0.8126182965299684,42,24,33,5,14,3
val,wavelet_ml_sym4_l1,P51_T1,ensemble,20,0.8099513507099633,42,20,27,4,14,2
val,wavelet_ml_sym4_l1,P51_T1,ensemble,30,0.8070773991351609,42,17,24,4,14,0
val,wavelet_ml_sym4_l1,P51_T1,ensemble,50,0.802990325417766,42,14,19,3,14,0
val,wavelet_ml_sym4_l1,P51_T1,ensemble,80,0.8005641748942172,42,12,16,2,14,0
val,wavelet_ml_sym4_l1,P52_T1,single,0,0.7513792424425505,25.0,21.333333333333332,23.333333333333332,1.6666666666666667,7.0,5.0
val,wavelet_ml_sym4_l1,P52_T1,ensemble,0,0.7527965968173941,25,21,24,2,7,5
val,wavelet_ml_sym4_l1,P52_T1,ensemble,5,0.7524034672970843,25,21,24,2,7,5
val,wavelet_ml_sym4_l1,P52_T1,ensemble,10,0.7534722222222222,25,21,23,1,7,5
val,wavelet_ml_sym4_l1,P52_T1,ensemble,20,0.7405871091257179,25,17,18,1,7,2
val,wavelet_ml_sym4_l1,P52_T1,ensemble,30,0.7338709677419355,25,15,15,0,7,2
val,wavelet_ml_sym4_l1,P52_T1,ensemble,50,0.727302204928664,25,14,14,0,7,1
val,wavelet_ml_sym4_l1,P52_T1,ensemble,80,0.7052736982643525,25,11,11,0,7,0
val,wavelet_ml_sym4_l1,P51_T2,single,0,0.7784255456913135,33.0,21.0,31.333333333333332,7.333333333333333,8.0,0.6666666666666666
val,wavelet_ml_sym4_l1,P51_T2,ensemble,0,0.7901045162527567,33,22,33,8,8,1
val,wavelet_ml_sym4_l1,P51_T2,ensemble,5,0.790065844147542,33,22,33,8,8,1
val,wavelet_ml_sym4_l1,P51_T2,ensemble,10,0.7901455767077268,33,21,28,5,8,1
val,wavelet_ml_sym4_l1,P51_T2,ensemble,20,0.7896340485583245,33,19,23,3,8,0
val,wavelet_ml_sym4_l1,P51_T2,ensemble,30,0.7893891707881046,33,18,21,2,8,0
val,wavelet_ml_sym4_l1,P51_T2,ensemble,50,0.7834756909486539,33,12,13,0,8,0
val,wavelet_ml_sym4_l1,P51_T2,ensemble,80,0.7807657247037375,33,11,12,0,8,0
val,wavelet_ml_sym4_l1,P53_T2,single,0,0.6077705078108305,23.0,16.333333333333332,19.666666666666668,2.3333333333333335,7.0,3.6666666666666665
val,wavelet_ml_sym4_l1,P53_T2,ensemble,0,0.6030008826125332,23,15,19,3,7,3
val,wavelet_ml_sym4_l1,P53_T2,ensemble,5,0.6025075048560834,23,15,19,3,7,3
val,wavelet_ml_sym4_l1,P53_T2,ensemble,10,0.6043216436415161,23,15,17,1,7,3
val,wavelet_ml_sym4_l1,P53_T2,ensemble,20,0.6021007655332028,23,14,15,0,7,3
val,wavelet_ml_sym4_l1,P53_T2,ensemble,30,0.5809610154125113,23,10,11,0,7,1
val,wavelet_ml_sym4_l1,P53_T2,ensemble,50,0.5462669893874511,23,6,7,0,7,0
val,wavelet_ml_sym4_l1,P53_T2,ensemble,80,0.5462669893874511,23,6,7,0,7,0
val,detail_skip_haar,P41_T1,single,0,0.5617638009122053,10.0,10.0,21.333333333333332,11.333333333333334,1.0,1.0
val,detail_skip_haar,P41_T1,ensemble,0,0.5898070262246413,10,10,19,9,1,1
val,detail_skip_haar,P41_T1,ensemble,5,0.5918570009930486,10,10,18,8,1,1
val,detail_skip_haar,P41_T1,ensemble,10,0.5892946473236619,10,9,16,7,1,0
val,detail_skip_haar,P41_T1,ensemble,20,0.5931520644511581,10,9,15,6,1,0
val,detail_skip_haar,P41_T1,ensemble,30,0.5916666666666667,10,8,12,4,1,0
val,detail_skip_haar,P41_T1,ensemble,50,0.5858810450250139,10,7,9,2,1,0
val,detail_skip_haar,P41_T1,ensemble,80,0.5407503234152652,10,5,5,0,1,0
val,wavelet_ml_sym4_l1,P52_T2,single,0,0.6730471303558416,14.0,9.333333333333334,24.666666666666668,15.333333333333334,1.0,0.0
val,wavelet_ml_sym4_l1,P52_T2,ensemble,0,0.7126272548669406,14,9,21,12,1,0
val,wavelet_ml_sym4_l1,P52_T2,ensemble,5,0.7139276763336914,14,9,18,9,1,0
val,wavelet_ml_sym4_l1,P52_T2,ensemble,10,0.7152080344332855,14,9,16,7,1,0
val,wavelet_ml_sym4_l1,P52_T2,ensemble,20,0.718817591925018,14,9,14,5,1,0
val,wavelet_ml_sym4_l1,P52_T2,ensemble,30,0.713971397139714,14,7,10,3,1,0
val,wavelet_ml_sym4_l1,P52_T2,ensemble,50,0.713971397139714,14,7,10,3,1,0
val,wavelet_ml_sym4_l1,P52_T2,ensemble,80,0.6945288753799392,14,5,7,2,1,0
val,detail_skip_haar,P42_T1,single,0,0.8646428353904079,38.0,18.0,32.666666666666664,1.3333333333333333,20.0,2.6666666666666665
val,detail_skip_haar,P42_T1,ensemble,0,0.8648523510649244,38,17,31,1,20,2
val,detail_skip_haar,P42_T1,ensemble,5,0.8647689121570342,38,17,30,1,20,2
val,detail_skip_haar,P42_T1,ensemble,10,0.8647556802099684,38,17,28,0,20,2
val,detail_skip_haar,P42_T1,ensemble,20,0.8640372902743977,38,14,24,0,20,1
val,detail_skip_haar,P42_T1,ensemble,30,0.8635151327741487,38,12,22,0,20,0
val,detail_skip_haar,P42_T1,ensemble,50,0.8610809693587558,38,7,17,0,20,0
val,detail_skip_haar,P42_T1,ensemble,80,0.8569946170309358,38,6,12,0,20,0
val,wavelet_ml_sym4_l1,P53_T1,single,0,0.5675513738788777,22.0,15.333333333333334,25.0,10.0,7.0,3.3333333333333335
val,wavelet_ml_sym4_l1,P53_T1,ensemble,0,0.6009615384615384,22,15,21,6,7,3
val,wavelet_ml_sym4_l1,P53_T1,ensemble,5,0.6007787448465415,22,15,21,6,7,3
val,wavelet_ml_sym4_l1,P53_T1,ensemble,10,0.6018125501892853,22,15,19,4,7,3
val,wavelet_ml_sym4_l1,P53_T1,ensemble,20,0.6027113970588235,22,15,18,3,7,3
val,wavelet_ml_sym4_l1,P53_T1,ensemble,30,0.6027113970588235,22,15,18,3,7,3
val,wavelet_ml_sym4_l1,P53_T1,ensemble,50,0.5853658536585366,22,12,15,3,7,1
val,wavelet_ml_sym4_l1,P53_T1,ensemble,80,0.5694225880643989,22,8,10,2,7,0
val,detail_skip_haar,P43_T1,single,0,0.7497031310984181,31.0,20.666666666666668,38.333333333333336,6.0,14.0,4.666666666666667
val,detail_skip_haar,P43_T1,ensemble,0,0.7532131880413523,31,21,39,5,14,5
val,detail_skip_haar,P43_T1,ensemble,5,0.752411575562701,31,17,34,5,14,2
val,detail_skip_haar,P43_T1,ensemble,10,0.7525098821142477,31,16,30,2,14,1
val,detail_skip_haar,P43_T1,ensemble,20,0.7506226540849615,31,15,25,1,14,1
val,detail_skip_haar,P43_T1,ensemble,30,0.7488228266216881,31,13,23,1,14,0
val,detail_skip_haar,P43_T1,ensemble,50,0.7455583756345178,31,12,21,1,14,0
val,detail_skip_haar,P43_T1,ensemble,80,0.7278911564625851,31,7,14,1,14,0
val,detail_skip_haar,P46_T1,single,0,0.811353783553641,27.0,23.333333333333332,29.0,4.666666666666667,7.0,4.0
val,detail_skip_haar,P46_T1,ensemble,0,0.8196109778843592,27,23,29,5,7,4
val,detail_skip_haar,P46_T1,ensemble,5,0.8200479872034124,27,23,27,3,7,4
val,detail_skip_haar,P46_T1,ensemble,10,0.8200479872034124,27,23,27,3,7,4
val,detail_skip_haar,P46_T1,ensemble,20,0.8189662841384219,27,22,26,3,7,3
val,detail_skip_haar,P46_T1,ensemble,30,0.8153571428571429,27,20,24,3,7,2
val,detail_skip_haar,P46_T1,ensemble,50,0.8007628042135851,27,15,19,3,7,0
val,detail_skip_haar,P46_T1,ensemble,80,0.7930327868852459,27,12,14,1,7,0
val,detail_skip_haar,P47_T1,single,0,0.8404642752801399,53.0,38.333333333333336,46.333333333333336,4.666666666666667,20.0,8.333333333333334
val,detail_skip_haar,P47_T1,ensemble,0,0.842938374058706,53,40,46,3,20,9
val,detail_skip_haar,P47_T1,ensemble,5,0.8427012348209253,53,38,44,3,20,8
val,detail_skip_haar,P47_T1,ensemble,10,0.8424236210785319,53,36,41,2,20,7
val,detail_skip_haar,P47_T1,ensemble,20,0.8415699167779719,53,33,35,0,20,5
val,detail_skip_haar,P47_T1,ensemble,30,0.8400792527596943,53,30,32,0,20,3
val,detail_skip_haar,P47_T1,ensemble,50,0.8334716315734882,53,23,24,0,20,0
val,detail_skip_haar,P47_T1,ensemble,80,0.831315283479707,53,22,23,0,20,0
val,detail_skip_haar,P44_T1,single,0,0.6905701229057458,10.0,10.0,34.666666666666664,23.0,1.0,1.0
val,detail_skip_haar,P44_T1,ensemble,0,0.7091100277220151,10,10,32,20,1,1
val,detail_skip_haar,P44_T1,ensemble,5,0.7096341696992913,10,10,28,17,1,1
val,detail_skip_haar,P44_T1,ensemble,10,0.7112689575734306,10,10,25,14,1,1
val,detail_skip_haar,P44_T1,ensemble,20,0.7144923343939832,10,10,22,11,1,1
val,detail_skip_haar,P44_T1,ensemble,30,0.7163573085846868,10,10,21,10,1,1
val,detail_skip_haar,P44_T1,ensemble,50,0.7248361537709087,10,10,18,7,1,1
val,detail_skip_haar,P44_T1,ensemble,80,0.707775877678302,10,7,14,7,1,0
val,detail_skip_haar,P48_T1,single,0,0.7230432301099885,42.0,29.0,40.666666666666664,10.333333333333334,15.0,7.666666666666667
val,detail_skip_haar,P48_T1,ensemble,0,0.7284729637899233,42,29,38,8,15,8
val,detail_skip_haar,P48_T1,ensemble,5,0.7287213369607463,42,29,37,7,15,8
val,detail_skip_haar,P48_T1,ensemble,10,0.7282301316431009,42,26,32,5,15,5
val,detail_skip_haar,P48_T1,ensemble,20,0.7252163650668765,42,23,27,3,15,3
val,detail_skip_haar,P48_T1,ensemble,30,0.7257425742574257,42,22,24,1,15,2
val,detail_skip_haar,P48_T1,ensemble,50,0.7068896051571314,42,18,20,1,15,2
val,detail_skip_haar,P48_T1,ensemble,80,0.6638361108162616,42,11,12,1,15,0
val,detail_skip_haar,P45_T1,single,0,0.7864251980583288,14.0,11.0,25.0,14.0,4.0,2.0
val,detail_skip_haar,P45_T1,ensemble,0,0.8010416020832042,14,11,27,16,4,2
val,detail_skip_haar,P45_T1,ensemble,5,0.8012403100775194,14,11,26,15,4,2
val,detail_skip_haar,P45_T1,ensemble,10,0.8029832193909261,14,11,21,10,4,2
val,detail_skip_haar,P45_T1,ensemble,20,0.8039325493124261,14,11,20,9,4,2
val,detail_skip_haar,P45_T1,ensemble,30,0.8048947992757695,14,10,18,8,4,1
val,detail_skip_haar,P45_T1,ensemble,50,0.810564893213699,14,9,13,4,4,0
val,detail_skip_haar,P45_T1,ensemble,80,0.8172262215710008,14,9,11,2,4,0
val,detail_skip_haar,P49_T1,single,0,0.8342310541911345,29.0,19.0,26.666666666666668,2.6666666666666665,6.0,2.3333333333333335
val,detail_skip_haar,P49_T1,ensemble,0,0.8348906640845639,29,19,29,3,6,2
val,detail_skip_haar,P49_T1,ensemble,5,0.834796642995481,29,19,28,3,6,2
val,detail_skip_haar,P49_T1,ensemble,10,0.8347969264544457,29,19,26,2,6,2
val,detail_skip_haar,P49_T1,ensemble,20,0.8344937884686838,29,17,23,1,6,2
val,detail_skip_haar,P49_T1,ensemble,30,0.8344597872134011,29,16,21,0,6,1
val,detail_skip_haar,P49_T1,ensemble,50,0.832158654547222,29,14,18,0,6,1
val,detail_skip_haar,P49_T1,ensemble,80,0.8303886351445801,29,11,15,0,6,1
val,detail_skip_haar,P50_T1,single,0,0.7420746603825957,45.0,33.0,46.0,9.666666666666666,14.0,3.6666666666666665
val,detail_skip_haar,P50_T1,ensemble,0,0.7453361781279063,45,34,46,10,14,4
val,detail_skip_haar,P50_T1,ensemble,5,0.7455938697318008,45,33,43,8,14,3
val,detail_skip_haar,P50_T1,ensemble,10,0.7462441057133458,45,32,38,4,14,2
val,detail_skip_haar,P50_T1,ensemble,20,0.7449086018554097,45,30,36,4,14,1
val,detail_skip_haar,P50_T1,ensemble,30,0.7366496787059605,45,25,29,3,14,1
val,detail_skip_haar,P50_T1,ensemble,50,0.7250477152801168,45,20,23,2,14,0
val,detail_skip_haar,P50_T1,ensemble,80,0.7069005308100623,45,14,16,1,14,0
val,detail_skip_haar,P49_T2,single,0,0.6116734350937701,19.0,17.666666666666668,42.0,18.333333333333332,0.0,0.0
val,detail_skip_haar,P49_T2,ensemble,0,0.6236274433455339,19,18,38,14,0,0
val,detail_skip_haar,P49_T2,ensemble,5,0.624083606301669,19,18,33,10,0,0
val,detail_skip_haar,P49_T2,ensemble,10,0.6244732324020602,19,18,32,9,0,0
val,detail_skip_haar,P49_T2,ensemble,20,0.6236931058879019,19,16,26,5,0,0
val,detail_skip_haar,P49_T2,ensemble,30,0.6226325757575758,19,15,24,4,0,0
val,detail_skip_haar,P49_T2,ensemble,50,0.6140772807439474,19,14,19,2,0,0
val,detail_skip_haar,P49_T2,ensemble,80,0.6067397613673009,19,13,18,2,0,0
val,detail_skip_haar,P50_T2,single,0,0.845599071139507,40.0,29.666666666666668,43.333333333333336,7.0,12.0,4.0
val,detail_skip_haar,P50_T2,ensemble,0,0.8565441602639362,40,29,41,5,12,4
val,detail_skip_haar,P50_T2,ensemble,5,0.8565568288224016,40,29,41,5,12,4
val,detail_skip_haar,P50_T2,ensemble,10,0.8566586892215302,40,29,40,4,12,4
val,detail_skip_haar,P50_T2,ensemble,20,0.8561230256700081,40,27,38,4,12,2
val,detail_skip_haar,P50_T2,ensemble,30,0.8549504581688148,40,24,33,3,12,2
val,detail_skip_haar,P50_T2,ensemble,50,0.8531157048263904,40,20,27,3,12,0
val,detail_skip_haar,P50_T2,ensemble,80,0.8490221800033172,40,15,18,1,12,0
val,detail_skip_haar,P51_T1,single,0,0.8041745422120264,42.0,26.666666666666668,38.333333333333336,9.333333333333334,14.0,4.0
val,detail_skip_haar,P51_T1,ensemble,0,0.8106351785077466,42,27,38,9,14,4
val,detail_skip_haar,P51_T1,ensemble,5,0.8107979545724818,42,27,36,7,14,4
val,detail_skip_haar,P51_T1,ensemble,10,0.8111455108359134,42,26,32,4,14,4
val,detail_skip_haar,P51_T1,ensemble,20,0.8093419272698337,42,23,28,3,14,2
val,detail_skip_haar,P51_T1,ensemble,30,0.8073182397959183,42,21,26,3,14,1
val,detail_skip_haar,P51_T1,ensemble,50,0.7986276488395561,42,14,18,2,14,0
val,detail_skip_haar,P51_T1,ensemble,80,0.7968775279081055,42,13,17,2,14,0
val,detail_skip_haar,P51_T2,single,0,0.7798570593270346,33.0,23.666666666666668,33.666666666666664,7.333333333333333,8.0,2.6666666666666665
val,detail_skip_haar,P51_T2,ensemble,0,0.780852417302799,33,23,32,7,8,2
val,detail_skip_haar,P51_T2,ensemble,5,0.7807748584515555,33,23,32,7,8,2
val,detail_skip_haar,P51_T2,ensemble,10,0.7806741143893822,33,22,29,6,8,1
val,detail_skip_haar,P51_T2,ensemble,20,0.7806741143893822,33,22,29,6,8,1
val,detail_skip_haar,P51_T2,ensemble,30,0.7798974489633428,33,21,28,6,8,1
val,detail_skip_haar,P51_T2,ensemble,50,0.775692812771573,33,17,20,3,8,1
val,detail_skip_haar,P51_T2,ensemble,80,0.7717373665249424,33,15,16,2,8,1
val,detail_skip_haar,P52_T1,single,0,0.7630944997234663,25.0,24.0,28.666666666666668,4.333333333333333,7.0,6.333333333333333
val,detail_skip_haar,P52_T1,ensemble,0,0.7707016191210486,25,25,29,4,7,7
val,detail_skip_haar,P52_T1,ensemble,5,0.770820481184454,25,25,29,4,7,7
val,detail_skip_haar,P52_T1,ensemble,10,0.7677798392084106,25,23,27,4,7,5
val,detail_skip_haar,P52_T1,ensemble,20,0.7576088653035742,25,19,23,4,7,2
val,detail_skip_haar,P52_T1,ensemble,30,0.7541243654822335,25,17,19,2,7,2
val,detail_skip_haar,P52_T1,ensemble,50,0.7462010992563853,25,15,16,1,7,1
val,detail_skip_haar,P52_T1,ensemble,80,0.7161334240980258,25,11,11,0,7,0
val,detail_skip_plain,P41_T1,single,0,0.5164616051179741,10.0,10.0,18.0,8.0,1.0,1.0
val,detail_skip_plain,P41_T1,ensemble,0,0.5346620450606586,10,10,19,9,1,1
val,detail_skip_plain,P41_T1,ensemble,5,0.5340268747290854,10,10,19,9,1,1
val,detail_skip_plain,P41_T1,ensemble,10,0.5351867940920938,10,10,18,8,1,1
val,detail_skip_plain,P41_T1,ensemble,20,0.5356828193832599,10,9,15,6,1,0
val,detail_skip_plain,P41_T1,ensemble,30,0.5356828193832599,10,9,15,6,1,0
val,detail_skip_plain,P41_T1,ensemble,50,0.5258126195028681,10,7,10,3,1,0
val,detail_skip_plain,P41_T1,ensemble,80,0.5063163213744315,10,6,8,2,1,0
val,detail_skip_haar,P53_T2,single,0,0.7020464988979072,23.0,18.333333333333332,23.333333333333332,4.0,7.0,4.0
val,detail_skip_haar,P53_T2,ensemble,0,0.7019020891799189,23,18,21,2,7,4
val,detail_skip_haar,P53_T2,ensemble,5,0.701310861423221,23,18,21,2,7,4
val,detail_skip_haar,P53_T2,ensemble,10,0.7007664633192554,23,17,19,1,7,4
val,detail_skip_haar,P53_T2,ensemble,20,0.6953506698187549,23,15,16,0,7,3
val,detail_skip_haar,P53_T2,ensemble,30,0.6807968127490039,23,12,13,0,7,1
val,detail_skip_haar,P53_T2,ensemble,50,0.6703225806451613,23,10,11,0,7,0
val,detail_skip_haar,P53_T2,ensemble,80,0.6386781318496038,23,7,7,0,7,0
val,detail_skip_haar,P52_T2,single,0,0.7000050877576373,14.0,10.333333333333334,21.0,10.666666666666666,1.0,0.0
val,detail_skip_haar,P52_T2,ensemble,0,0.7079706434545144,14,10,17,7,1,0
val,detail_skip_haar,P52_T2,ensemble,5,0.7086963950111054,14,10,16,6,1,0
val,detail_skip_haar,P52_T2,ensemble,10,0.7096663815226689,14,10,15,5,1,0
val,detail_skip_haar,P52_T2,ensemble,20,0.7075601374570447,14,9,13,4,1,0
val,detail_skip_haar,P52_T2,ensemble,30,0.7101224349025694,14,9,12,3,1,0
val,detail_skip_haar,P52_T2,ensemble,50,0.6920790347962931,14,7,10,3,1,0
val,detail_skip_haar,P52_T2,ensemble,80,0.6730456761148221,14,5,7,2,1,0
val,detail_skip_plain,P42_T1,single,0,0.8610529882687511,38.0,19.666666666666668,34.666666666666664,1.0,20.0,3.6666666666666665
val,detail_skip_plain,P42_T1,ensemble,0,0.8627073940779815,38,19,34,2,20,3
val,detail_skip_plain,P42_T1,ensemble,5,0.862696690531568,38,18,32,1,20,2
val,detail_skip_plain,P42_T1,ensemble,10,0.8625758737668482,38,18,29,0,20,2
val,detail_skip_plain,P42_T1,ensemble,20,0.8620922852832544,38,16,26,0,20,1
val,detail_skip_plain,P42_T1,ensemble,30,0.8607070772836773,38,12,22,0,20,1
val,detail_skip_plain,P42_T1,ensemble,50,0.8594644650519753,38,10,19,0,20,0
val,detail_skip_plain,P42_T1,ensemble,80,0.8551359001913349,38,6,13,0,20,0
val,detail_skip_plain,P43_T1,single,0,0.7416758470982657,31.0,17.333333333333332,34.0,4.666666666666667,14.0,2.3333333333333335
val,detail_skip_plain,P43_T1,ensemble,0,0.7466752929336496,31,16,33,4,14,1
val,detail_skip_plain,P43_T1,ensemble,5,0.7464500125822339,31,16,33,4,14,1
val,detail_skip_plain,P43_T1,ensemble,10,0.7458969190901238,31,15,28,2,14,1
val,detail_skip_plain,P43_T1,ensemble,20,0.7438070169112609,31,14,25,2,14,0
val,detail_skip_plain,P43_T1,ensemble,30,0.7428818880588935,31,13,24,2,14,0
val,detail_skip_plain,P43_T1,ensemble,50,0.7391761930684086,31,12,20,1,14,0
val,detail_skip_plain,P43_T1,ensemble,80,0.7277542762552879,31,8,14,0,14,0
val,detail_skip_plain,P46_T1,single,0,0.8225322535533475,27.0,23.0,25.0,1.6666666666666667,7.0,4.0
val,detail_skip_plain,P46_T1,ensemble,0,0.8249772105742935,27,23,24,1,7,4
val,detail_skip_plain,P46_T1,ensemble,5,0.8250524204576534,27,23,24,1,7,4
val,detail_skip_plain,P46_T1,ensemble,10,0.8240875912408759,27,22,23,1,7,3
val,detail_skip_plain,P46_T1,ensemble,20,0.8226911482597972,27,21,22,1,7,2
val,detail_skip_plain,P46_T1,ensemble,30,0.8197172755645309,27,19,20,1,7,1
val,detail_skip_plain,P46_T1,ensemble,50,0.810820895522388,27,16,16,0,7,1
val,detail_skip_plain,P46_T1,ensemble,80,0.7886405065720042,27,11,11,0,7,0
val,detail_skip_plain,P44_T1,single,0,0.6932849687881939,10.0,10.0,36.666666666666664,25.666666666666668,1.0,1.0
val,detail_skip_plain,P44_T1,ensemble,0,0.7114184192835878,10,10,32,21,1,1
val,detail_skip_plain,P44_T1,ensemble,5,0.7119915376478507,10,10,30,19,1,1
val,detail_skip_plain,P44_T1,ensemble,10,0.7128827267475448,10,10,28,17,1,1
val,detail_skip_plain,P44_T1,ensemble,20,0.7170249854735619,10,10,24,13,1,1
val,detail_skip_plain,P44_T1,ensemble,30,0.7209347614410906,10,10,22,11,1,1
val,detail_skip_plain,P44_T1,ensemble,50,0.7234707836623021,10,10,21,10,1,1
val,detail_skip_plain,P44_T1,ensemble,80,0.7285496183206107,10,7,14,6,1,0
val,detail_skip_haar,P53_T1,single,0,0.6092901835679654,22.0,17.0,26.0,9.666666666666666,7.0,4.0
val,detail_skip_haar,P53_T1,ensemble,0,0.620916375590713,22,17,22,6,7,4
val,detail_skip_haar,P53_T1,ensemble,5,0.6211716341212744,22,17,22,6,7,4
val,detail_skip_haar,P53_T1,ensemble,10,0.6216827813207159,22,17,21,5,7,4
val,detail_skip_haar,P53_T1,ensemble,20,0.620888751417672,22,16,19,4,7,3
val,detail_skip_haar,P53_T1,ensemble,30,0.620888751417672,22,16,19,4,7,3
val,detail_skip_haar,P53_T1,ensemble,50,0.6203085904920768,22,15,16,2,7,3
val,detail_skip_haar,P53_T1,ensemble,80,0.6152694610778443,22,12,12,1,7,0
val,detail_skip_plain,P45_T1,single,0,0.8168716967410364,14.0,11.0,22.0,11.0,4.0,2.0
val,detail_skip_plain,P45_T1,ensemble,0,0.8265956063954244,14,11,17,6,4,2
val,detail_skip_plain,P45_T1,ensemble,5,0.8265956063954244,14,11,17,6,4,2
val,detail_skip_plain,P45_T1,ensemble,10,0.8270256210170374,14,11,16,5,4,2
val,detail_skip_plain,P45_T1,ensemble,20,0.8270256210170374,14,11,16,5,4,2
val,detail_skip_plain,P45_T1,ensemble,30,0.828189233278956,14,10,14,4,4,1
val,detail_skip_plain,P45_T1,ensemble,50,0.828189233278956,14,10,14,4,4,1
val,detail_skip_plain,P45_T1,ensemble,80,0.832695606280512,14,9,11,2,4,0
val,detail_skip_plain,P48_T1,single,0,0.7109967387548188,42.0,29.333333333333332,41.333333333333336,10.0,15.0,7.0
val,detail_skip_plain,P48_T1,ensemble,0,0.7180718263875552,42,29,41,10,15,7
val,detail_skip_plain,P48_T1,ensemble,5,0.718623870843744,42,29,39,8,15,7
val,detail_skip_plain,P48_T1,ensemble,10,0.7182596977572432,42,28,37,7,15,7
val,detail_skip_plain,P48_T1,ensemble,20,0.7180081065431384,42,27,35,6,15,6
val,detail_skip_plain,P48_T1,ensemble,30,0.7064048159478931,42,21,25,3,15,2
val,detail_skip_plain,P48_T1,ensemble,50,0.7008428358948934,42,20,24,3,15,2
val,detail_skip_plain,P48_T1,ensemble,80,0.6567515514658677,42,11,12,1,15,0
val,detail_skip_plain,P47_T1,single,0,0.850467584677186,53.0,37.666666666666664,45.0,4.333333333333333,20.0,8.333333333333334
val,detail_skip_plain,P47_T1,ensemble,0,0.8527667984189723,53,37,45,4,20,8
val,detail_skip_plain,P47_T1,ensemble,5,0.852557933886447,53,37,44,4,20,8
val,detail_skip_plain,P47_T1,ensemble,10,0.8525631017434296,53,36,41,2,20,7
val,detail_skip_plain,P47_T1,ensemble,20,0.8522377950294379,53,34,38,1,20,5
val,detail_skip_plain,P47_T1,ensemble,30,0.8526112589346272,53,33,36,0,20,4
val,detail_skip_plain,P47_T1,ensemble,50,0.8454552633657111,53,24,27,0,20,0
val,detail_skip_plain,P47_T1,ensemble,80,0.8406878306878307,53,22,24,0,20,0
val,detail_skip_plain,P49_T1,single,0,0.8316309259757437,29.0,22.333333333333332,29.333333333333332,2.3333333333333335,6.0,2.6666666666666665
val,detail_skip_plain,P49_T1,ensemble,0,0.833990619471899,29,24,31,2,6,3
val,detail_skip_plain,P49_T1,ensemble,5,0.833990619471899,29,24,31,2,6,3
val,detail_skip_plain,P49_T1,ensemble,10,0.8338717794697794,29,22,28,1,6,2
val,detail_skip_plain,P49_T1,ensemble,20,0.833146514612473,29,19,25,1,6,2
val,detail_skip_plain,P49_T1,ensemble,30,0.8326667317009723,29,18,23,1,6,1
val,detail_skip_plain,P49_T1,ensemble,50,0.8304173590069397,29,15,20,1,6,1
val,detail_skip_plain,P49_T1,ensemble,80,0.8300862970711297,29,13,17,0,6,1
val,detail_skip_plain,P50_T1,single,0,0.7492770452153823,45.0,31.333333333333332,43.0,7.333333333333333,14.0,3.3333333333333335
val,detail_skip_plain,P50_T1,ensemble,0,0.7522168878847784,45,31,44,7,14,3
val,detail_skip_plain,P50_T1,ensemble,5,0.7523330128386404,45,31,40,4,14,3
val,detail_skip_plain,P50_T1,ensemble,10,0.7516565668007023,45,29,37,3,14,2
val,detail_skip_plain,P50_T1,ensemble,20,0.7497304964539007,45,28,35,3,14,1
val,detail_skip_plain,P50_T1,ensemble,30,0.749089667728721,45,27,33,2,14,1
val,detail_skip_plain,P50_T1,ensemble,50,0.7358893052752955,45,23,27,2,14,0
val,detail_skip_plain,P50_T1,ensemble,80,0.7149299786375505,45,16,19,1,14,0
val,detail_skip_plain,P49_T2,single,0,0.6104705316926867,19.0,18.333333333333332,35.0,11.0,0.0,0.0
val,detail_skip_plain,P49_T2,ensemble,0,0.6258254435515952,19,18,30,7,0,0
val,detail_skip_plain,P49_T2,ensemble,5,0.6260744985673352,19,18,29,6,0,0
val,detail_skip_plain,P49_T2,ensemble,10,0.6268228544107101,19,18,27,4,0,0
val,detail_skip_plain,P49_T2,ensemble,20,0.6268228544107101,19,18,27,4,0,0
val,detail_skip_plain,P49_T2,ensemble,30,0.6223608445297505,19,16,25,4,0,0
val,detail_skip_plain,P49_T2,ensemble,50,0.6107716124826855,19,15,19,2,0,0
val,detail_skip_plain,P49_T2,ensemble,80,0.5937890267255016,19,12,15,2,0,0
val,detail_skip_plain,P50_T2,single,0,0.8310037242179621,40.0,30.333333333333332,44.333333333333336,6.666666666666667,12.0,4.333333333333333
val,detail_skip_plain,P50_T2,ensemble,0,0.8602247056535464,40,29,42,6,12,4
val,detail_skip_plain,P50_T2,ensemble,5,0.8602247056535464,40,29,42,6,12,4
val,detail_skip_plain,P50_T2,ensemble,10,0.8600460926042321,40,28,39,5,12,4
val,detail_skip_plain,P50_T2,ensemble,20,0.8599787415602497,40,27,37,4,12,3
val,detail_skip_plain,P50_T2,ensemble,30,0.8593019071608492,40,24,33,3,12,1
val,detail_skip_plain,P50_T2,ensemble,50,0.8578861886429259,40,20,28,2,12,0
val,detail_skip_plain,P50_T2,ensemble,80,0.8536053102173188,40,15,20,1,12,0
val,detail_skip_plain,P51_T1,single,0,0.8205521325228812,42.0,27.333333333333332,39.0,8.0,14.0,4.0
val,detail_skip_plain,P51_T1,ensemble,0,0.8312046672973825,42,28,41,9,14,4
val,detail_skip_plain,P51_T1,ensemble,5,0.8310991957104558,42,28,40,9,14,4
val,detail_skip_plain,P51_T1,ensemble,10,0.82994432818731,42,24,35,8,14,2
val,detail_skip_plain,P51_T1,ensemble,20,0.8317505539727762,42,24,31,4,14,2
val,detail_skip_plain,P51_T1,ensemble,30,0.8317505539727762,42,24,31,4,14,2
val,detail_skip_plain,P51_T1,ensemble,50,0.8195361571911741,42,15,20,3,14,0
val,detail_skip_plain,P51_T1,ensemble,80,0.8124239721028302,42,13,17,3,14,0
val,detail_skip_plain,P51_T2,single,0,0.7915767010144544,33.0,23.666666666666668,34.666666666666664,8.666666666666666,8.0,1.3333333333333333
val,detail_skip_plain,P51_T2,ensemble,0,0.7974691553305916,33,23,34,9,8,1
val,detail_skip_plain,P51_T2,ensemble,5,0.7975192228585893,33,23,33,8,8,1
val,detail_skip_plain,P51_T2,ensemble,10,0.7977464075457366,33,23,32,7,8,1
val,detail_skip_plain,P51_T2,ensemble,20,0.797213426219126,33,23,31,7,8,1
val,detail_skip_plain,P51_T2,ensemble,30,0.7969166349448039,33,22,29,6,8,1
val,detail_skip_plain,P51_T2,ensemble,50,0.7901108378317948,33,17,24,6,8,0
val,detail_skip_plain,P51_T2,ensemble,80,0.7868714086290296,33,12,16,3,8,0
val,detail_skip_plain,P52_T1,single,0,0.7826659594397519,25.0,24.0,26.333333333333332,2.3333333333333335,7.0,6.666666666666667
val,detail_skip_plain,P52_T1,ensemble,0,0.7836403371838901,25,24,25,1,7,7
val,detail_skip_plain,P52_T1,ensemble,5,0.7837626854020296,25,24,25,1,7,7
val,detail_skip_plain,P52_T1,ensemble,10,0.7826222847319894,25,23,24,1,7,6
val,detail_skip_plain,P52_T1,ensemble,20,0.7786666666666666,25,21,22,1,7,4
val,detail_skip_plain,P52_T1,ensemble,30,0.7644330721253798,25,17,17,0,7,2
val,detail_skip_plain,P52_T1,ensemble,50,0.7517017828200973,25,15,15,0,7,1
val,detail_skip_plain,P52_T1,ensemble,80,0.7311107388172223,25,12,12,0,7,0
val,detail_skip_plain,P53_T2,single,0,0.6645695172675099,23.0,17.333333333333332,19.0,1.0,7.0,4.0
val,detail_skip_plain,P53_T2,ensemble,0,0.6721772193751033,23,18,19,0,7,4
val,detail_skip_plain,P53_T2,ensemble,5,0.671409662475182,23,17,18,0,7,4
val,detail_skip_plain,P53_T2,ensemble,10,0.6703096539162113,23,16,17,0,7,3
val,detail_skip_plain,P53_T2,ensemble,20,0.6703096539162113,23,16,17,0,7,3
val,detail_skip_plain,P53_T2,ensemble,30,0.6650033266799734,23,15,16,0,7,2
val,detail_skip_plain,P53_T2,ensemble,50,0.6391259815636736,23,12,12,0,7,0
val,detail_skip_plain,P53_T2,ensemble,80,0.5968772178850248,23,8,8,0,7,0
val,baseline_dicebce_hf1,P41_T1,single,0,0.5945596559764875,10.0,9.0,15.666666666666666,6.666666666666667,1.0,0.0
val,baseline_dicebce_hf1,P41_T1,ensemble,0,0.6137968495382944,10,9,14,5,1,0
val,baseline_dicebce_hf1,P41_T1,ensemble,5,0.6141304347826086,10,9,14,5,1,0
val,baseline_dicebce_hf1,P41_T1,ensemble,10,0.6141304347826086,10,9,14,5,1,0
val,baseline_dicebce_hf1,P41_T1,ensemble,20,0.6267332224070993,10,9,12,3,1,0
val,baseline_dicebce_hf1,P41_T1,ensemble,30,0.617579908675799,10,8,10,2,1,0
val,baseline_dicebce_hf1,P41_T1,ensemble,50,0.5785627283800243,10,6,7,1,1,0
val,baseline_dicebce_hf1,P41_T1,ensemble,80,0.5986137366099559,10,6,6,0,1,0
val,detail_skip_plain,P52_T2,single,0,0.7387483083167822,14.0,10.666666666666666,19.0,8.333333333333334,1.0,0.0
val,detail_skip_plain,P52_T2,ensemble,0,0.7508922198429693,14,11,15,4,1,0
val,detail_skip_plain,P52_T2,ensemble,5,0.7508922198429693,14,11,15,4,1,0
val,detail_skip_plain,P52_T2,ensemble,10,0.7508922198429693,14,11,15,4,1,0
val,detail_skip_plain,P52_T2,ensemble,20,0.7526381684850653,14,11,14,3,1,0
val,detail_skip_plain,P52_T2,ensemble,30,0.7496841725320339,14,10,12,2,1,0
val,detail_skip_plain,P52_T2,ensemble,50,0.7328942553969996,14,8,10,2,1,0
val,detail_skip_plain,P52_T2,ensemble,80,0.7045369328833896,14,6,8,2,1,0
val,baseline_dicebce_hf1,P42_T1,single,0,0.8740035691063145,38.0,17.0,28.666666666666668,1.0,20.0,1.3333333333333333
val,baseline_dicebce_hf1,P42_T1,ensemble,0,0.8742835307604127,38,16,27,0,20,1
val,baseline_dicebce_hf1,P42_T1,ensemble,5,0.8741688109857074,38,16,25,0,20,1
val,baseline_dicebce_hf1,P42_T1,ensemble,10,0.8741688109857074,38,16,25,0,20,1
val,baseline_dicebce_hf1,P42_T1,ensemble,20,0.8739679951075323,38,15,24,0,20,1
val,baseline_dicebce_hf1,P42_T1,ensemble,30,0.8724275635055309,38,11,20,0,20,1
val,baseline_dicebce_hf1,P42_T1,ensemble,50,0.8712076677316294,38,8,17,0,20,0
val,baseline_dicebce_hf1,P42_T1,ensemble,80,0.869430463236895,38,6,14,0,20,0
val,baseline_dicebce_hf1,P46_T1,single,0,0.8445089934238003,27.0,21.0,24.0,2.6666666666666665,7.0,2.3333333333333335
val,baseline_dicebce_hf1,P46_T1,ensemble,0,0.8524531668153434,27,21,23,2,7,2
val,baseline_dicebce_hf1,P46_T1,ensemble,5,0.8524531668153434,27,21,23,2,7,2
val,baseline_dicebce_hf1,P46_T1,ensemble,10,0.8528335564480143,27,21,22,1,7,2
val,baseline_dicebce_hf1,P46_T1,ensemble,20,0.8528335564480143,27,21,22,1,7,2
val,baseline_dicebce_hf1,P46_T1,ensemble,30,0.8476916181084715,27,19,20,1,7,1
val,baseline_dicebce_hf1,P46_T1,ensemble,50,0.8370729920322374,27,14,14,0,7,0
val,baseline_dicebce_hf1,P46_T1,ensemble,80,0.8204937121564975,27,11,11,0,7,0
val,baseline_dicebce_hf1,P43_T1,single,0,0.7579027283517101,31.0,16.666666666666668,29.333333333333332,2.6666666666666665,14.0,2.3333333333333335
val,baseline_dicebce_hf1,P43_T1,ensemble,0,0.7619311108037073,31,16,29,1,14,2
val,baseline_dicebce_hf1,P43_T1,ensemble,5,0.7614961420020069,31,15,25,1,14,1
val,baseline_dicebce_hf1,P43_T1,ensemble,10,0.7614961420020069,31,15,25,1,14,1
val,baseline_dicebce_hf1,P43_T1,ensemble,20,0.7604072868324444,31,15,23,1,14,1
val,baseline_dicebce_hf1,P43_T1,ensemble,30,0.7595903488977608,31,13,20,0,14,0
val,baseline_dicebce_hf1,P43_T1,ensemble,50,0.7542470436390275,31,12,17,0,14,0
val,baseline_dicebce_hf1,P43_T1,ensemble,80,0.7408558113260839,31,7,12,0,14,0
val,detail_skip_plain,P53_T1,single,0,0.6205120537287705,22.0,16.0,20.333333333333332,5.0,7.0,3.3333333333333335
val,detail_skip_plain,P53_T1,ensemble,0,0.6275565123789021,22,16,20,5,7,3
val,detail_skip_plain,P53_T1,ensemble,5,0.6278268360973509,22,16,19,4,7,3
val,detail_skip_plain,P53_T1,ensemble,10,0.6278268360973509,22,16,19,4,7,3
val,detail_skip_plain,P53_T1,ensemble,20,0.6269721201642533,22,15,17,3,7,3
val,detail_skip_plain,P53_T1,ensemble,30,0.6283300844704354,22,15,16,2,7,3
val,detail_skip_plain,P53_T1,ensemble,50,0.6283300844704354,22,15,16,2,7,3
val,detail_skip_plain,P53_T1,ensemble,80,0.6134873902899678,22,11,12,2,7,0
val,baseline_dicebce_hf1,P44_T1,single,0,0.7182798401891869,10.0,10.0,27.0,16.333333333333332,1.0,1.0
val,baseline_dicebce_hf1,P44_T1,ensemble,0,0.7250125313283208,10,10,28,17,1,1
val,baseline_dicebce_hf1,P44_T1,ensemble,5,0.7253761283851554,10,10,27,16,1,1
val,baseline_dicebce_hf1,P44_T1,ensemble,10,0.7261044176706827,10,10,25,14,1,1
val,baseline_dicebce_hf1,P44_T1,ensemble,20,0.7257528452009265,10,10,23,13,1,1
val,baseline_dicebce_hf1,P44_T1,ensemble,30,0.7278052721947278,10,10,22,12,1,1
val,baseline_dicebce_hf1,P44_T1,ensemble,50,0.7332858451205861,10,10,20,10,1,1
val,baseline_dicebce_hf1,P44_T1,ensemble,80,0.731806506849315,10,6,12,6,1,0
val,baseline_dicebce_hf1,P45_T1,single,0,0.8341727670179085,14.0,11.0,17.0,6.0,4.0,2.0
val,baseline_dicebce_hf1,P45_T1,ensemble,0,0.8461233654735174,14,11,16,5,4,2
val,baseline_dicebce_hf1,P45_T1,ensemble,5,0.8461233654735174,14,11,16,5,4,2
val,baseline_dicebce_hf1,P45_T1,ensemble,10,0.8461233654735174,14,11,16,5,4,2
val,baseline_dicebce_hf1,P45_T1,ensemble,20,0.8467384839072104,14,11,15,4,4,2
val,baseline_dicebce_hf1,P45_T1,ensemble,30,0.8467384839072104,14,11,15,4,4,2
val,baseline_dicebce_hf1,P45_T1,ensemble,50,0.8473379089758113,14,9,12,3,4,0
val,baseline_dicebce_hf1,P45_T1,ensemble,80,0.8502273335116342,14,9,11,2,4,0
val,baseline_dicebce_hf1,P48_T1,single,0,0.713973542360804,42.0,29.0,40.333333333333336,9.333333333333334,15.0,6.0
val,baseline_dicebce_hf1,P48_T1,ensemble,0,0.7201693610469592,42,28,38,8,15,6
val,baseline_dicebce_hf1,P48_T1,ensemble,5,0.720616570327553,42,28,36,6,15,6
val,baseline_dicebce_hf1,P48_T1,ensemble,10,0.7197532054371927,42,28,35,6,15,6
val,baseline_dicebce_hf1,P48_T1,ensemble,20,0.7205654531371031,42,27,32,4,15,5
val,baseline_dicebce_hf1,P48_T1,ensemble,30,0.7160759741531232,42,24,27,2,15,2
val,baseline_dicebce_hf1,P48_T1,ensemble,50,0.6912312493707843,42,19,20,1,15,2
val,baseline_dicebce_hf1,P48_T1,ensemble,80,0.6410883196939101,42,10,11,1,15,0
val,baseline_dicebce_hf1,P47_T1,single,0,0.8428250696873585,53.0,37.0,44.666666666666664,3.6666666666666665,20.0,7.0
val,baseline_dicebce_hf1,P47_T1,ensemble,0,0.8443831980809473,53,36,43,3,20,6
val,baseline_dicebce_hf1,P47_T1,ensemble,5,0.8444262964475296,53,36,43,3,20,6
val,baseline_dicebce_hf1,P47_T1,ensemble,10,0.8444262964475296,53,36,43,3,20,6
val,baseline_dicebce_hf1,P47_T1,ensemble,20,0.8438898406934819,53,34,38,1,20,5
val,baseline_dicebce_hf1,P47_T1,ensemble,30,0.8433000256213169,53,32,35,0,20,4
val,baseline_dicebce_hf1,P47_T1,ensemble,50,0.8345368429225871,53,23,25,0,20,0
val,baseline_dicebce_hf1,P47_T1,ensemble,80,0.8328494400663625,53,22,24,0,20,0
val,baseline_dicebce_hf1,P49_T1,single,0,0.8394576139438668,29.0,18.333333333333332,23.666666666666668,2.3333333333333335,6.0,2.0
val,baseline_dicebce_hf1,P49_T1,ensemble,0,0.8427052399655139,29,18,22,1,6,2
val,baseline_dicebce_hf1,P49_T1,ensemble,5,0.8427052399655139,29,18,22,1,6,2
val,baseline_dicebce_hf1,P49_T1,ensemble,10,0.8427052399655139,29,18,22,1,6,2
val,baseline_dicebce_hf1,P49_T1,ensemble,20,0.8427052399655139,29,18,22,1,6,2
val,baseline_dicebce_hf1,P49_T1,ensemble,30,0.8422616195495927,29,17,21,1,6,1
val,baseline_dicebce_hf1,P49_T1,ensemble,50,0.8397634198336246,29,13,16,0,6,1
val,baseline_dicebce_hf1,P49_T1,ensemble,80,0.8369423679768507,29,10,13,0,6,1
val,baseline_dicebce_hf1,P50_T1,single,0,0.7468817621987808,45.0,30.333333333333332,37.333333333333336,6.666666666666667,14.0,1.6666666666666667
val,baseline_dicebce_hf1,P50_T1,ensemble,0,0.7576622677080528,45,30,37,7,14,1
val,baseline_dicebce_hf1,P50_T1,ensemble,5,0.7577766995525366,45,29,34,5,14,1
val,baseline_dicebce_hf1,P50_T1,ensemble,10,0.7581036621541448,45,29,33,4,14,1
val,baseline_dicebce_hf1,P50_T1,ensemble,20,0.7581036621541448,45,29,33,4,14,1
val,baseline_dicebce_hf1,P50_T1,ensemble,30,0.7576625763554786,45,28,31,3,14,1
val,baseline_dicebce_hf1,P50_T1,ensemble,50,0.7430364417042827,45,22,23,2,14,0
val,baseline_dicebce_hf1,P50_T1,ensemble,80,0.7184826654660063,45,16,17,2,14,0
val,baseline_dicebce_hf1,P49_T2,single,0,0.6287554961483813,19.0,17.0,27.666666666666668,5.666666666666667,0.0,0.0
val,baseline_dicebce_hf1,P49_T2,ensemble,0,0.6428062396072531,19,17,26,3,0,0
val,baseline_dicebce_hf1,P49_T2,ensemble,5,0.6433156351533402,19,17,24,1,0,0
val,baseline_dicebce_hf1,P49_T2,ensemble,10,0.6425626387567396,19,17,23,1,0,0
val,baseline_dicebce_hf1,P49_T2,ensemble,20,0.6359939398772028,19,15,19,1,0,0
val,baseline_dicebce_hf1,P49_T2,ensemble,30,0.6359939398772028,19,15,19,1,0,0
val,baseline_dicebce_hf1,P49_T2,ensemble,50,0.6239067055393586,19,13,14,0,0,0
val,baseline_dicebce_hf1,P49_T2,ensemble,80,0.6239067055393586,19,13,14,0,0,0
val,baseline_dicebce_hf1,P50_T2,single,0,0.8672566857061024,40.0,30.333333333333332,40.666666666666664,6.666666666666667,12.0,4.333333333333333
val,baseline_dicebce_hf1,P50_T2,ensemble,0,0.8772682474346339,40,31,38,5,12,4
val,baseline_dicebce_hf1,P50_T2,ensemble,5,0.8771543289509922,40,31,37,5,12,4
val,baseline_dicebce_hf1,P50_T2,ensemble,10,0.8772306220373135,40,31,36,4,12,4
val,baseline_dicebce_hf1,P50_T2,ensemble,20,0.8770764119601329,40,29,32,2,12,3
val,baseline_dicebce_hf1,P50_T2,ensemble,30,0.8760203340595497,40,27,29,2,12,2
val,baseline_dicebce_hf1,P50_T2,ensemble,50,0.8748363445928253,40,24,26,2,12,1
val,baseline_dicebce_hf1,P50_T2,ensemble,80,0.8717911169036566,40,18,19,1,12,0
val,baseline_dicebce_hf1,P51_T2,single,0,0.8046848958077715,33.0,23.666666666666668,32.666666666666664,9.0,8.0,2.3333333333333335
val,baseline_dicebce_hf1,P51_T2,ensemble,0,0.8157415279970849,33,24,33,8,8,2
val,baseline_dicebce_hf1,P51_T2,ensemble,5,0.8158294357043067,33,23,31,7,8,1
val,baseline_dicebce_hf1,P51_T2,ensemble,10,0.8158478412785222,33,22,29,6,8,1
val,baseline_dicebce_hf1,P51_T2,ensemble,20,0.8153307984790874,33,22,26,5,8,1
val,baseline_dicebce_hf1,P51_T2,ensemble,30,0.8164235021778198,33,22,24,3,8,1
val,baseline_dicebce_hf1,P51_T2,ensemble,50,0.8098494373064303,33,17,19,3,8,1
val,baseline_dicebce_hf1,P51_T2,ensemble,80,0.8048780487804879,33,13,14,2,8,1
val,baseline_dicebce_hf1,P51_T1,single,0,0.8256018625429395,42.0,27.333333333333332,33.666666666666664,5.333333333333333,14.0,3.6666666666666665
val,baseline_dicebce_hf1,P51_T1,ensemble,0,0.8365355749024317,42,28,34,4,14,4
val,baseline_dicebce_hf1,P51_T1,ensemble,5,0.8363609067707551,42,27,33,4,14,3
val,baseline_dicebce_hf1,P51_T1,ensemble,10,0.8363609067707551,42,27,33,4,14,3
val,baseline_dicebce_hf1,P51_T1,ensemble,20,0.8351805237254386,42,25,31,4,14,3
val,baseline_dicebce_hf1,P51_T1,ensemble,30,0.8315928369462771,42,21,27,4,14,1
val,baseline_dicebce_hf1,P51_T1,ensemble,50,0.8230095238095239,42,15,20,4,14,0
val,baseline_dicebce_hf1,P51_T1,ensemble,80,0.8224797219003476,42,13,14,1,14,0
val,baseline_dicebce_hf1,P52_T1,single,0,0.7846688315452864,25.0,24.333333333333332,27.333333333333332,3.0,7.0,6.333333333333333
val,baseline_dicebce_hf1,P52_T1,ensemble,0,0.7918545002331727,25,25,28,3,7,7
val,baseline_dicebce_hf1,P52_T1,ensemble,5,0.7923471768548763,25,25,27,2,7,7
val,baseline_dicebce_hf1,P52_T1,ensemble,10,0.7900888265544647,25,23,25,2,7,5
val,baseline_dicebce_hf1,P52_T1,ensemble,20,0.7861289816412992,25,21,22,1,7,4
val,baseline_dicebce_hf1,P52_T1,ensemble,30,0.7751347922613384,25,18,19,1,7,2
val,baseline_dicebce_hf1,P52_T1,ensemble,50,0.7687085825117181,25,16,16,0,7,1
val,baseline_dicebce_hf1,P52_T1,ensemble,80,0.7105126877265665,25,10,10,0,7,0
val,baseline_dicebce_hf1,P52_T2,single,0,0.6734624903512089,14.0,10.0,19.333333333333332,9.333333333333334,1.0,0.0
val,baseline_dicebce_hf1,P52_T2,ensemble,0,0.7098436694725992,14,10,16,6,1,0
val,baseline_dicebce_hf1,P52_T2,ensemble,5,0.7103317861440606,14,10,15,5,1,0
val,baseline_dicebce_hf1,P52_T2,ensemble,10,0.7103317861440606,14,10,15,5,1,0
val,baseline_dicebce_hf1,P52_T2,ensemble,20,0.7087512971290211,14,9,13,4,1,0
val,baseline_dicebce_hf1,P52_T2,ensemble,30,0.7087512971290211,14,9,13,4,1,0
val,baseline_dicebce_hf1,P52_T2,ensemble,50,0.6979606188466948,14,7,10,3,1,0
val,baseline_dicebce_hf1,P52_T2,ensemble,80,0.6898164807484707,14,6,8,2,1,0
val,baseline_dicebce,P41_T1,single,0,0.5824162973957362,10.0,9.333333333333334,17.0,7.666666666666667,1.0,0.3333333333333333
val,baseline_dicebce,P41_T1,ensemble,0,0.5983086680761099,10,9,14,5,1,0
val,baseline_dicebce,P41_T1,ensemble,5,0.5989417989417989,10,9,14,5,1,0
val,baseline_dicebce,P41_T1,ensemble,10,0.5989417989417989,10,9,14,5,1,0
val,baseline_dicebce,P41_T1,ensemble,20,0.6021276595744681,10,9,13,4,1,0
val,baseline_dicebce,P41_T1,ensemble,30,0.6015452538631346,10,8,10,2,1,0
val,baseline_dicebce,P41_T1,ensemble,50,0.6127037661607645,10,8,9,1,1,0
val,baseline_dicebce,P41_T1,ensemble,80,0.5710754017305315,10,6,6,0,1,0
val,baseline_dicebce_hf1,P53_T2,single,0,0.6824398604897336,23.0,18.0,20.333333333333332,2.0,7.0,3.3333333333333335
val,baseline_dicebce_hf1,P53_T2,ensemble,0,0.6761354252683732,23,17,19,1,7,3
val,baseline_dicebce_hf1,P53_T2,ensemble,5,0.6761354252683732,23,17,19,1,7,3
val,baseline_dicebce_hf1,P53_T2,ensemble,10,0.6761354252683732,23,17,19,1,7,3
val,baseline_dicebce_hf1,P53_T2,ensemble,20,0.6719681908548708,23,16,18,1,7,2
val,baseline_dicebce_hf1,P53_T2,ensemble,30,0.6704526474027058,23,15,16,0,7,1
val,baseline_dicebce_hf1,P53_T2,ensemble,50,0.628719723183391,23,10,11,0,7,0
val,baseline_dicebce_hf1,P53_T2,ensemble,80,0.5939196525515744,23,6,7,0,7,0
val,baseline_dicebce,P42_T1,single,0,0.8716227735661425,38.0,18.0,33.333333333333336,0.0,20.0,2.6666666666666665
val,baseline_dicebce,P42_T1,ensemble,0,0.8759365499344892,38,18,34,0,20,2
val,baseline_dicebce,P42_T1,ensemble,5,0.8759365499344892,38,18,34,0,20,2
val,baseline_dicebce,P42_T1,ensemble,10,0.8756473387538013,38,17,31,0,20,2
val,baseline_dicebce,P42_T1,ensemble,20,0.875176636834668,38,14,28,0,20,1
val,baseline_dicebce,P42_T1,ensemble,30,0.8748726568867156,38,13,27,0,20,1
val,baseline_dicebce,P42_T1,ensemble,50,0.8727695096112118,38,9,22,0,20,0
val,baseline_dicebce,P42_T1,ensemble,80,0.8680363949026603,38,6,15,0,20,0
val,baseline_dicebce,P43_T1,single,0,0.7502343669558723,31.0,16.666666666666668,31.666666666666668,4.333333333333333,14.0,2.0
val,baseline_dicebce,P43_T1,ensemble,0,0.7528565382987727,31,16,30,3,14,1
val,baseline_dicebce,P43_T1,ensemble,5,0.752566771336838,31,15,28,2,14,1
val,baseline_dicebce,P43_T1,ensemble,10,0.7525947892395679,31,15,26,1,14,1
val,baseline_dicebce,P43_T1,ensemble,20,0.750830799688892,31,13,23,1,14,0
val,baseline_dicebce,P43_T1,ensemble,30,0.750830799688892,31,13,23,1,14,0
val,baseline_dicebce,P43_T1,ensemble,50,0.7470230689937084,31,12,19,0,14,0
val,baseline_dicebce,P43_T1,ensemble,80,0.7313803913090476,31,8,13,0,14,0
val,baseline_dicebce,P46_T1,single,0,0.8391761136881862,27.0,22.333333333333332,25.0,2.3333333333333335,7.0,3.0
val,baseline_dicebce,P46_T1,ensemble,0,0.8443649373881932,27,23,25,1,7,4
val,baseline_dicebce,P46_T1,ensemble,5,0.8449695667740781,27,23,24,0,7,4
val,baseline_dicebce,P46_T1,ensemble,10,0.8443489163532151,27,22,23,0,7,3
val,baseline_dicebce,P46_T1,ensemble,20,0.8436715668698458,27,21,22,0,7,2
val,baseline_dicebce,P46_T1,ensemble,30,0.8360714930492869,27,18,19,0,7,1
val,baseline_dicebce,P46_T1,ensemble,50,0.8264040846097739,27,15,16,0,7,1
val,baseline_dicebce,P46_T1,ensemble,80,0.8146567717996289,27,12,13,0,7,0
val,baseline_dicebce_hf1,P53_T1,single,0,0.598340914680351,22.0,15.666666666666666,24.666666666666668,9.333333333333334,7.0,3.0
val,baseline_dicebce_hf1,P53_T1,ensemble,0,0.6107154596252876,22,16,21,6,7,3
val,baseline_dicebce_hf1,P53_T1,ensemble,5,0.6100208310492271,22,15,20,6,7,3
val,baseline_dicebce_hf1,P53_T1,ensemble,10,0.6100208310492271,22,15,20,6,7,3
val,baseline_dicebce_hf1,P53_T1,ensemble,20,0.6123032904148784,22,15,17,3,7,3
val,baseline_dicebce_hf1,P53_T1,ensemble,30,0.6139924961377179,22,15,16,2,7,3
val,baseline_dicebce_hf1,P53_T1,ensemble,50,0.6040133779264214,22,13,14,2,7,1
val,baseline_dicebce_hf1,P53_T1,ensemble,80,0.5854219360772591,22,9,10,2,7,0
val,baseline_dicebce,P44_T1,single,0,0.7213555786552179,10.0,10.0,34.666666666666664,23.333333333333332,1.0,1.0
val,baseline_dicebce,P44_T1,ensemble,0,0.7347585114806018,10,10,30,19,1,1
val,baseline_dicebce,P44_T1,ensemble,5,0.7348514851485148,10,10,30,19,1,1
val,baseline_dicebce,P44_T1,ensemble,10,0.7353611413851184,10,10,29,18,1,1
val,baseline_dicebce,P44_T1,ensemble,20,0.7412363926895037,10,10,23,12,1,1
val,baseline_dicebce,P44_T1,ensemble,30,0.7412363926895037,10,10,23,12,1,1
val,baseline_dicebce,P44_T1,ensemble,50,0.7490560261251148,10,10,18,8,1,1
val,baseline_dicebce,P44_T1,ensemble,80,0.745973260343194,10,7,13,6,1,0
val,baseline_dicebce,P48_T1,single,0,0.7173743177976432,42.0,29.666666666666668,44.333333333333336,12.666666666666666,15.0,7.333333333333333
val,baseline_dicebce,P48_T1,ensemble,0,0.7242844998583168,42,30,45,12,15,7
val,baseline_dicebce,P48_T1,ensemble,5,0.724007561436673,42,29,43,11,15,6
val,baseline_dicebce,P48_T1,ensemble,10,0.7241379310344828,42,28,40,9,15,6
val,baseline_dicebce,P48_T1,ensemble,20,0.7212074601038262,42,25,29,3,15,3
val,baseline_dicebce,P48_T1,ensemble,30,0.7155555555555555,42,23,27,3,15,2
val,baseline_dicebce,P48_T1,ensemble,50,0.7054631828978623,42,19,21,1,15,2
val,baseline_dicebce,P48_T1,ensemble,80,0.6660426417056682,42,12,13,1,15,0
val,baseline_dicebce,P45_T1,single,0,0.8112548331711243,14.0,11.0,22.0,11.0,4.0,2.0
val,baseline_dicebce,P45_T1,ensemble,0,0.8279404211607602,14,11,18,7,4,2
val,baseline_dicebce,P45_T1,ensemble,5,0.8283126726186653,14,11,17,6,4,2
val,baseline_dicebce,P45_T1,ensemble,10,0.8286320118229134,14,11,16,5,4,2
val,baseline_dicebce,P45_T1,ensemble,20,0.8286320118229134,14,11,16,5,4,2
val,baseline_dicebce,P45_T1,ensemble,30,0.8297516407154807,14,11,15,4,4,2
val,baseline_dicebce,P45_T1,ensemble,50,0.8305975475248167,14,9,12,3,4,0
val,baseline_dicebce,P45_T1,ensemble,80,0.8333007876065872,14,9,11,2,4,0
val,baseline_dicebce,P47_T1,single,0,0.8433487653009905,53.0,37.333333333333336,44.0,3.0,20.0,8.0
val,baseline_dicebce,P47_T1,ensemble,0,0.8458479772196711,53,37,44,3,20,8
val,baseline_dicebce,P47_T1,ensemble,5,0.8457295328013957,53,36,43,3,20,7
val,baseline_dicebce,P47_T1,ensemble,10,0.8454746136865342,53,35,40,2,20,6
val,baseline_dicebce,P47_T1,ensemble,20,0.8458652413013311,53,34,37,0,20,5
val,baseline_dicebce,P47_T1,ensemble,30,0.8435808895531619,53,30,33,0,20,3
val,baseline_dicebce,P47_T1,ensemble,50,0.8376055057784704,53,23,26,0,20,0
val,baseline_dicebce,P47_T1,ensemble,80,0.8343449605335139,53,22,24,0,20,0
val,baseline_dicebce,P49_T1,single,0,0.840783168360348,29.0,20.0,27.333333333333332,1.6666666666666667,6.0,2.3333333333333335
val,baseline_dicebce,P49_T1,ensemble,0,0.8450793852811098,29,20,26,1,6,2
val,baseline_dicebce,P49_T1,ensemble,5,0.8449875105404674,29,19,25,1,6,2
val,baseline_dicebce,P49_T1,ensemble,10,0.8448956211812627,29,19,24,1,6,2
val,baseline_dicebce,P49_T1,ensemble,20,0.8448956211812627,29,19,24,1,6,2
val,baseline_dicebce,P49_T1,ensemble,30,0.8443991658840196,29,18,23,1,6,2
val,baseline_dicebce,P49_T1,ensemble,50,0.8415340664251401,29,15,19,1,6,1
val,baseline_dicebce,P49_T1,ensemble,80,0.8388741881164301,29,11,14,0,6,1
val,baseline_dicebce,P50_T1,single,0,0.7501207843511098,45.0,31.333333333333332,41.666666666666664,6.333333333333333,14.0,3.0
val,baseline_dicebce,P50_T1,ensemble,0,0.750819125895485,45,30,40,6,14,2
val,baseline_dicebce,P50_T1,ensemble,5,0.7508888888888889,45,30,39,5,14,2
val,baseline_dicebce,P50_T1,ensemble,10,0.7512092066492467,45,29,37,4,14,1
val,baseline_dicebce,P50_T1,ensemble,20,0.7498886910062333,45,28,36,4,14,1
val,baseline_dicebce,P50_T1,ensemble,30,0.7472895942774114,45,27,33,3,14,1
val,baseline_dicebce,P50_T1,ensemble,50,0.728465487735311,45,20,24,2,14,0
val,baseline_dicebce,P50_T1,ensemble,80,0.720832614570755,45,18,22,2,14,0
val,baseline_dicebce,P49_T2,single,0,0.6078209451707881,19.0,17.0,33.333333333333336,10.666666666666666,0.0,0.0
val,baseline_dicebce,P49_T2,ensemble,0,0.6254705144291092,19,17,29,5,0,0
val,baseline_dicebce,P49_T2,ensemble,5,0.625519567092777,19,17,29,5,0,0
val,baseline_dicebce,P49_T2,ensemble,10,0.6253437033545447,19,16,26,3,0,0
val,baseline_dicebce,P49_T2,ensemble,20,0.6240465518597154,19,16,25,3,0,0
val,baseline_dicebce,P49_T2,ensemble,30,0.6194159431728492,19,15,23,3,0,0
val,baseline_dicebce,P49_T2,ensemble,50,0.6138298718866874,19,14,20,2,0,0
val,baseline_dicebce,P49_T2,ensemble,80,0.5999837886033882,19,13,16,1,0,0
val,baseline_dicebce,P52_T1,single,0,0.7814924015838577,25.0,23.333333333333332,26.666666666666668,3.3333333333333335,7.0,5.666666666666667
val,baseline_dicebce,P52_T1,ensemble,0,0.7926096997690532,25,24,26,2,7,6
val,baseline_dicebce,P52_T1,ensemble,5,0.7914932963476653,25,23,25,2,7,5
val,baseline_dicebce,P52_T1,ensemble,10,0.7922258213789912,25,23,24,1,7,5
val,baseline_dicebce,P52_T1,ensemble,20,0.7874260815437286,25,20,20,0,7,3
val,baseline_dicebce,P52_T1,ensemble,30,0.7801285065036828,25,18,18,0,7,2
val,baseline_dicebce,P52_T1,ensemble,50,0.7595462533951111,25,15,15,0,7,1
val,baseline_dicebce,P52_T1,ensemble,80,0.7247247247247247,25,11,11,0,7,0
val,baseline_dicebce,P50_T2,single,0,0.8283060173826174,40.0,30.333333333333332,42.666666666666664,6.666666666666667,12.0,4.666666666666667
val,baseline_dicebce,P50_T2,ensemble,0,0.8359515294188661,40,30,42,5,12,4
val,baseline_dicebce,P50_T2,ensemble,5,0.8359416265487527,40,30,42,5,12,4
val,baseline_dicebce,P50_T2,ensemble,10,0.8358371204686486,40,29,38,3,12,4
val,baseline_dicebce,P50_T2,ensemble,20,0.8359137803422806,40,28,36,2,12,3
val,baseline_dicebce,P50_T2,ensemble,30,0.834820483348961,40,25,33,2,12,2
val,baseline_dicebce,P50_T2,ensemble,50,0.8314381575551474,40,19,27,2,12,0
val,baseline_dicebce,P50_T2,ensemble,80,0.826711827169535,40,16,22,2,12,0
val,baseline_dicebce,P51_T2,single,0,0.8027344695496422,33.0,23.333333333333332,31.333333333333332,7.0,8.0,1.3333333333333333
val,baseline_dicebce,P51_T2,ensemble,0,0.8066070199587061,33,23,33,8,8,1
val,baseline_dicebce,P51_T2,ensemble,5,0.806632254027843,33,23,33,8,8,1
val,baseline_dicebce,P51_T2,ensemble,10,0.8059598710364041,33,22,30,8,8,1
val,baseline_dicebce,P51_T2,ensemble,20,0.806243339810694,33,22,27,6,8,1
val,baseline_dicebce,P51_T2,ensemble,30,0.8054945744213762,33,21,26,6,8,1
val,baseline_dicebce,P51_T2,ensemble,50,0.8037211074422149,33,16,16,1,8,1
val,baseline_dicebce,P51_T2,ensemble,80,0.8003574163900945,33,13,13,1,8,1
val,baseline_dicebce,P51_T1,single,0,0.8272407354473857,42.0,28.666666666666668,42.0,9.666666666666666,14.0,4.333333333333333
val,baseline_dicebce,P51_T1,ensemble,0,0.8355740998300109,42,29,39,7,14,4
val,baseline_dicebce,P51_T1,ensemble,5,0.8354009661835748,42,29,38,7,14,4
val,baseline_dicebce,P51_T1,ensemble,10,0.8354097345817535,42,27,34,5,14,3
val,baseline_dicebce,P51_T1,ensemble,20,0.8324013668841255,42,21,27,4,14,1
val,baseline_dicebce,P51_T1,ensemble,30,0.8301167315175098,42,20,25,4,14,1
val,baseline_dicebce,P51_T1,ensemble,50,0.8239040691959898,42,15,18,3,14,0
val,baseline_dicebce,P51_T1,ensemble,80,0.8217931471076996,42,13,15,2,14,0
val,baseline_dicebce,P53_T2,single,0,0.6469710397569712,23.0,17.666666666666668,20.666666666666668,1.6666666666666667,7.0,3.3333333333333335
val,baseline_dicebce,P53_T2,ensemble,0,0.65424013434089,23,17,21,1,7,3
val,baseline_dicebce,P53_T2,ensemble,5,0.6535618279569892,23,17,20,1,7,3
val,baseline_dicebce,P53_T2,ensemble,10,0.6522031617894383,23,17,19,1,7,3
val,baseline_dicebce,P53_T2,ensemble,20,0.6487944697352892,23,16,18,1,7,2
val,baseline_dicebce,P53_T2,ensemble,30,0.6472986748216106,23,15,16,0,7,1
val,baseline_dicebce,P53_T2,ensemble,50,0.6031914893617021,23,9,10,0,7,0
val,baseline_dicebce,P53_T2,ensemble,80,0.5746200329609962,23,6,7,0,7,0
test,baseline,P54,single,0,0.8073483135164891,5.0,5.0,7.666666666666667,2.6666666666666665,0.0,0.0
test,baseline,P54,ensemble,0,0.8149898717083052,5,5,7,2,0,0
test,baseline,P54,ensemble,5,0.8149898717083052,5,5,7,2,0,0
test,baseline,P54,ensemble,10,0.8149898717083052,5,5,7,2,0,0
test,baseline,P54,ensemble,20,0.8202514441046551,5,5,6,1,0,0
test,baseline,P54,ensemble,30,0.8202514441046551,5,5,6,1,0,0
test,baseline,P54,ensemble,50,0.7896213183730715,5,3,4,1,0,0
test,baseline,P54,ensemble,80,0.7896213183730715,5,3,4,1,0,0
val,baseline_dicebce,P52_T2,single,0,0.6961727138036221,14.0,10.666666666666666,22.333333333333332,11.666666666666666,1.0,0.0
val,baseline_dicebce,P52_T2,ensemble,0,0.7046684709066305,14,10,20,10,1,0
val,baseline_dicebce,P52_T2,ensemble,5,0.7050262311727873,14,10,19,9,1,0
val,baseline_dicebce,P52_T2,ensemble,10,0.7068204954190702,14,10,17,7,1,0
val,baseline_dicebce,P52_T2,ensemble,20,0.7063044592516659,14,9,14,5,1,0
val,baseline_dicebce,P52_T2,ensemble,30,0.7089693020065169,14,9,13,4,1,0
val,baseline_dicebce,P52_T2,ensemble,50,0.6959115634321811,14,7,10,3,1,0
val,baseline_dicebce,P52_T2,ensemble,80,0.6811156510925565,14,6,9,3,1,0
test,baseline,P55,single,0,0.6479612614769451,37.0,22.333333333333332,25.0,2.6666666666666665,10.0,2.3333333333333335
test,baseline,P55,ensemble,0,0.6518502055783976,37,23,25,2,10,3
test,baseline,P55,ensemble,5,0.6519951094809381,37,23,25,2,10,3
test,baseline,P55,ensemble,10,0.6491423479616841,37,21,22,2,10,1
test,baseline,P55,ensemble,20,0.6443148688046647,37,18,18,1,10,1
test,baseline,P55,ensemble,30,0.6405037670077589,37,17,17,1,10,1
test,baseline,P55,ensemble,50,0.6298443004886919,37,14,14,1,10,0
test,baseline,P55,ensemble,80,0.6115183246073298,37,12,11,0,10,0
val,baseline_dicebce,P53_T1,single,0,0.5949886746173406,22.0,15.666666666666666,22.0,6.333333333333333,7.0,3.3333333333333335
val,baseline_dicebce,P53_T1,ensemble,0,0.6104586749390649,22,15,19,4,7,3
val,baseline_dicebce,P53_T1,ensemble,5,0.610575324243432,22,15,18,3,7,3
val,baseline_dicebce,P53_T1,ensemble,10,0.610575324243432,22,15,18,3,7,3
val,baseline_dicebce,P53_T1,ensemble,20,0.6116601887840089,22,15,17,2,7,3
val,baseline_dicebce,P53_T1,ensemble,30,0.6116601887840089,22,15,17,2,7,3
val,baseline_dicebce,P53_T1,ensemble,50,0.6071229206207436,22,14,16,2,7,2
val,baseline_dicebce,P53_T1,ensemble,80,0.5843268896863063,22,9,11,2,7,0
test,baseline,P58,single,0,0.6110894635962599,42.0,26.0,34.666666666666664,7.333333333333333,9.0,3.6666666666666665
test,baseline,P58,ensemble,0,0.6159046733710809,42,26,35,7,9,4
test,baseline,P58,ensemble,5,0.6156706956301242,42,26,35,7,9,4
test,baseline,P58,ensemble,10,0.614733993064366,42,25,34,7,9,4
test,baseline,P58,ensemble,20,0.6093019301079841,42,21,29,6,9,3
test,baseline,P58,ensemble,30,0.6080397702922774,42,20,25,4,9,2
test,baseline,P58,ensemble,50,0.6006057983556902,42,19,22,3,9,2
test,baseline,P58,ensemble,80,0.562952372442141,42,14,16,3,9,2
test,baseline,P56,single,0,0.7067599907709002,3.0,2.0,13.0,10.666666666666666,0.0,0.0
test,baseline,P56,ensemble,0,0.714409471556454,3,2,13,11,0,0
test,baseline,P56,ensemble,5,0.7162709901563404,3,2,11,9,0,0
test,baseline,P56,ensemble,10,0.720442632498544,3,2,8,6,0,0
test,baseline,P56,ensemble,20,0.7276470588235294,3,2,6,4,0,0
test,baseline,P56,ensemble,30,0.7334716869255855,3,2,5,3,0,0
test,baseline,P56,ensemble,50,0.7334716869255855,3,2,5,3,0,0
test,baseline,P56,ensemble,80,0.7619340930089313,3,2,3,1,0,0
test,baseline,P61,single,0,0.6781153341100726,12.0,10.0,20.666666666666668,9.0,1.0,0.0
test,baseline,P61,ensemble,0,0.6813104988830976,12,10,18,7,1,0
test,baseline,P61,ensemble,5,0.6813104988830976,12,10,18,7,1,0
test,baseline,P61,ensemble,10,0.6813104988830976,12,10,18,7,1,0
test,baseline,P61,ensemble,20,0.6823266219239373,12,10,17,6,1,0
test,baseline,P61,ensemble,30,0.6823266219239373,12,10,17,6,1,0
test,baseline,P61,ensemble,50,0.6830139045471627,12,10,15,5,1,0
test,baseline,P61,ensemble,80,0.6841402973694243,12,10,13,4,1,0
test,baseline,P57,single,0,0.7374239231042763,100.0,37.0,51.0,3.0,37.0,0.6666666666666666
test,baseline,P57,ensemble,0,0.7452521101732563,100,34,47,2,37,0
test,baseline,P57,ensemble,5,0.7450256182396312,100,32,45,2,37,0
test,baseline,P57,ensemble,10,0.7448687682266352,100,31,44,2,37,0
test,baseline,P57,ensemble,20,0.7444851919764405,100,29,42,2,37,0
test,baseline,P57,ensemble,30,0.7435972343947804,100,27,38,1,37,0
test,baseline,P57,ensemble,50,0.7418091614755354,100,24,35,1,37,0
test,baseline,P57,ensemble,80,0.7339434089377948,100,21,27,1,37,0
test,baseline,P60,single,0,0.6810563060352938,25.0,24.0,44.333333333333336,19.666666666666668,1.0,0.0
test,baseline,P60,ensemble,0,0.6966911764705882,25,24,44,19,1,0
test,baseline,P60,ensemble,5,0.6972465812227877,25,24,40,15,1,0
test,baseline,P60,ensemble,10,0.6966871165644172,25,24,39,15,1,0
test,baseline,P60,ensemble,20,0.6999938359119768,25,24,33,9,1,0
test,baseline,P60,ensemble,30,0.7033308476261496,25,23,28,5,1,0
test,baseline,P60,ensemble,50,0.6975634262748053,25,20,24,4,1,0
test,baseline,P60,ensemble,80,0.6895630604846403,25,18,21,3,1,0
test,baseline,P59,single,0,0.4074706562602577,15.0,11.333333333333334,19.333333333333332,9.0,6.0,3.0
test,baseline,P59,ensemble,0,0.42346938775510207,15,12,16,5,6,3
test,baseline,P59,ensemble,5,0.42346938775510207,15,12,16,5,6,3
test,baseline,P59,ensemble,10,0.4191142191142191,15,11,13,4,6,3
test,baseline,P59,ensemble,20,0.4168233082706767,15,10,10,2,6,3
test,baseline,P59,ensemble,30,0.41918714555765596,15,10,9,1,6,3
test,baseline,P59,ensemble,50,0.4013605442176871,15,7,6,0,6,1
test,baseline,P59,ensemble,80,0.403960396039604,15,6,5,0,6,0
test,baseline,P63,single,0,0.7667961139619948,12.0,10.333333333333334,15.666666666666666,5.333333333333333,3.0,2.0
test,baseline,P63,ensemble,0,0.7711223203026482,12,10,16,6,3,2
test,baseline,P63,ensemble,5,0.7711223203026482,12,10,16,6,3,2
test,baseline,P63,ensemble,10,0.7725837018319647,12,10,14,4,3,2
test,baseline,P63,ensemble,20,0.7757691087852838,12,10,12,2,3,2
test,baseline,P63,ensemble,30,0.77266209972917,12,9,11,2,3,2
test,baseline,P63,ensemble,50,0.777059773828756,12,8,9,1,3,1
test,baseline,P63,ensemble,80,0.7750774751264068,12,7,8,1,3,0
test,baseline,P62,single,0,0.7429219445252159,49.0,37.0,40.666666666666664,4.0,18.0,9.666666666666666
test,baseline,P62,ensemble,0,0.7486938349007315,49,37,40,3,18,9
test,baseline,P62,ensemble,5,0.7474800366540123,49,35,37,2,18,7
test,baseline,P62,ensemble,10,0.746782243236144,49,34,33,0,18,7
test,baseline,P62,ensemble,20,0.7383313499933889,49,31,30,0,18,7
test,baseline,P62,ensemble,30,0.71801107958384,49,26,24,0,18,5
test,baseline,P62,ensemble,50,0.7035768123886529,49,23,21,0,18,3
test,baseline,P62,ensemble,80,0.6535203038270523,49,16,14,0,18,2
test,baseline,P64,single,0,0.725696934576671,30.0,20.333333333333332,28.666666666666668,8.0,7.0,2.6666666666666665
test,baseline,P64,ensemble,0,0.735387045813586,30,20,27,7,7,2
test,baseline,P64,ensemble,5,0.73582295988935,30,20,25,5,7,2
test,baseline,P64,ensemble,10,0.73582295988935,30,20,25,5,7,2
test,baseline,P64,ensemble,20,0.7364556459615003,30,19,22,3,7,2
test,baseline,P64,ensemble,30,0.734832583708146,30,17,19,2,7,1
test,baseline,P64,ensemble,50,0.734832583708146,30,17,19,2,7,1
test,baseline,P64,ensemble,80,0.7192087454450807,30,12,13,1,7,1
test,baseline,P66,single,0,0.6778990656059641,56.0,28.333333333333332,33.666666666666664,4.666666666666667,19.0,2.0
test,baseline,P66,ensemble,0,0.6807552091051898,56,30,34,4,19,2
test,baseline,P66,ensemble,5,0.6804814419542274,56,28,32,4,19,2
test,baseline,P66,ensemble,10,0.6802075611564121,56,27,31,4,19,2
test,baseline,P66,ensemble,20,0.6795504548968306,56,24,25,1,19,1
test,baseline,P66,ensemble,30,0.677790358143138,56,22,22,1,19,0
test,baseline,P66,ensemble,50,0.6736514398611028,56,18,18,1,19,0
test,baseline,P66,ensemble,80,0.665802562170309,56,14,14,1,19,0
test,baseline,P68,single,0,0.30971801817758743,6.0,3.6666666666666665,11.0,7.333333333333333,0.0,0.0
test,baseline,P68,ensemble,0,0.28028503562945367,6,4,10,6,0,0
test,baseline,P68,ensemble,5,0.28095238095238095,6,4,9,5,0,0
test,baseline,P68,ensemble,10,0.2838813151563753,6,4,7,3,0,0
test,baseline,P68,ensemble,20,0.2838813151563753,6,4,7,3,0,0
test,baseline,P68,ensemble,30,0.21070234113712374,6,2,5,3,0,0
test,baseline,P68,ensemble,50,0.22281167108753316,6,2,3,1,0,0
test,baseline,P68,ensemble,80,0.14945919370698132,6,1,1,0,0,0
test,baseline,P69,single,0,0.8185388868140651,25.0,16.666666666666668,20.0,3.0,7.0,0.6666666666666666
test,baseline,P69,ensemble,0,0.8245645863570392,25,17,20,3,7,1
test,baseline,P69,ensemble,5,0.8245645863570392,25,17,20,3,7,1
test,baseline,P69,ensemble,10,0.8245980561358888,25,16,18,2,7,0
test,baseline,P69,ensemble,20,0.8253477588871716,25,16,17,1,7,0
test,baseline,P69,ensemble,30,0.8227790432801823,25,15,16,1,7,0
test,baseline,P69,ensemble,50,0.8138847858197932,25,12,12,0,7,0
test,baseline,P69,ensemble,80,0.7946696696696697,25,9,9,0,7,0
test,baseline,P71,single,0,0.6069443744325956,18.0,15.333333333333334,19.333333333333332,5.0,7.0,4.333333333333333
test,baseline,P71,ensemble,0,0.61461753617901,18,15,16,4,7,4
test,baseline,P71,ensemble,5,0.6145795302421808,18,15,15,3,7,4
test,baseline,P71,ensemble,10,0.615178462662931,18,15,14,2,7,4
test,baseline,P71,ensemble,20,0.6133007931665649,18,14,13,2,7,3
test,baseline,P71,ensemble,30,0.60871694417238,18,14,12,2,7,3
test,baseline,P71,ensemble,50,0.6061952363322226,18,13,10,1,7,3
test,baseline,P71,ensemble,80,0.5885299273729026,18,11,8,1,7,3
test,baseline,P67,single,0,0.7409849655092775,72.0,51.0,52.0,7.666666666666667,17.0,7.0
test,baseline,P67,ensemble,0,0.7442337469082426,72,51,48,5,17,7
test,baseline,P67,ensemble,5,0.7442777263767649,72,50,46,4,17,7
test,baseline,P67,ensemble,10,0.744075638704486,72,49,45,4,17,6
test,baseline,P67,ensemble,20,0.7436165928312525,72,46,42,4,17,5
test,baseline,P67,ensemble,30,0.7436165928312525,72,46,42,4,17,5
test,baseline,P67,ensemble,50,0.7428213470204296,72,44,37,2,17,4
test,baseline,P67,ensemble,80,0.7373108833577355,72,40,32,2,17,4
test,baseline,P65,single,0,0.7740819070996815,192.0,122.0,133.33333333333334,4.0,89.0,31.666666666666668
test,baseline,P65,ensemble,0,0.776028721347694,192,119,130,4,89,31
test,baseline,P65,ensemble,5,0.775886615244045,192,117,127,3,89,30
test,baseline,P65,ensemble,10,0.7754086860398376,192,114,124,3,89,28
test,baseline,P65,ensemble,20,0.772753462367427,192,105,113,2,89,21
test,baseline,P65,ensemble,30,0.7674148606811145,192,93,99,1,89,14
test,baseline,P65,ensemble,50,0.7525081418985378,192,75,78,1,89,6
test,baseline,P65,ensemble,80,0.7298721181556196,192,57,57,0,89,3
test,baseline,P70,single,0,0.6999534646136479,20.0,14.666666666666666,21.666666666666668,6.333333333333333,4.0,0.6666666666666666
test,baseline,P70,ensemble,0,0.6949668487552646,20,14,19,4,4,1
test,baseline,P70,ensemble,5,0.6947491345873128,20,13,18,4,4,0
test,baseline,P70,ensemble,10,0.6949230319969963,20,13,17,3,4,0
test,baseline,P70,ensemble,20,0.6954742818971276,20,13,16,2,4,0
test,baseline,P70,ensemble,30,0.6961427556521376,20,13,15,1,4,0
test,baseline,P70,ensemble,50,0.6931441286368025,20,12,12,0,4,0
test,baseline,P70,ensemble,80,0.6931441286368025,20,12,12,0,4,0
test,baseline,P73,single,0,0.699935175747704,31.0,22.333333333333332,32.0,4.333333333333333,4.0,0.3333333333333333
test,baseline,P73,ensemble,0,0.7044837592436581,31,22,33,3,4,0
test,baseline,P73,ensemble,5,0.7045603520928926,31,22,32,2,4,0
test,baseline,P73,ensemble,10,0.7042293101025713,31,22,31,2,4,0
test,baseline,P73,ensemble,20,0.7014315888289134,31,19,28,2,4,0
test,baseline,P73,ensemble,30,0.6994113491876619,31,19,25,1,4,0
test,baseline,P73,ensemble,50,0.6913310190689048,31,18,20,0,4,0
test,baseline,P73,ensemble,80,0.6798195084485407,31,15,17,0,4,0
test,wavelet_ml_db2_l2,P54,single,0,0.7937690750785936,5.0,5.0,8.333333333333334,3.3333333333333335,0.0,0.0
test,wavelet_ml_db2_l2,P54,ensemble,0,0.8086092715231789,5,5,8,3,0,0
test,wavelet_ml_db2_l2,P54,ensemble,5,0.8091451292246521,5,5,8,3,0,0
test,wavelet_ml_db2_l2,P54,ensemble,10,0.8104878858280783,5,5,7,2,0,0
test,wavelet_ml_db2_l2,P54,ensemble,20,0.8134576948700866,5,5,6,1,0,0
test,wavelet_ml_db2_l2,P54,ensemble,30,0.8134576948700866,5,5,6,1,0,0
test,wavelet_ml_db2_l2,P54,ensemble,50,0.7899965741692361,5,3,4,1,0,0
test,wavelet_ml_db2_l2,P54,ensemble,80,0.7899965741692361,5,3,4,1,0,0
test,baseline,P74,single,0,0.6548607455144672,28.0,19.0,26.666666666666668,6.333333333333333,13.0,6.0
test,baseline,P74,ensemble,0,0.6569844203855294,28,20,27,6,13,7
test,baseline,P74,ensemble,5,0.6548344370860927,28,18,24,5,13,6
test,baseline,P74,ensemble,10,0.6530503978779841,28,17,23,5,13,5
test,baseline,P74,ensemble,20,0.6459560792715586,28,15,20,4,13,4
test,baseline,P74,ensemble,30,0.6487818231590473,28,14,17,2,13,3
test,baseline,P74,ensemble,50,0.6216139150270886,28,11,13,1,13,1
test,baseline,P74,ensemble,80,0.5502439024390244,28,7,7,0,13,0
test,baseline,P75,single,0,0.7488782028098208,67.0,48.0,55.0,4.333333333333333,26.0,12.666666666666666
test,baseline,P75,ensemble,0,0.7495646952867007,67,48,55,4,26,12
test,baseline,P75,ensemble,5,0.7495646952867007,67,48,55,4,26,12
test,baseline,P75,ensemble,10,0.747895116670676,67,45,51,4,26,11
test,baseline,P75,ensemble,20,0.7423305444404026,67,38,42,2,26,5
test,baseline,P75,ensemble,30,0.7341153470185728,67,34,37,2,26,3
test,baseline,P75,ensemble,50,0.7090657960823706,67,25,26,1,26,0
test,baseline,P75,ensemble,80,0.693823080833757,67,22,23,1,26,0
test,wavelet_ml_db2_l2,P55,single,0,0.6513532896613937,37.0,24.333333333333332,29.333333333333332,4.333333333333333,10.0,2.6666666666666665
test,wavelet_ml_db2_l2,P55,ensemble,0,0.6585025244387153,37,25,30,5,10,3
test,wavelet_ml_db2_l2,P55,ensemble,5,0.6583530423564825,37,24,28,4,10,3
test,wavelet_ml_db2_l2,P55,ensemble,10,0.6564754010119496,37,22,26,4,10,1
test,wavelet_ml_db2_l2,P55,ensemble,20,0.6508991825613079,37,19,19,1,10,0
test,wavelet_ml_db2_l2,P55,ensemble,30,0.6461538461538462,37,17,16,0,10,0
test,wavelet_ml_db2_l2,P55,ensemble,50,0.6383874183187507,37,15,14,0,10,0
test,wavelet_ml_db2_l2,P55,ensemble,80,0.629522108083966,37,14,13,0,10,0
test,baseline,P72,single,0,0.7060499235453411,13.0,8.333333333333334,24.0,11.0,2.0,0.0
test,baseline,P72,ensemble,0,0.7250141350982805,13,8,24,12,2,0
test,baseline,P72,ensemble,5,0.724977547150983,13,8,23,11,2,0
test,baseline,P72,ensemble,10,0.7250619604451172,13,8,22,10,2,0
test,baseline,P72,ensemble,20,0.7255809308209601,13,8,19,7,2,0
test,baseline,P72,ensemble,30,0.7249654437357403,13,8,18,7,2,0
test,baseline,P72,ensemble,50,0.7233822548365577,13,6,16,7,2,0
test,baseline,P72,ensemble,80,0.724845000752018,13,6,14,5,2,0
test,wavelet_ml_db2_l2,P56,single,0,0.6729465194314752,3.0,2.0,16.333333333333332,13.333333333333334,0.0,0.0
test,wavelet_ml_db2_l2,P56,ensemble,0,0.687304742970747,3,2,15,12,0,0
test,wavelet_ml_db2_l2,P56,ensemble,5,0.6888699117563336,3,2,13,10,0,0
test,wavelet_ml_db2_l2,P56,ensemble,10,0.6888699117563336,3,2,13,10,0,0
test,wavelet_ml_db2_l2,P56,ensemble,20,0.7004341534008683,3,2,9,6,0,0
test,wavelet_ml_db2_l2,P56,ensemble,30,0.7049228080396155,3,2,8,5,0,0
test,wavelet_ml_db2_l2,P56,ensemble,50,0.7236842105263158,3,2,6,3,0,0
test,wavelet_ml_db2_l2,P56,ensemble,80,0.7746478873239436,3,2,3,0,0,0
test,wavelet_ml_db2_l2,P57,single,0,0.726567480312692,100.0,31.0,47.0,2.3333333333333335,37.0,0.0
test,wavelet_ml_db2_l2,P57,ensemble,0,0.7288328394680298,100,31,46,1,37,0
test,wavelet_ml_db2_l2,P57,ensemble,5,0.7288533108630012,100,31,46,1,37,0
test,wavelet_ml_db2_l2,P57,ensemble,10,0.7284580259922726,100,27,41,1,37,0
test,wavelet_ml_db2_l2,P57,ensemble,20,0.7279397295701796,100,25,39,1,37,0
test,wavelet_ml_db2_l2,P57,ensemble,30,0.7275641476274165,100,25,38,1,37,0
test,wavelet_ml_db2_l2,P57,ensemble,50,0.7246528169809191,100,20,31,1,37,0
test,wavelet_ml_db2_l2,P57,ensemble,80,0.7213421108515609,100,20,27,1,37,0
test,wavelet_ml_db2_l2,P58,single,0,0.593766238791691,42.0,27.0,40.0,10.666666666666666,9.0,4.0
test,wavelet_ml_db2_l2,P58,ensemble,0,0.5942017014950028,42,27,40,11,9,4
test,wavelet_ml_db2_l2,P58,ensemble,5,0.5943131096048934,42,27,38,9,9,4
test,wavelet_ml_db2_l2,P58,ensemble,10,0.5928009929664874,42,25,36,9,9,4
test,wavelet_ml_db2_l2,P58,ensemble,20,0.5866911887644206,42,20,28,6,9,1
test,wavelet_ml_db2_l2,P58,ensemble,30,0.5795904609421084,42,17,24,5,9,1
test,wavelet_ml_db2_l2,P58,ensemble,50,0.5691484845912217,42,17,22,5,9,1
test,wavelet_ml_db2_l2,P58,ensemble,80,0.5442164993452641,42,13,17,4,9,1
test,wavelet_ml_db2_l2,P61,single,0,0.6796397017187678,12.0,10.0,23.0,9.333333333333334,1.0,0.0
test,wavelet_ml_db2_l2,P61,ensemble,0,0.6855419342284491,12,10,21,8,1,0
test,wavelet_ml_db2_l2,P61,ensemble,5,0.6855419342284491,12,10,21,8,1,0
test,wavelet_ml_db2_l2,P61,ensemble,10,0.6855419342284491,12,10,21,8,1,0
test,wavelet_ml_db2_l2,P61,ensemble,20,0.6871464794226644,12,10,19,6,1,0
test,wavelet_ml_db2_l2,P61,ensemble,30,0.6871464794226644,12,10,19,6,1,0
test,wavelet_ml_db2_l2,P61,ensemble,50,0.6896349221885093,12,10,18,5,1,0
test,wavelet_ml_db2_l2,P61,ensemble,80,0.6975614691895173,12,10,13,2,1,0
test,wavelet_ml_db2_l2,P63,single,0,0.7533713226774451,12.0,10.333333333333334,17.666666666666668,7.333333333333333,3.0,2.3333333333333335
test,wavelet_ml_db2_l2,P63,ensemble,0,0.7611085307323116,12,10,15,5,3,2
test,wavelet_ml_db2_l2,P63,ensemble,5,0.7598821888079368,12,9,14,5,3,2
test,wavelet_ml_db2_l2,P63,ensemble,10,0.7605896043444531,12,9,13,4,3,2
test,wavelet_ml_db2_l2,P63,ensemble,20,0.7648619129349352,12,9,11,2,3,2
test,wavelet_ml_db2_l2,P63,ensemble,30,0.7648619129349352,12,9,11,2,3,2
test,wavelet_ml_db2_l2,P63,ensemble,50,0.7636819821232554,12,8,10,2,3,1
test,wavelet_ml_db2_l2,P63,ensemble,80,0.7617539971505461,12,7,9,2,3,0
test,wavelet_ml_db2_l2,P62,single,0,0.7284304950464057,49.0,38.0,47.0,8.666666666666666,18.0,10.0
test,wavelet_ml_db2_l2,P62,ensemble,0,0.7339148021741878,49,39,48,8,18,10
test,wavelet_ml_db2_l2,P62,ensemble,5,0.7350297506013419,49,39,46,6,18,10
test,wavelet_ml_db2_l2,P62,ensemble,10,0.7311800610376399,49,36,41,5,18,9
test,wavelet_ml_db2_l2,P62,ensemble,20,0.7260819314241684,49,32,35,3,18,7
test,wavelet_ml_db2_l2,P62,ensemble,30,0.7086614173228346,49,27,28,2,18,5
test,wavelet_ml_db2_l2,P62,ensemble,50,0.6872889369174658,49,22,22,1,18,3
test,wavelet_ml_db2_l2,P62,ensemble,80,0.639664400405034,49,14,14,1,18,1
test,wavelet_ml_db2_l2,P60,single,0,0.6609007340051534,25.0,24.0,48.666666666666664,22.666666666666668,1.0,0.0
test,wavelet_ml_db2_l2,P60,ensemble,0,0.6691831318195223,25,24,50,24,1,0
test,wavelet_ml_db2_l2,P60,ensemble,5,0.6696570855220445,25,24,47,21,1,0
test,wavelet_ml_db2_l2,P60,ensemble,10,0.6728340152997687,25,24,36,10,1,0
test,wavelet_ml_db2_l2,P60,ensemble,20,0.672414818338586,25,24,33,8,1,0
test,wavelet_ml_db2_l2,P60,ensemble,30,0.6733357151363583,25,24,32,7,1,0
test,wavelet_ml_db2_l2,P60,ensemble,50,0.6656624691209254,25,20,27,6,1,0
test,wavelet_ml_db2_l2,P60,ensemble,80,0.6538485240648302,25,17,21,4,1,0
test,wavelet_ml_db2_l2,P59,single,0,0.4473783225860797,15.0,11.666666666666666,23.333333333333332,12.666666666666666,6.0,3.3333333333333335
test,wavelet_ml_db2_l2,P59,ensemble,0,0.45562390158172233,15,11,22,12,6,3
test,wavelet_ml_db2_l2,P59,ensemble,5,0.45602462620932277,15,11,21,11,6,3
test,wavelet_ml_db2_l2,P59,ensemble,10,0.4579377345992493,15,11,18,8,6,3
test,wavelet_ml_db2_l2,P59,ensemble,20,0.4624773960216998,15,11,11,2,6,3
test,wavelet_ml_db2_l2,P59,ensemble,30,0.4624773960216998,15,11,11,2,6,3
test,wavelet_ml_db2_l2,P59,ensemble,50,0.451673297449099,15,8,7,0,6,1
test,wavelet_ml_db2_l2,P59,ensemble,80,0.4553656220322887,15,7,6,0,6,0
test,wavelet_ml_db2_l2,P64,single,0,0.7112516251899236,30.0,19.333333333333332,30.666666666666668,9.333333333333334,7.0,2.0
test,wavelet_ml_db2_l2,P64,ensemble,0,0.7249871200412159,30,19,29,8,7,2
test,wavelet_ml_db2_l2,P64,ensemble,5,0.7250231982678627,30,19,29,8,7,2
test,wavelet_ml_db2_l2,P64,ensemble,10,0.7261462205700124,30,19,27,6,7,2
test,wavelet_ml_db2_l2,P64,ensemble,20,0.7280108254397835,30,18,22,2,7,2
test,wavelet_ml_db2_l2,P64,ensemble,30,0.7266833960685906,30,17,20,1,7,2
test,wavelet_ml_db2_l2,P64,ensemble,50,0.7231208372978116,30,14,17,1,7,0
test,wavelet_ml_db2_l2,P64,ensemble,80,0.7030132234988077,30,10,13,1,7,0
test,wavelet_ml_db2_l2,P66,single,0,0.667824227380969,56.0,28.333333333333332,38.0,5.666666666666667,19.0,3.6666666666666665
test,wavelet_ml_db2_l2,P66,ensemble,0,0.6710192237939789,56,28,36,5,19,3
test,wavelet_ml_db2_l2,P66,ensemble,5,0.6709993349857929,56,28,36,5,19,3
test,wavelet_ml_db2_l2,P66,ensemble,10,0.6700344848448182,56,24,32,5,19,2
test,wavelet_ml_db2_l2,P66,ensemble,20,0.6689910259519767,56,21,27,3,19,1
test,wavelet_ml_db2_l2,P66,ensemble,30,0.6667274440088735,56,18,24,3,19,0
test,wavelet_ml_db2_l2,P66,ensemble,50,0.6632858801246411,56,15,20,2,19,0
test,wavelet_ml_db2_l2,P66,ensemble,80,0.6589591830476249,56,13,18,2,19,0
test,wavelet_ml_db2_l2,P71,single,0,0.594985007119739,18.0,15.0,24.666666666666668,9.666666666666666,7.0,4.0
test,wavelet_ml_db2_l2,P71,ensemble,0,0.6073187895847995,18,15,24,8,7,4
test,wavelet_ml_db2_l2,P71,ensemble,5,0.6079605494892568,18,15,22,6,7,4
test,wavelet_ml_db2_l2,P71,ensemble,10,0.6083176691729323,18,15,21,5,7,4
test,wavelet_ml_db2_l2,P71,ensemble,20,0.6043488536988891,18,14,18,4,7,3
test,wavelet_ml_db2_l2,P71,ensemble,30,0.6011409555502734,18,13,16,3,7,3
test,wavelet_ml_db2_l2,P71,ensemble,50,0.5908649173955296,18,12,11,1,7,3
test,wavelet_ml_db2_l2,P71,ensemble,80,0.5908649173955296,18,12,11,1,7,3
test,wavelet_ml_db2_l2,P68,single,0,0.348606749192798,6.0,3.6666666666666665,13.666666666666666,10.0,0.0,0.0
test,wavelet_ml_db2_l2,P68,ensemble,0,0.39118825100133514,6,4,12,8,0,0
test,wavelet_ml_db2_l2,P68,ensemble,5,0.392235609103079,6,4,11,7,0,0
test,wavelet_ml_db2_l2,P68,ensemble,10,0.39594594594594595,6,4,9,5,0,0
test,wavelet_ml_db2_l2,P68,ensemble,20,0.3806275579809004,6,3,8,5,0,0
test,wavelet_ml_db2_l2,P68,ensemble,30,0.3866943866943867,6,3,7,4,0,0
test,wavelet_ml_db2_l2,P68,ensemble,50,0.4157973174366617,6,3,4,1,0,0
test,wavelet_ml_db2_l2,P68,ensemble,80,0.3502736512900704,6,2,3,1,0,0
test,wavelet_ml_db2_l2,P65,single,0,0.7662024493191931,192.0,127.33333333333333,140.33333333333334,2.3333333333333335,89.0,35.666666666666664
test,wavelet_ml_db2_l2,P65,ensemble,0,0.7714291753863065,192,122,138,4,89,32
test,wavelet_ml_db2_l2,P65,ensemble,5,0.7710654853783858,192,121,136,4,89,31
test,wavelet_ml_db2_l2,P65,ensemble,10,0.7706115191668607,192,117,130,2,89,29
test,wavelet_ml_db2_l2,P65,ensemble,20,0.7663149834084915,192,103,114,2,89,19
test,wavelet_ml_db2_l2,P65,ensemble,30,0.7580357717991111,192,88,97,2,89,10
test,wavelet_ml_db2_l2,P65,ensemble,50,0.7435113169623351,192,72,76,1,89,5
test,wavelet_ml_db2_l2,P65,ensemble,80,0.7228183842883175,192,55,55,0,89,2
test,wavelet_ml_db2_l2,P69,single,0,0.8265461683277248,25.0,17.0,19.333333333333332,2.0,7.0,1.3333333333333333
test,wavelet_ml_db2_l2,P69,ensemble,0,0.8330360328219765,25,18,19,1,7,2
test,wavelet_ml_db2_l2,P69,ensemble,5,0.8327237041662949,25,17,18,1,7,1
test,wavelet_ml_db2_l2,P69,ensemble,10,0.832202784719743,25,16,17,1,7,0
test,wavelet_ml_db2_l2,P69,ensemble,20,0.833467417538214,25,16,16,0,7,0
test,wavelet_ml_db2_l2,P69,ensemble,30,0.8315572669472553,25,15,15,0,7,0
test,wavelet_ml_db2_l2,P69,ensemble,50,0.8248648648648649,25,13,13,0,7,0
test,wavelet_ml_db2_l2,P69,ensemble,80,0.8008833271991167,25,9,9,0,7,0
test,wavelet_ml_db2_l2,P70,single,0,0.6881939932021527,20.0,14.0,20.666666666666668,5.0,4.0,0.0
test,wavelet_ml_db2_l2,P70,ensemble,0,0.6940928270042194,20,14,19,3,4,0
test,wavelet_ml_db2_l2,P70,ensemble,5,0.6941233352380115,20,14,19,3,4,0
test,wavelet_ml_db2_l2,P70,ensemble,10,0.6938362789061813,20,13,18,3,4,0
test,wavelet_ml_db2_l2,P70,ensemble,20,0.6947831829187762,20,13,16,1,4,0
test,wavelet_ml_db2_l2,P70,ensemble,30,0.6947831829187762,20,13,16,1,4,0
test,wavelet_ml_db2_l2,P70,ensemble,50,0.6909219357117626,20,12,14,1,4,0
test,wavelet_ml_db2_l2,P70,ensemble,80,0.6886934896527223,20,11,12,0,4,0
test,wavelet_ml_db2_l2,P67,single,0,0.7295844163621844,72.0,52.333333333333336,55.0,9.333333333333334,17.0,9.0
test,wavelet_ml_db2_l2,P67,ensemble,0,0.7359645590012082,72,51,50,6,17,8
test,wavelet_ml_db2_l2,P67,ensemble,5,0.7359983888832947,72,51,50,6,17,8
test,wavelet_ml_db2_l2,P67,ensemble,10,0.7359874279727606,72,50,47,4,17,7
test,wavelet_ml_db2_l2,P67,ensemble,20,0.734926144160142,72,45,42,4,17,5
test,wavelet_ml_db2_l2,P67,ensemble,30,0.7353119321623258,72,45,41,3,17,5
test,wavelet_ml_db2_l2,P67,ensemble,50,0.732001217161984,72,40,36,2,17,4
test,wavelet_ml_db2_l2,P67,ensemble,80,0.7285327028514359,72,39,32,1,17,4
test,wavelet_ml_db2_l2,P73,single,0,0.6969339732099004,31.0,22.333333333333332,34.333333333333336,3.6666666666666665,4.0,0.3333333333333333
test,wavelet_ml_db2_l2,P73,ensemble,0,0.7007670227283422,31,22,34,4,4,0
test,wavelet_ml_db2_l2,P73,ensemble,5,0.7008,31,22,34,4,4,0
test,wavelet_ml_db2_l2,P73,ensemble,10,0.7011591744416172,31,22,30,1,4,0
test,wavelet_ml_db2_l2,P73,ensemble,20,0.6995046001415428,31,20,28,1,4,0
test,wavelet_ml_db2_l2,P73,ensemble,30,0.6965504169825626,31,19,24,0,4,0
test,wavelet_ml_db2_l2,P73,ensemble,50,0.6849681955138935,31,17,19,0,4,0
test,wavelet_ml_db2_l2,P73,ensemble,80,0.678111175226005,31,15,17,0,4,0
test,wavelet_ml_db2_l2,P74,single,0,0.6509274295287514,28.0,19.666666666666668,28.333333333333332,6.333333333333333,13.0,7.0
test,wavelet_ml_db2_l2,P74,ensemble,0,0.661594963273872,28,19,26,5,13,6
test,wavelet_ml_db2_l2,P74,ensemble,5,0.6619422572178477,28,19,26,5,13,6
test,wavelet_ml_db2_l2,P74,ensemble,10,0.6585687879588065,28,17,23,4,13,5
test,wavelet_ml_db2_l2,P74,ensemble,20,0.6492118621426664,28,15,20,3,13,4
test,wavelet_ml_db2_l2,P74,ensemble,30,0.6330623306233062,28,13,18,3,13,2
test,wavelet_ml_db2_l2,P74,ensemble,50,0.6146285053483665,28,11,12,0,13,1
test,wavelet_ml_db2_l2,P74,ensemble,80,0.5475667189952904,28,7,8,0,13,0
test,wavelet_ml_haar_l2,P54,single,0,0.7742487038755632,5.0,5.0,11.0,6.0,0.0,0.0
test,wavelet_ml_haar_l2,P54,ensemble,0,0.7869158878504673,5,5,9,4,0,0
test,wavelet_ml_haar_l2,P54,ensemble,5,0.7876520112254444,5,5,8,3,0,0
test,wavelet_ml_haar_l2,P54,ensemble,10,0.7896217567989997,5,5,7,2,0,0
test,wavelet_ml_haar_l2,P54,ensemble,20,0.7935909519321395,5,5,6,1,0,0
test,wavelet_ml_haar_l2,P54,ensemble,30,0.7935909519321395,5,5,6,1,0,0
test,wavelet_ml_haar_l2,P54,ensemble,50,0.7843759923785328,5,4,5,1,0,0
test,wavelet_ml_haar_l2,P54,ensemble,80,0.7843759923785328,5,4,5,1,0,0
test,wavelet_ml_db2_l2,P72,single,0,0.7416403299858176,13.0,9.0,32.666666666666664,16.333333333333332,2.0,0.0
test,wavelet_ml_db2_l2,P72,ensemble,0,0.760971379011275,13,9,30,15,2,0
test,wavelet_ml_db2_l2,P72,ensemble,5,0.7609894875620165,13,9,30,15,2,0
test,wavelet_ml_db2_l2,P72,ensemble,10,0.7609408905476955,13,8,25,12,2,0
test,wavelet_ml_db2_l2,P72,ensemble,20,0.7611523033912726,13,8,24,11,2,0
test,wavelet_ml_db2_l2,P72,ensemble,30,0.7617342948996437,13,8,22,9,2,0
test,wavelet_ml_db2_l2,P72,ensemble,50,0.762416669575233,13,6,16,5,2,0
test,wavelet_ml_db2_l2,P72,ensemble,80,0.7601035725532734,13,6,14,5,2,0
test,wavelet_ml_db2_l2,P75,single,0,0.7500282017657094,67.0,48.333333333333336,57.0,6.666666666666667,26.0,12.0
test,wavelet_ml_db2_l2,P75,ensemble,0,0.7562827379200754,67,49,59,7,26,13
test,wavelet_ml_db2_l2,P75,ensemble,5,0.7555686505598115,67,46,53,5,26,10
test,wavelet_ml_db2_l2,P75,ensemble,10,0.7542472864558755,67,44,51,5,26,9
test,wavelet_ml_db2_l2,P75,ensemble,20,0.7501483679525223,67,38,43,3,26,5
test,wavelet_ml_db2_l2,P75,ensemble,30,0.7423026236971367,67,33,37,2,26,3
test,wavelet_ml_db2_l2,P75,ensemble,50,0.7231672989842125,67,26,28,1,26,1
test,wavelet_ml_db2_l2,P75,ensemble,80,0.7010270541082164,67,21,22,1,26,0
test,wavelet_ml_haar_l2,P55,single,0,0.6548750147989252,37.0,23.666666666666668,27.666666666666668,4.0,10.0,3.0
test,wavelet_ml_haar_l2,P55,ensemble,0,0.6584734799482536,37,23,26,4,10,3
test,wavelet_ml_haar_l2,P55,ensemble,5,0.6587575496117343,37,23,25,3,10,3
test,wavelet_ml_haar_l2,P55,ensemble,10,0.6567293151868654,37,21,23,3,10,1
test,wavelet_ml_haar_l2,P55,ensemble,20,0.6511374768694895,37,18,19,2,10,0
test,wavelet_ml_haar_l2,P55,ensemble,30,0.6487196323046619,37,17,17,1,10,0
test,wavelet_ml_haar_l2,P55,ensemble,50,0.6428966891817075,37,15,14,0,10,0
test,wavelet_ml_haar_l2,P55,ensemble,80,0.623496346261945,37,13,12,0,10,0
test,wavelet_ml_haar_l2,P56,single,0,0.6897766878751367,3.0,2.0,15.333333333333334,12.666666666666666,0.0,0.0
test,wavelet_ml_haar_l2,P56,ensemble,0,0.7144858503782572,3,2,10,7,0,0
test,wavelet_ml_haar_l2,P56,ensemble,5,0.715086932136848,3,2,10,7,0,0
test,wavelet_ml_haar_l2,P56,ensemble,10,0.7164933970216353,3,2,9,6,0,0
test,wavelet_ml_haar_l2,P56,ensemble,20,0.7213578500707214,3,2,7,4,0,0
test,wavelet_ml_haar_l2,P56,ensemble,30,0.7273245864232744,3,2,6,3,0,0
test,wavelet_ml_haar_l2,P56,ensemble,50,0.7273245864232744,3,2,6,3,0,0
test,wavelet_ml_haar_l2,P56,ensemble,80,0.7562277580071174,3,2,4,1,0,0
test,wavelet_ml_haar_l2,P57,single,0,0.7346544562740925,100.0,35.0,48.0,3.0,37.0,0.0
test,wavelet_ml_haar_l2,P57,ensemble,0,0.7411422671448755,100,35,46,2,37,0
test,wavelet_ml_haar_l2,P57,ensemble,5,0.7409541149775126,100,33,44,2,37,0
test,wavelet_ml_haar_l2,P57,ensemble,10,0.7407487939118027,100,31,42,2,37,0
test,wavelet_ml_haar_l2,P57,ensemble,20,0.7403379508163294,100,30,40,2,37,0
test,wavelet_ml_haar_l2,P57,ensemble,30,0.7387451161904244,100,27,36,2,37,0
test,wavelet_ml_haar_l2,P57,ensemble,50,0.7343705102417799,100,22,27,1,37,0
test,wavelet_ml_haar_l2,P57,ensemble,80,0.730927552140505,100,19,24,1,37,0
test,wavelet_ml_haar_l2,P61,single,0,0.6647385883246547,12.0,10.0,20.333333333333332,9.0,1.0,0.0
test,wavelet_ml_haar_l2,P61,ensemble,0,0.6782142857142858,12,10,19,8,1,0
test,wavelet_ml_haar_l2,P61,ensemble,5,0.6782142857142858,12,10,19,8,1,0
test,wavelet_ml_haar_l2,P61,ensemble,10,0.6785778095408255,12,10,18,7,1,0
test,wavelet_ml_haar_l2,P61,ensemble,20,0.6793060275442676,12,10,17,6,1,0
test,wavelet_ml_haar_l2,P61,ensemble,30,0.6807061564656331,12,10,16,5,1,0
test,wavelet_ml_haar_l2,P61,ensemble,50,0.6783078307830783,12,10,15,5,1,0
test,wavelet_ml_haar_l2,P61,ensemble,80,0.6783078307830783,12,10,15,5,1,0
test,wavelet_ml_haar_l2,P58,single,0,0.597849947895854,42.0,26.0,37.333333333333336,11.0,9.0,3.6666666666666665
test,wavelet_ml_haar_l2,P58,ensemble,0,0.6062985816171168,42,27,34,7,9,4
test,wavelet_ml_haar_l2,P58,ensemble,5,0.6057738572574178,42,26,33,7,9,3
test,wavelet_ml_haar_l2,P58,ensemble,10,0.6057738572574178,42,26,33,7,9,3
test,wavelet_ml_haar_l2,P58,ensemble,20,0.6003882866850024,42,21,25,4,9,2
test,wavelet_ml_haar_l2,P58,ensemble,30,0.5968671374076779,42,19,23,4,9,1
test,wavelet_ml_haar_l2,P58,ensemble,50,0.5883892068683565,42,18,21,4,9,1
test,wavelet_ml_haar_l2,P58,ensemble,80,0.5559591181687642,42,13,15,3,9,1
test,wavelet_ml_haar_l2,P62,single,0,0.7343149140289672,49.0,39.333333333333336,47.666666666666664,7.666666666666667,18.0,10.333333333333334
test,wavelet_ml_haar_l2,P62,ensemble,0,0.7451836629848446,49,39,47,6,18,9
test,wavelet_ml_haar_l2,P62,ensemble,5,0.7450475945459223,49,39,44,4,18,9
test,wavelet_ml_haar_l2,P62,ensemble,10,0.7428792370150793,49,37,41,4,18,8
test,wavelet_ml_haar_l2,P62,ensemble,20,0.726962457337884,49,30,31,2,18,7
test,wavelet_ml_haar_l2,P62,ensemble,30,0.7092387681642448,49,25,26,2,18,4
test,wavelet_ml_haar_l2,P62,ensemble,50,0.6923703502579419,49,21,22,2,18,2
test,wavelet_ml_haar_l2,P62,ensemble,80,0.6574434356535523,49,15,15,1,18,1
test,wavelet_ml_haar_l2,P63,single,0,0.7499678015873958,12.0,11.666666666666666,18.666666666666668,7.0,3.0,2.6666666666666665
test,wavelet_ml_haar_l2,P63,ensemble,0,0.7565019011406844,12,12,18,6,3,3
test,wavelet_ml_haar_l2,P63,ensemble,5,0.7570776255707763,12,12,17,5,3,3
test,wavelet_ml_haar_l2,P63,ensemble,10,0.7557659996945165,12,10,14,4,3,2
test,wavelet_ml_haar_l2,P63,ensemble,20,0.7573855808969845,12,10,13,3,3,2
test,wavelet_ml_haar_l2,P63,ensemble,30,0.7547980961154613,12,9,12,3,3,2
test,wavelet_ml_haar_l2,P63,ensemble,50,0.7579667340276698,12,8,10,2,3,1
test,wavelet_ml_haar_l2,P63,ensemble,80,0.7560018829436687,12,7,9,2,3,0
test,wavelet_ml_haar_l2,P60,single,0,0.627087989024452,25.0,24.0,47.666666666666664,22.666666666666668,1.0,0.0
test,wavelet_ml_haar_l2,P60,ensemble,0,0.6423618877208678,25,24,43,17,1,0
test,wavelet_ml_haar_l2,P60,ensemble,5,0.6427572315783584,25,24,42,16,1,0
test,wavelet_ml_haar_l2,P60,ensemble,10,0.6433331466651733,25,24,40,14,1,0
test,wavelet_ml_haar_l2,P60,ensemble,20,0.644994666217506,25,24,36,10,1,0
test,wavelet_ml_haar_l2,P60,ensemble,30,0.6413511675357062,25,21,29,7,1,0
test,wavelet_ml_haar_l2,P60,ensemble,50,0.6347428571428572,25,19,25,6,1,0
test,wavelet_ml_haar_l2,P60,ensemble,80,0.6285052143684821,25,17,21,4,1,0
test,wavelet_ml_haar_l2,P59,single,0,0.42566702541701784,15.0,11.666666666666666,24.0,12.666666666666666,6.0,3.3333333333333335
test,wavelet_ml_haar_l2,P59,ensemble,0,0.44028595458368375,15,11,18,8,6,3
test,wavelet_ml_haar_l2,P59,ensemble,5,0.44013490725126475,15,11,16,6,6,3
test,wavelet_ml_haar_l2,P59,ensemble,10,0.44013490725126475,15,11,16,6,6,3
test,wavelet_ml_haar_l2,P59,ensemble,20,0.44227917814022455,15,11,14,4,6,3
test,wavelet_ml_haar_l2,P59,ensemble,30,0.4359861591695502,15,10,10,2,6,3
test,wavelet_ml_haar_l2,P59,ensemble,50,0.41653700822404977,15,7,7,1,6,1
test,wavelet_ml_haar_l2,P59,ensemble,80,0.41858367162832655,15,6,6,1,6,0
test,wavelet_ml_haar_l2,P64,single,0,0.7095000320410604,30.0,21.0,33.0,11.0,7.0,1.6666666666666667
test,wavelet_ml_haar_l2,P64,ensemble,0,0.7249807544264819,30,21,33,10,7,2
test,wavelet_ml_haar_l2,P64,ensemble,5,0.7252577816324564,30,20,30,8,7,2
test,wavelet_ml_haar_l2,P64,ensemble,10,0.7274308911656678,30,20,26,4,7,2
test,wavelet_ml_haar_l2,P64,ensemble,20,0.7264782988639674,30,18,23,3,7,1
test,wavelet_ml_haar_l2,P64,ensemble,30,0.7281043207473725,30,18,22,2,7,1
test,wavelet_ml_haar_l2,P64,ensemble,50,0.7209969340322421,30,15,18,1,7,0
test,wavelet_ml_haar_l2,P64,ensemble,80,0.7048315062931384,30,11,14,1,7,0
test,wavelet_ml_haar_l2,P66,single,0,0.6598687272677237,56.0,28.666666666666668,36.333333333333336,4.666666666666667,19.0,3.0
test,wavelet_ml_haar_l2,P66,ensemble,0,0.6617379250360143,56,27,34,4,19,3
test,wavelet_ml_haar_l2,P66,ensemble,5,0.6615012369844765,56,25,32,4,19,3
test,wavelet_ml_haar_l2,P66,ensemble,10,0.6603722246408359,56,22,28,4,19,1
test,wavelet_ml_haar_l2,P66,ensemble,20,0.6594771241830065,56,20,26,4,19,0
test,wavelet_ml_haar_l2,P66,ensemble,30,0.6588908570649953,56,19,25,4,19,0
test,wavelet_ml_haar_l2,P66,ensemble,50,0.6526466066329892,56,14,18,3,19,0
test,wavelet_ml_haar_l2,P66,ensemble,80,0.6494768517240427,56,13,15,2,19,0
test,wavelet_ml_haar_l2,P65,single,0,0.771683746474491,192.0,126.33333333333333,137.33333333333334,2.6666666666666665,89.0,32.666666666666664
test,wavelet_ml_haar_l2,P65,ensemble,0,0.7767115320704553,192,129,140,2,89,33
test,wavelet_ml_haar_l2,P65,ensemble,5,0.7763718340293794,192,125,136,2,89,31
test,wavelet_ml_haar_l2,P65,ensemble,10,0.7751918637299557,192,119,129,2,89,27
test,wavelet_ml_haar_l2,P65,ensemble,20,0.7719283597044212,192,109,117,2,89,21
test,wavelet_ml_haar_l2,P65,ensemble,30,0.7621761986192919,192,89,95,1,89,11
test,wavelet_ml_haar_l2,P65,ensemble,50,0.747764554519138,192,72,75,1,89,5
test,wavelet_ml_haar_l2,P65,ensemble,80,0.7269162131794047,192,56,55,0,89,2
test,wavelet_ml_haar_l2,P71,single,0,0.5785525041742217,18.0,15.0,21.333333333333332,6.666666666666667,7.0,4.0
test,wavelet_ml_haar_l2,P71,ensemble,0,0.5871539065127228,18,15,21,6,7,4
test,wavelet_ml_haar_l2,P71,ensemble,5,0.5872588604755495,18,15,20,5,7,4
test,wavelet_ml_haar_l2,P71,ensemble,10,0.5869003482754747,18,15,18,4,7,4
test,wavelet_ml_haar_l2,P71,ensemble,20,0.587624209575429,18,14,15,2,7,3
test,wavelet_ml_haar_l2,P71,ensemble,30,0.5857921016795279,18,13,13,1,7,3
test,wavelet_ml_haar_l2,P71,ensemble,50,0.5753832075040036,18,12,11,1,7,3
test,wavelet_ml_haar_l2,P71,ensemble,80,0.5554006968641115,18,11,9,1,7,3
test,wavelet_ml_haar_l2,P68,single,0,0.36799558732085513,6.0,3.6666666666666665,13.666666666666666,10.0,0.0,0.0
test,wavelet_ml_haar_l2,P68,ensemble,0,0.3920625375826819,6,4,12,8,0,0
test,wavelet_ml_haar_l2,P68,ensemble,5,0.39229843561973526,6,4,12,8,0,0
test,wavelet_ml_haar_l2,P68,ensemble,10,0.3835450695704779,6,3,11,8,0,0
test,wavelet_ml_haar_l2,P68,ensemble,20,0.3937888198757764,6,3,8,5,0,0
test,wavelet_ml_haar_l2,P68,ensemble,30,0.40075853350189633,6,3,7,4,0,0
test,wavelet_ml_haar_l2,P68,ensemble,50,0.3741403026134801,6,2,4,2,0,0
test,wavelet_ml_haar_l2,P68,ensemble,80,0.39080459770114945,6,2,3,1,0,0
test,wavelet_ml_haar_l2,P67,single,0,0.7213961605239373,72.0,51.333333333333336,51.333333333333336,9.333333333333334,17.0,7.333333333333333
test,wavelet_ml_haar_l2,P67,ensemble,0,0.7255544402568134,72,51,46,7,17,7
test,wavelet_ml_haar_l2,P67,ensemble,5,0.7254162799067988,72,49,44,7,17,6
test,wavelet_ml_haar_l2,P67,ensemble,10,0.7254162799067988,72,49,44,7,17,6
test,wavelet_ml_haar_l2,P67,ensemble,20,0.7251759261015535,72,46,39,5,17,4
test,wavelet_ml_haar_l2,P67,ensemble,30,0.7249288019745586,72,45,37,4,17,4
test,wavelet_ml_haar_l2,P67,ensemble,50,0.725496915695682,72,43,33,2,17,4
test,wavelet_ml_haar_l2,P67,ensemble,80,0.7253711973739456,72,42,31,1,17,4
test,wavelet_ml_haar_l2,P70,single,0,0.6771444604303344,20.0,16.0,25.666666666666668,9.0,4.0,1.0
test,wavelet_ml_haar_l2,P70,ensemble,0,0.6796798750731993,20,15,21,6,4,0
test,wavelet_ml_haar_l2,P70,ensemble,5,0.67970946579194,20,15,20,5,4,0
test,wavelet_ml_haar_l2,P70,ensemble,10,0.6798422059914854,20,15,19,4,4,0
test,wavelet_ml_haar_l2,P70,ensemble,20,0.6801344170053142,20,15,18,3,4,0
test,wavelet_ml_haar_l2,P70,ensemble,30,0.6801344170053142,20,15,18,3,4,0
test,wavelet_ml_haar_l2,P70,ensemble,50,0.6777319992152246,20,14,15,2,4,0
test,wavelet_ml_haar_l2,P70,ensemble,80,0.6796788918621124,20,14,14,1,4,0
test,wavelet_ml_haar_l2,P69,single,0,0.8166701030440966,25.0,17.666666666666668,21.666666666666668,4.0,7.0,1.3333333333333333
test,wavelet_ml_haar_l2,P69,ensemble,0,0.8173211781206171,25,17,20,3,7,1
test,wavelet_ml_haar_l2,P69,ensemble,5,0.8171213051486712,25,16,18,2,7,0
test,wavelet_ml_haar_l2,P69,ensemble,10,0.8171213051486712,25,16,18,2,7,0
test,wavelet_ml_haar_l2,P69,ensemble,20,0.8152508126153035,25,15,17,2,7,0
test,wavelet_ml_haar_l2,P69,ensemble,30,0.8113608210936117,25,13,14,1,7,0
test,wavelet_ml_haar_l2,P69,ensemble,50,0.8113608210936117,25,13,14,1,7,0
test,wavelet_ml_haar_l2,P69,ensemble,80,0.7872763419483101,25,9,10,1,7,0
test,wavelet_ml_haar_l2,P73,single,0,0.7120335716234565,31.0,23.0,33.666666666666664,4.666666666666667,4.0,0.6666666666666666
test,wavelet_ml_haar_l2,P73,ensemble,0,0.7168891056622179,31,22,34,5,4,0
test,wavelet_ml_haar_l2,P73,ensemble,5,0.7167184035476718,31,22,34,5,4,0
test,wavelet_ml_haar_l2,P73,ensemble,10,0.7169727619554609,31,22,33,4,4,0
test,wavelet_ml_haar_l2,P73,ensemble,20,0.7175450300200134,31,21,29,1,4,0
test,wavelet_ml_haar_l2,P73,ensemble,30,0.716231858249488,31,20,28,1,4,0
test,wavelet_ml_haar_l2,P73,ensemble,50,0.7021459227467811,31,18,20,0,4,0
test,wavelet_ml_haar_l2,P73,ensemble,80,0.6959088225945602,31,16,18,0,4,0
test,wavelet_ml_haar_l3,P54,single,0,0.7892974948296017,5.0,5.0,10.333333333333334,5.333333333333333,0.0,0.0
test,wavelet_ml_haar_l3,P54,ensemble,0,0.8089297439264609,5,5,10,5,0,0
test,wavelet_ml_haar_l3,P54,ensemble,5,0.80946123521682,5,5,10,5,0,0
test,wavelet_ml_haar_l3,P54,ensemble,10,0.8118616144975288,5,5,9,4,0,0
test,wavelet_ml_haar_l3,P54,ensemble,20,0.8199667221297837,5,5,7,2,0,0
test,wavelet_ml_haar_l3,P54,ensemble,30,0.825460636515913,5,5,6,1,0,0
test,wavelet_ml_haar_l3,P54,ensemble,50,0.8130523453433038,5,4,5,1,0,0
test,wavelet_ml_haar_l3,P54,ensemble,80,0.7954070981210856,5,3,4,1,0,0
test,wavelet_ml_haar_l2,P72,single,0,0.7539759581442337,13.0,8.666666666666666,28.333333333333332,13.0,2.0,0.0
test,wavelet_ml_haar_l2,P72,ensemble,0,0.7869050079217469,13,9,26,9,2,0
test,wavelet_ml_haar_l2,P72,ensemble,5,0.7868609618299572,13,8,24,8,2,0
test,wavelet_ml_haar_l2,P72,ensemble,10,0.787025387359749,13,8,20,5,2,0
test,wavelet_ml_haar_l2,P72,ensemble,20,0.7866448106289362,13,8,16,3,2,0
test,wavelet_ml_haar_l2,P72,ensemble,30,0.7866448106289362,13,8,16,3,2,0
test,wavelet_ml_haar_l2,P72,ensemble,50,0.7859325633190035,13,7,15,3,2,0
test,wavelet_ml_haar_l2,P72,ensemble,80,0.7854016120066704,13,6,9,0,2,0
test,wavelet_ml_haar_l2,P74,single,0,0.6506919240884824,28.0,17.0,25.333333333333332,6.0,13.0,4.666666666666667
test,wavelet_ml_haar_l2,P74,ensemble,0,0.6535241695922225,28,16,23,5,13,4
test,wavelet_ml_haar_l2,P74,ensemble,5,0.6545847984852583,28,16,22,4,13,4
test,wavelet_ml_haar_l2,P74,ensemble,10,0.6545847984852583,28,16,22,4,13,4
test,wavelet_ml_haar_l2,P74,ensemble,20,0.6503134369037885,28,16,20,3,13,4
test,wavelet_ml_haar_l2,P74,ensemble,30,0.6162464985994398,28,12,16,3,13,1
test,wavelet_ml_haar_l2,P74,ensemble,50,0.6218585622443016,28,11,12,0,13,1
test,wavelet_ml_haar_l2,P74,ensemble,80,0.5420318078545927,28,7,7,0,13,0
test,wavelet_ml_haar_l3,P55,single,0,0.6661908708323747,37.0,26.333333333333332,31.0,4.666666666666667,10.0,2.6666666666666665
test,wavelet_ml_haar_l3,P55,ensemble,0,0.6718783465410152,37,27,32,5,10,3
test,wavelet_ml_haar_l3,P55,ensemble,5,0.672094268880557,37,27,31,4,10,3
test,wavelet_ml_haar_l3,P55,ensemble,10,0.6678130037614186,37,24,27,4,10,2
test,wavelet_ml_haar_l3,P55,ensemble,20,0.6670988654781199,37,22,23,2,10,1
test,wavelet_ml_haar_l3,P55,ensemble,30,0.662964172928237,37,20,20,1,10,1
test,wavelet_ml_haar_l3,P55,ensemble,50,0.6443748602102438,37,15,14,0,10,0
test,wavelet_ml_haar_l3,P55,ensemble,80,0.6335249690001127,37,14,13,0,10,0
test,wavelet_ml_haar_l2,P75,single,0,0.7510577243825094,67.0,46.666666666666664,54.666666666666664,6.333333333333333,26.0,11.666666666666666
test,wavelet_ml_haar_l2,P75,ensemble,0,0.7545662100456622,67,48,53,4,26,12
test,wavelet_ml_haar_l2,P75,ensemble,5,0.7544260422615648,67,47,52,4,26,12
test,wavelet_ml_haar_l2,P75,ensemble,10,0.7525749599450675,67,44,47,3,26,9
test,wavelet_ml_haar_l2,P75,ensemble,20,0.7475421146438223,67,38,41,3,26,5
test,wavelet_ml_haar_l2,P75,ensemble,30,0.7362312111891358,67,32,35,3,26,3
test,wavelet_ml_haar_l2,P75,ensemble,50,0.7184466019417476,67,26,26,2,26,1
test,wavelet_ml_haar_l2,P75,ensemble,80,0.707206935998555,67,23,22,1,26,1
test,wavelet_ml_haar_l3,P56,single,0,0.6583111067205083,3.0,2.0,18.333333333333332,15.333333333333334,0.0,0.0
test,wavelet_ml_haar_l3,P56,ensemble,0,0.6672176308539944,3,2,17,14,0,0
test,wavelet_ml_haar_l3,P56,ensemble,5,0.6698008849557522,3,2,15,12,0,0
test,wavelet_ml_haar_l3,P56,ensemble,10,0.6698008849557522,3,2,15,12,0,0
test,wavelet_ml_haar_l3,P56,ensemble,20,0.6776720761052043,3,2,12,9,0,0
test,wavelet_ml_haar_l3,P56,ensemble,30,0.6981839146728164,3,2,8,5,0,0
test,wavelet_ml_haar_l3,P56,ensemble,50,0.7044793484584061,3,2,7,4,0,0
test,wavelet_ml_haar_l3,P56,ensemble,80,0.7354995444883086,3,2,5,2,0,0
test,wavelet_ml_haar_l3,P57,single,0,0.7339671709249006,100.0,38.0,55.0,3.3333333333333335,37.0,1.3333333333333333
test,wavelet_ml_haar_l3,P57,ensemble,0,0.7354079104851504,100,38,58,4,37,1
test,wavelet_ml_haar_l3,P57,ensemble,5,0.7352228749617173,100,36,54,3,37,0
test,wavelet_ml_haar_l3,P57,ensemble,10,0.7347427648254923,100,33,50,3,37,0
test,wavelet_ml_haar_l3,P57,ensemble,20,0.7340731034098196,100,30,45,2,37,0
test,wavelet_ml_haar_l3,P57,ensemble,30,0.7331724397695409,100,29,43,2,37,0
test,wavelet_ml_haar_l3,P57,ensemble,50,0.7297240480428293,100,23,35,1,37,0
test,wavelet_ml_haar_l3,P57,ensemble,80,0.7240660393305911,100,20,29,1,37,0
test,wavelet_ml_haar_l3,P58,single,0,0.6166625949256326,42.0,27.666666666666668,40.0,12.0,9.0,3.6666666666666665
test,wavelet_ml_haar_l3,P58,ensemble,0,0.6210090984284533,42,28,39,10,9,4
test,wavelet_ml_haar_l3,P58,ensemble,5,0.6208895883376129,42,27,36,8,9,4
test,wavelet_ml_haar_l3,P58,ensemble,10,0.6205638474295191,42,26,34,7,9,3
test,wavelet_ml_haar_l3,P58,ensemble,20,0.6198024732342933,42,25,33,7,9,3
test,wavelet_ml_haar_l3,P58,ensemble,30,0.613402493097967,42,22,29,6,9,2
test,wavelet_ml_haar_l3,P58,ensemble,50,0.57946505608283,42,16,20,5,9,1
test,wavelet_ml_haar_l3,P58,ensemble,80,0.5582052640876171,42,13,16,4,9,1
test,wavelet_ml_haar_l3,P61,single,0,0.6738998692723696,12.0,10.0,20.666666666666668,9.666666666666666,1.0,0.0
test,wavelet_ml_haar_l3,P61,ensemble,0,0.6820130475302889,12,10,20,10,1,0
test,wavelet_ml_haar_l3,P61,ensemble,5,0.6822673876561626,12,10,19,9,1,0
test,wavelet_ml_haar_l3,P61,ensemble,10,0.682840347112065,12,10,18,8,1,0
test,wavelet_ml_haar_l3,P61,ensemble,20,0.6837974210427957,12,10,17,7,1,0
test,wavelet_ml_haar_l3,P61,ensemble,30,0.6866848081073473,12,10,15,5,1,0
test,wavelet_ml_haar_l3,P61,ensemble,50,0.6866848081073473,12,10,15,5,1,0
test,wavelet_ml_haar_l3,P61,ensemble,80,0.6795912520294146,12,9,12,4,1,0
test,wavelet_ml_haar_l3,P62,single,0,0.7299668337386271,49.0,39.333333333333336,48.666666666666664,8.333333333333334,18.0,11.0
test,wavelet_ml_haar_l3,P62,ensemble,0,0.7326236693800877,49,40,49,8,18,11
test,wavelet_ml_haar_l3,P62,ensemble,5,0.7328397540469319,49,39,47,7,18,11
test,wavelet_ml_haar_l3,P62,ensemble,10,0.7328456104944501,49,36,41,4,18,9
test,wavelet_ml_haar_l3,P62,ensemble,20,0.7253556910569106,49,33,37,4,18,8
test,wavelet_ml_haar_l3,P62,ensemble,30,0.7188465499485067,49,30,33,3,18,6
test,wavelet_ml_haar_l3,P62,ensemble,50,0.697289972899729,49,23,23,1,18,3
test,wavelet_ml_haar_l3,P62,ensemble,80,0.6282831280605431,49,13,13,1,18,1
test,wavelet_ml_haar_l3,P64,single,0,0.7007880869303836,30.0,22.333333333333332,38.666666666666664,15.0,7.0,2.0
test,wavelet_ml_haar_l3,P64,ensemble,0,0.7132507149666348,30,22,36,12,7,2
test,wavelet_ml_haar_l3,P64,ensemble,5,0.7132773750476917,30,22,36,12,7,2
test,wavelet_ml_haar_l3,P64,ensemble,10,0.7149139579349905,30,22,33,9,7,2
test,wavelet_ml_haar_l3,P64,ensemble,20,0.7187620146097655,30,22,29,5,7,2
test,wavelet_ml_haar_l3,P64,ensemble,30,0.7116301703163017,30,18,24,4,7,1
test,wavelet_ml_haar_l3,P64,ensemble,50,0.7095247485703017,30,16,21,3,7,0
test,wavelet_ml_haar_l3,P64,ensemble,80,0.6920237851137995,30,11,15,2,7,0
test,wavelet_ml_haar_l3,P63,single,0,0.7478045980319915,12.0,11.0,19.0,8.0,3.0,2.6666666666666665
test,wavelet_ml_haar_l3,P63,ensemble,0,0.7522879804759,12,11,17,6,3,3
test,wavelet_ml_haar_l3,P63,ensemble,5,0.7527472527472527,12,11,17,6,3,3
test,wavelet_ml_haar_l3,P63,ensemble,10,0.7535523300229182,12,11,16,5,3,3
test,wavelet_ml_haar_l3,P63,ensemble,20,0.7520686484829912,12,10,15,5,3,2
test,wavelet_ml_haar_l3,P63,ensemble,30,0.7527812113720643,12,9,13,4,3,2
test,wavelet_ml_haar_l3,P63,ensemble,50,0.7599118942731278,12,8,10,2,3,1
test,wavelet_ml_haar_l3,P63,ensemble,80,0.7575805683441816,12,7,9,2,3,0
test,wavelet_ml_haar_l3,P59,single,0,0.4210851740526769,15.0,12.0,28.333333333333332,17.0,6.0,3.0
test,wavelet_ml_haar_l3,P59,ensemble,0,0.4629516227801592,15,12,22,10,6,3
test,wavelet_ml_haar_l3,P59,ensemble,5,0.4632352941176471,15,12,22,10,6,3
test,wavelet_ml_haar_l3,P59,ensemble,10,0.4645637034002458,15,12,20,8,6,3
test,wavelet_ml_haar_l3,P59,ensemble,20,0.464537536291995,15,12,16,5,6,3
test,wavelet_ml_haar_l3,P59,ensemble,30,0.46044370029300963,15,11,14,4,6,3
test,wavelet_ml_haar_l3,P59,ensemble,50,0.4454664914586071,15,10,9,1,6,3
test,wavelet_ml_haar_l3,P59,ensemble,80,0.41693363844393594,15,6,6,1,6,0
test,wavelet_ml_haar_l3,P60,single,0,0.6571947176873699,25.0,24.0,51.333333333333336,25.0,1.0,0.0
test,wavelet_ml_haar_l3,P60,ensemble,0,0.6701675713948548,25,24,46,19,1,0
test,wavelet_ml_haar_l3,P60,ensemble,5,0.6703686200378072,25,24,44,18,1,0
test,wavelet_ml_haar_l3,P60,ensemble,10,0.6711615803170097,25,24,41,15,1,0
test,wavelet_ml_haar_l3,P60,ensemble,20,0.6714938572022079,25,24,37,12,1,0
test,wavelet_ml_haar_l3,P60,ensemble,30,0.6714938572022079,25,24,37,12,1,0
test,wavelet_ml_haar_l3,P60,ensemble,50,0.669977590697111,25,21,28,7,1,0
test,wavelet_ml_haar_l3,P60,ensemble,80,0.6604714980666084,25,17,21,4,1,0
test,wavelet_ml_haar_l3,P66,single,0,0.6672349986361613,56.0,32.0,40.666666666666664,6.333333333333333,19.0,4.666666666666667
test,wavelet_ml_haar_l3,P66,ensemble,0,0.6769992338971065,56,32,42,7,19,4
test,wavelet_ml_haar_l3,P66,ensemble,5,0.6765122037495578,56,30,40,7,19,4
test,wavelet_ml_haar_l3,P66,ensemble,10,0.6763994573231876,56,29,37,5,19,4
test,wavelet_ml_haar_l3,P66,ensemble,20,0.6749948318124096,56,26,34,5,19,3
test,wavelet_ml_haar_l3,P66,ensemble,30,0.6720674203982314,56,21,27,3,19,1
test,wavelet_ml_haar_l3,P66,ensemble,50,0.6657084680800096,56,15,20,2,19,0
test,wavelet_ml_haar_l3,P66,ensemble,80,0.6629761116794031,56,14,17,1,19,0
test,wavelet_ml_haar_l3,P65,single,0,0.7864173475030921,192.0,137.33333333333334,149.33333333333334,4.666666666666667,89.0,39.666666666666664
test,wavelet_ml_haar_l3,P65,ensemble,0,0.7887956113373784,192,136,147,3,89,38
test,wavelet_ml_haar_l3,P65,ensemble,5,0.7884167636786962,192,135,146,3,89,37
test,wavelet_ml_haar_l3,P65,ensemble,10,0.787480229751103,192,129,139,2,89,32
test,wavelet_ml_haar_l3,P65,ensemble,20,0.7859139650352568,192,122,131,2,89,27
test,wavelet_ml_haar_l3,P65,ensemble,30,0.780899584225778,192,110,119,2,89,22
test,wavelet_ml_haar_l3,P65,ensemble,50,0.7610650069156293,192,80,82,0,89,5
test,wavelet_ml_haar_l3,P65,ensemble,80,0.7382932360919643,192,61,61,0,89,2
test,wavelet_ml_haar_l3,P67,single,0,0.7423161335109231,72.0,56.0,59.333333333333336,12.666666666666666,17.0,9.0
test,wavelet_ml_haar_l3,P67,ensemble,0,0.7480639445760586,72,54,52,8,17,9
test,wavelet_ml_haar_l3,P67,ensemble,5,0.7479888490641179,72,54,52,8,17,9
test,wavelet_ml_haar_l3,P67,ensemble,10,0.7479888490641179,72,54,52,8,17,9
test,wavelet_ml_haar_l3,P67,ensemble,20,0.7479862827976713,72,52,48,6,17,7
test,wavelet_ml_haar_l3,P67,ensemble,30,0.7475106970048386,72,48,42,4,17,6
test,wavelet_ml_haar_l3,P67,ensemble,50,0.7453626311655355,72,43,34,1,17,4
test,wavelet_ml_haar_l3,P67,ensemble,80,0.7431437585955829,72,40,31,1,17,4
test,wavelet_ml_haar_l3,P71,single,0,0.5955454583182013,18.0,16.0,26.0,9.666666666666666,7.0,5.0
test,wavelet_ml_haar_l3,P71,ensemble,0,0.6059466447291103,18,16,28,11,7,5
test,wavelet_ml_haar_l3,P71,ensemble,5,0.6065457970331999,18,16,24,7,7,5
test,wavelet_ml_haar_l3,P71,ensemble,10,0.6060606060606061,18,16,22,6,7,5
test,wavelet_ml_haar_l3,P71,ensemble,20,0.601822269553899,18,15,20,6,7,4
test,wavelet_ml_haar_l3,P71,ensemble,30,0.6050440161789198,18,15,18,4,7,4
test,wavelet_ml_haar_l3,P71,ensemble,50,0.5974942221140981,18,13,13,2,7,3
test,wavelet_ml_haar_l3,P71,ensemble,80,0.5779563143359276,18,10,9,1,7,2
test,wavelet_ml_haar_l3,P70,single,0,0.6789781008320297,20.0,16.0,25.0,8.666666666666666,4.0,1.0
test,wavelet_ml_haar_l3,P70,ensemble,0,0.6817012381411802,20,16,24,8,4,1
test,wavelet_ml_haar_l3,P70,ensemble,5,0.681949806949807,20,16,22,6,4,1
test,wavelet_ml_haar_l3,P70,ensemble,10,0.6822335842827811,20,15,18,3,4,0
test,wavelet_ml_haar_l3,P70,ensemble,20,0.6825908321920567,20,15,17,2,4,0
test,wavelet_ml_haar_l3,P70,ensemble,30,0.6825908321920567,20,15,17,2,4,0
test,wavelet_ml_haar_l3,P70,ensemble,50,0.6794757705687242,20,14,14,1,4,0
test,wavelet_ml_haar_l3,P70,ensemble,80,0.6772921325472657,20,13,12,0,4,0
test,wavelet_ml_haar_l3,P69,single,0,0.8231181193338046,25.0,17.333333333333332,21.666666666666668,4.333333333333333,7.0,1.6666666666666667
test,wavelet_ml_haar_l3,P69,ensemble,0,0.8280470420527442,25,17,22,5,7,1
test,wavelet_ml_haar_l3,P69,ensemble,5,0.828281027104137,25,17,21,4,7,1
test,wavelet_ml_haar_l3,P69,ensemble,10,0.828281027104137,25,17,21,4,7,1
test,wavelet_ml_haar_l3,P69,ensemble,20,0.8297796093889984,25,16,17,1,7,0
test,wavelet_ml_haar_l3,P69,ensemble,30,0.8275738264069653,25,15,16,1,7,0
test,wavelet_ml_haar_l3,P69,ensemble,50,0.8187687551150313,25,12,12,0,7,0
test,wavelet_ml_haar_l3,P69,ensemble,80,0.798149005090236,25,9,9,0,7,0
test,wavelet_ml_haar_l3,P68,single,0,0.42017421185172016,6.0,4.0,13.0,9.0,0.0,0.0
test,wavelet_ml_haar_l3,P68,ensemble,0,0.43799472295514513,6,4,12,8,0,0
test,wavelet_ml_haar_l3,P68,ensemble,5,0.43868921775898523,6,4,11,7,0,0
test,wavelet_ml_haar_l3,P68,ensemble,10,0.43868921775898523,6,4,11,7,0,0
test,wavelet_ml_haar_l3,P68,ensemble,20,0.44148936170212766,6,4,10,6,0,0
test,wavelet_ml_haar_l3,P68,ensemble,30,0.42857142857142855,6,3,7,4,0,0
test,wavelet_ml_haar_l3,P68,ensemble,50,0.4466243508366994,6,3,5,2,0,0
test,wavelet_ml_haar_l3,P68,ensemble,80,0.40023823704586065,6,2,4,2,0,0
test,wavelet_ml_haar_l3,P73,single,0,0.7065191493061347,31.0,24.666666666666668,36.666666666666664,4.666666666666667,4.0,0.6666666666666666
test,wavelet_ml_haar_l3,P73,ensemble,0,0.7077925056184928,31,24,37,5,4,1
test,wavelet_ml_haar_l3,P73,ensemble,5,0.7078306344327722,31,24,36,4,4,1
test,wavelet_ml_haar_l3,P73,ensemble,10,0.7078589790672053,31,24,34,3,4,1
test,wavelet_ml_haar_l3,P73,ensemble,20,0.7077856420626896,31,23,32,2,4,0
test,wavelet_ml_haar_l3,P73,ensemble,30,0.7071665438467207,31,23,30,1,4,0
test,wavelet_ml_haar_l3,P73,ensemble,50,0.6869426452642449,31,17,20,0,4,0
test,wavelet_ml_haar_l3,P73,ensemble,80,0.681058101086443,31,16,18,0,4,0
test,wavelet_ml_sym4_l1,P54,single,0,0.8160026345548242,5.0,5.0,6.666666666666667,1.6666666666666667,0.0,0.0
test,wavelet_ml_sym4_l1,P54,ensemble,0,0.8428770949720671,5,5,7,2,0,0
test,wavelet_ml_sym4_l1,P54,ensemble,5,0.8440559440559441,5,5,6,1,0,0
test,wavelet_ml_sym4_l1,P54,ensemble,10,0.8440559440559441,5,5,6,1,0,0
test,wavelet_ml_sym4_l1,P54,ensemble,20,0.8440559440559441,5,5,6,1,0,0
test,wavelet_ml_sym4_l1,P54,ensemble,30,0.8440559440559441,5,5,6,1,0,0
test,wavelet_ml_sym4_l1,P54,ensemble,50,0.8200716845878137,5,3,4,1,0,0
test,wavelet_ml_sym4_l1,P54,ensemble,80,0.8200716845878137,5,3,4,1,0,0
test,wavelet_ml_haar_l3,P74,single,0,0.6649860039599633,28.0,20.0,29.0,7.0,13.0,7.333333333333333
test,wavelet_ml_haar_l3,P74,ensemble,0,0.6625450798557445,28,21,30,7,13,8
test,wavelet_ml_haar_l3,P74,ensemble,5,0.6623611469904418,28,20,27,5,13,8
test,wavelet_ml_haar_l3,P74,ensemble,10,0.6613112205234517,28,18,25,5,13,7
test,wavelet_ml_haar_l3,P74,ensemble,20,0.6570680628272252,28,16,22,4,13,5
test,wavelet_ml_haar_l3,P74,ensemble,30,0.6485774499473129,28,15,21,4,13,4
test,wavelet_ml_haar_l3,P74,ensemble,50,0.6166143305737939,28,11,13,1,13,1
test,wavelet_ml_haar_l3,P74,ensemble,80,0.5797101449275363,28,8,8,0,13,0
test,wavelet_ml_haar_l3,P72,single,0,0.6990530174176467,13.0,9.0,35.0,22.0,2.0,0.0
test,wavelet_ml_haar_l3,P72,ensemble,0,0.7319012736751799,13,9,35,21,2,0
test,wavelet_ml_haar_l3,P72,ensemble,5,0.732046204620462,13,9,33,19,2,0
test,wavelet_ml_haar_l3,P72,ensemble,10,0.7318707803034055,13,9,30,18,2,0
test,wavelet_ml_haar_l3,P72,ensemble,20,0.7322538003965631,13,8,25,14,2,0
test,wavelet_ml_haar_l3,P72,ensemble,30,0.7329077498098104,13,8,23,12,2,0
test,wavelet_ml_haar_l3,P72,ensemble,50,0.7345441264360183,13,7,17,7,2,0
test,wavelet_ml_haar_l3,P72,ensemble,80,0.7330316742081447,13,6,15,7,2,0
test,wavelet_ml_sym4_l1,P55,single,0,0.6415902274835169,37.0,20.0,22.666666666666668,3.0,10.0,1.0
test,wavelet_ml_sym4_l1,P55,ensemble,0,0.639221895498756,37,20,20,1,10,1
test,wavelet_ml_sym4_l1,P55,ensemble,5,0.6387600407285892,37,19,19,1,10,1
test,wavelet_ml_sym4_l1,P55,ensemble,10,0.6376811594202898,37,18,18,1,10,1
test,wavelet_ml_sym4_l1,P55,ensemble,20,0.6355797594735648,37,17,17,1,10,1
test,wavelet_ml_sym4_l1,P55,ensemble,30,0.6355797594735648,37,17,17,1,10,1
test,wavelet_ml_sym4_l1,P55,ensemble,50,0.6271752909991932,37,14,13,0,10,0
test,wavelet_ml_sym4_l1,P55,ensemble,80,0.6064228785747773,37,12,11,0,10,0
test,wavelet_ml_haar_l3,P75,single,0,0.7605202153952858,67.0,52.0,62.333333333333336,6.666666666666667,26.0,14.333333333333334
test,wavelet_ml_haar_l3,P75,ensemble,0,0.762716779769155,67,52,63,7,26,14
test,wavelet_ml_haar_l3,P75,ensemble,5,0.7624905704172228,67,51,62,7,26,13
test,wavelet_ml_haar_l3,P75,ensemble,10,0.7618936973569561,67,50,59,6,26,13
test,wavelet_ml_haar_l3,P75,ensemble,20,0.7585440074906367,67,45,50,3,26,9
test,wavelet_ml_haar_l3,P75,ensemble,30,0.7485380116959064,67,38,43,3,26,4
test,wavelet_ml_haar_l3,P75,ensemble,50,0.7179205564708036,67,26,29,2,26,1
test,wavelet_ml_haar_l3,P75,ensemble,80,0.6969335925252399,67,21,22,1,26,0
test,wavelet_ml_sym4_l1,P56,single,0,0.6703571123996426,3.0,2.0,17.333333333333332,14.333333333333334,0.0,0.0
test,wavelet_ml_sym4_l1,P56,ensemble,0,0.7217365088935785,3,2,12,9,0,0
test,wavelet_ml_sym4_l1,P56,ensemble,5,0.724357034795764,3,2,11,8,0,0
test,wavelet_ml_sym4_l1,P56,ensemble,10,0.7254545454545455,3,2,10,7,0,0
test,wavelet_ml_sym4_l1,P56,ensemble,20,0.7359360590224409,3,2,6,3,0,0
test,wavelet_ml_sym4_l1,P56,ensemble,30,0.7359360590224409,3,2,6,3,0,0
test,wavelet_ml_sym4_l1,P56,ensemble,50,0.7680461982675649,3,2,3,0,0,0
test,wavelet_ml_sym4_l1,P56,ensemble,80,0.7680461982675649,3,2,3,0,0,0
test,wavelet_ml_sym4_l1,P58,single,0,0.5876944790845983,42.0,24.333333333333332,36.666666666666664,10.0,9.0,3.0
test,wavelet_ml_sym4_l1,P58,ensemble,0,0.5995836224843858,42,24,35,8,9,3
test,wavelet_ml_sym4_l1,P58,ensemble,5,0.5990975355779243,42,24,35,8,9,3
test,wavelet_ml_sym4_l1,P58,ensemble,10,0.5954410997041935,42,20,31,8,9,3
test,wavelet_ml_sym4_l1,P58,ensemble,20,0.5952318574796961,42,19,28,6,9,2
test,wavelet_ml_sym4_l1,P58,ensemble,30,0.5871575794944067,42,17,24,5,9,1
test,wavelet_ml_sym4_l1,P58,ensemble,50,0.5668468468468468,42,14,18,4,9,0
test,wavelet_ml_sym4_l1,P58,ensemble,80,0.5488500459981601,42,11,14,3,9,0
test,wavelet_ml_sym4_l1,P57,single,0,0.7214700372752798,100.0,32.333333333333336,46.666666666666664,1.0,37.0,1.0
test,wavelet_ml_sym4_l1,P57,ensemble,0,0.7233433884239,100,30,47,1,37,0
test,wavelet_ml_sym4_l1,P57,ensemble,5,0.7232270583402971,100,30,46,1,37,0
test,wavelet_ml_sym4_l1,P57,ensemble,10,0.7227748023463402,100,27,43,1,37,0
test,wavelet_ml_sym4_l1,P57,ensemble,20,0.721535144948091,100,24,38,1,37,0
test,wavelet_ml_sym4_l1,P57,ensemble,30,0.7198147911429261,100,23,34,1,37,0
test,wavelet_ml_sym4_l1,P57,ensemble,50,0.7168183177410398,100,21,30,1,37,0
test,wavelet_ml_sym4_l1,P57,ensemble,80,0.7132183825945344,100,19,26,1,37,0
test,wavelet_ml_sym4_l1,P61,single,0,0.6196459521522716,12.0,9.666666666666666,21.0,7.0,1.0,0.0
test,wavelet_ml_sym4_l1,P61,ensemble,0,0.6476890756302521,12,10,23,8,1,0
test,wavelet_ml_sym4_l1,P61,ensemble,5,0.6481656680332177,12,10,21,6,1,0
test,wavelet_ml_sym4_l1,P61,ensemble,10,0.6478754732856542,12,10,20,6,1,0
test,wavelet_ml_sym4_l1,P61,ensemble,20,0.6458816094375395,12,10,19,6,1,0
test,wavelet_ml_sym4_l1,P61,ensemble,30,0.6473817567567568,12,10,18,5,1,0
test,wavelet_ml_sym4_l1,P61,ensemble,50,0.6437859731400555,12,10,16,4,1,0
test,wavelet_ml_sym4_l1,P61,ensemble,80,0.630674305861613,12,8,11,2,1,0
test,wavelet_ml_sym4_l1,P63,single,0,0.7633825253920768,12.0,10.666666666666666,17.333333333333332,6.666666666666667,3.0,2.0
test,wavelet_ml_sym4_l1,P63,ensemble,0,0.7692797960484385,12,11,16,5,3,2
test,wavelet_ml_sym4_l1,P63,ensemble,5,0.7688626575211357,12,10,14,4,3,2
test,wavelet_ml_sym4_l1,P63,ensemble,10,0.7678799489144317,12,9,13,4,3,2
test,wavelet_ml_sym4_l1,P63,ensemble,20,0.7692060430729669,12,8,10,2,3,1
test,wavelet_ml_sym4_l1,P63,ensemble,30,0.7692060430729669,12,8,10,2,3,1
test,wavelet_ml_sym4_l1,P63,ensemble,50,0.7692060430729669,12,8,10,2,3,1
test,wavelet_ml_sym4_l1,P63,ensemble,80,0.7674078883298165,12,7,9,2,3,0
test,wavelet_ml_sym4_l1,P60,single,0,0.6519855354638865,25.0,23.0,39.666666666666664,16.0,1.0,0.0
test,wavelet_ml_sym4_l1,P60,ensemble,0,0.6817677394085776,25,23,41,17,1,0
test,wavelet_ml_sym4_l1,P60,ensemble,5,0.6816934535476283,25,23,38,15,1,0
test,wavelet_ml_sym4_l1,P60,ensemble,10,0.6822283248332679,25,23,36,13,1,0
test,wavelet_ml_sym4_l1,P60,ensemble,20,0.6850502265117195,25,23,32,9,1,0
test,wavelet_ml_sym4_l1,P60,ensemble,30,0.683920631760568,25,20,25,5,1,0
test,wavelet_ml_sym4_l1,P60,ensemble,50,0.6855128375681788,25,20,24,4,1,0
test,wavelet_ml_sym4_l1,P60,ensemble,80,0.6720697405162432,25,16,18,2,1,0
test,wavelet_ml_sym4_l1,P62,single,0,0.7110073929129088,49.0,33.333333333333336,37.666666666666664,3.6666666666666665,18.0,8.0
test,wavelet_ml_sym4_l1,P62,ensemble,0,0.7205174074583734,49,33,36,2,18,8
test,wavelet_ml_sym4_l1,P62,ensemble,5,0.7196583551453368,49,32,34,2,18,8
test,wavelet_ml_sym4_l1,P62,ensemble,10,0.71919414930316,49,31,32,1,18,7
test,wavelet_ml_sym4_l1,P62,ensemble,20,0.7086000556637907,49,28,28,1,18,6
test,wavelet_ml_sym4_l1,P62,ensemble,30,0.6914697977083039,49,23,23,1,18,2
test,wavelet_ml_sym4_l1,P62,ensemble,50,0.6678306416412048,49,19,18,0,18,2
test,wavelet_ml_sym4_l1,P62,ensemble,80,0.6332622601279317,49,14,13,0,18,1
test,wavelet_ml_sym4_l1,P59,single,0,0.3291916912557962,15.0,10.666666666666666,34.333333333333336,24.666666666666668,6.0,2.6666666666666665
test,wavelet_ml_sym4_l1,P59,ensemble,0,0.3713490959666203,15,11,25,16,6,3
test,wavelet_ml_sym4_l1,P59,ensemble,5,0.37307871448532837,15,11,21,12,6,3
test,wavelet_ml_sym4_l1,P59,ensemble,10,0.375,15,11,18,9,6,3
test,wavelet_ml_sym4_l1,P59,ensemble,20,0.3797108319506992,15,11,14,5,6,3
test,wavelet_ml_sym4_l1,P59,ensemble,30,0.37919299951385516,15,9,10,2,6,1
test,wavelet_ml_sym4_l1,P59,ensemble,50,0.3420787083753784,15,6,6,1,6,1
test,wavelet_ml_sym4_l1,P59,ensemble,80,0.3486859224564143,15,5,4,0,6,0
test,wavelet_ml_sym4_l1,P64,single,0,0.6828585823321243,30.0,20.333333333333332,32.0,10.333333333333334,7.0,1.6666666666666667
test,wavelet_ml_sym4_l1,P64,ensemble,0,0.7071294949075037,30,19,30,8,7,1
test,wavelet_ml_sym4_l1,P64,ensemble,5,0.7070202808112325,30,19,30,8,7,1
test,wavelet_ml_sym4_l1,P64,ensemble,10,0.707682698313554,30,19,29,7,7,1
test,wavelet_ml_sym4_l1,P64,ensemble,20,0.7039363484087102,30,17,25,6,7,1
test,wavelet_ml_sym4_l1,P64,ensemble,30,0.7057835625065603,30,17,24,5,7,1
test,wavelet_ml_sym4_l1,P64,ensemble,50,0.7041484716157205,30,12,15,1,7,0
test,wavelet_ml_sym4_l1,P64,ensemble,80,0.6929027917928019,30,9,11,0,7,0
test,wavelet_ml_sym4_l1,P66,single,0,0.6590934552831693,56.0,27.0,34.333333333333336,5.333333333333333,19.0,2.3333333333333335
test,wavelet_ml_sym4_l1,P66,ensemble,0,0.6635497319833235,56,27,36,8,19,2
test,wavelet_ml_sym4_l1,P66,ensemble,5,0.6636880826854913,56,27,35,7,19,2
test,wavelet_ml_sym4_l1,P66,ensemble,10,0.6639451728247914,56,27,33,5,19,2
test,wavelet_ml_sym4_l1,P66,ensemble,20,0.6624496494107116,56,24,30,5,19,0
test,wavelet_ml_sym4_l1,P66,ensemble,30,0.6608127547350755,56,20,24,3,19,0
test,wavelet_ml_sym4_l1,P66,ensemble,50,0.6545454545454545,56,15,19,3,19,0
test,wavelet_ml_sym4_l1,P66,ensemble,80,0.6479864143619603,56,12,16,3,19,0
test,wavelet_ml_sym4_l1,P65,single,0,0.763390831543273,192.0,119.0,131.66666666666666,1.6666666666666667,89.0,29.666666666666668
test,wavelet_ml_sym4_l1,P65,ensemble,0,0.765952872377021,192,119,135,2,89,29
test,wavelet_ml_sym4_l1,P65,ensemble,5,0.7655675291991998,192,118,133,1,89,29
test,wavelet_ml_sym4_l1,P65,ensemble,10,0.7649831070175817,192,115,129,1,89,28
test,wavelet_ml_sym4_l1,P65,ensemble,20,0.7585206357455285,192,99,109,1,89,19
test,wavelet_ml_sym4_l1,P65,ensemble,30,0.747609439424511,192,80,85,0,89,8
test,wavelet_ml_sym4_l1,P65,ensemble,50,0.7394623299037504,192,69,74,0,89,4
test,wavelet_ml_sym4_l1,P65,ensemble,80,0.7107751336043484,192,48,51,0,89,1
test,wavelet_ml_sym4_l1,P68,single,0,0.32748787834988485,6.0,3.6666666666666665,13.333333333333334,9.666666666666666,0.0,0.0
test,wavelet_ml_sym4_l1,P68,ensemble,0,0.40221914008321774,6,4,12,8,0,0
test,wavelet_ml_sym4_l1,P68,ensemble,5,0.403899721448468,6,4,11,7,0,0
test,wavelet_ml_sym4_l1,P68,ensemble,10,0.4058782365290413,6,4,10,6,0,0
test,wavelet_ml_sym4_l1,P68,ensemble,20,0.3956678700361011,6,3,7,4,0,0
test,wavelet_ml_sym4_l1,P68,ensemble,30,0.4083457526080477,6,3,5,2,0,0
test,wavelet_ml_sym4_l1,P68,ensemble,50,0.384251968503937,6,2,3,1,0,0
test,wavelet_ml_sym4_l1,P68,ensemble,80,0.4056525353283458,6,2,2,0,0,0
test,wavelet_ml_sym4_l1,P67,single,0,0.7261754609277188,72.0,51.666666666666664,52.333333333333336,7.333333333333333,17.0,7.0
test,wavelet_ml_sym4_l1,P67,ensemble,0,0.7356463002763279,72,50,54,8,17,5
test,wavelet_ml_sym4_l1,P67,ensemble,5,0.7354735678309652,72,49,52,7,17,5
test,wavelet_ml_sym4_l1,P67,ensemble,10,0.7356995105167223,72,49,50,5,17,5
test,wavelet_ml_sym4_l1,P67,ensemble,20,0.7351269264708901,72,45,43,2,17,4
test,wavelet_ml_sym4_l1,P67,ensemble,30,0.7348053815343535,72,43,41,2,17,3
test,wavelet_ml_sym4_l1,P67,ensemble,50,0.7308429316135413,72,40,37,2,17,3
test,wavelet_ml_sym4_l1,P67,ensemble,80,0.7273142098604111,72,37,32,1,17,3
test,wavelet_ml_sym4_l1,P71,single,0,0.5882868513859528,18.0,14.0,18.666666666666668,6.0,7.0,4.0
test,wavelet_ml_sym4_l1,P71,ensemble,0,0.5929696969696969,18,14,19,6,7,4
test,wavelet_ml_sym4_l1,P71,ensemble,5,0.5920174693679485,18,13,17,6,7,3
test,wavelet_ml_sym4_l1,P71,ensemble,10,0.5936739659367397,18,13,14,3,7,3
test,wavelet_ml_sym4_l1,P71,ensemble,20,0.5943970767356882,18,13,13,2,7,3
test,wavelet_ml_sym4_l1,P71,ensemble,30,0.5914492220997183,18,12,11,1,7,3
test,wavelet_ml_sym4_l1,P71,ensemble,50,0.5856,18,12,10,1,7,3
test,wavelet_ml_sym4_l1,P71,ensemble,80,0.572536268134067,18,10,8,1,7,2
test,wavelet_ml_sym4_l1,P70,single,0,0.6910342076785336,20.0,15.0,20.666666666666668,4.666666666666667,4.0,0.6666666666666666
test,wavelet_ml_sym4_l1,P70,ensemble,0,0.7050078247261345,20,14,19,4,4,0
test,wavelet_ml_sym4_l1,P70,ensemble,5,0.7051304347826087,20,14,19,4,4,0
test,wavelet_ml_sym4_l1,P70,ensemble,10,0.7054064633987213,20,14,18,3,4,0
test,wavelet_ml_sym4_l1,P70,ensemble,20,0.7054064633987213,20,14,18,3,4,0
test,wavelet_ml_sym4_l1,P70,ensemble,30,0.7038784067085954,20,12,14,1,4,0
test,wavelet_ml_sym4_l1,P70,ensemble,50,0.7022479295385828,20,12,12,0,4,0
test,wavelet_ml_sym4_l1,P70,ensemble,80,0.6981181850158283,20,11,11,0,4,0
test,wavelet_ml_sym4_l1,P69,single,0,0.8237655652353882,25.0,17.333333333333332,20.333333333333332,2.3333333333333335,7.0,1.0
test,wavelet_ml_sym4_l1,P69,ensemble,0,0.8260557053009884,25,17,18,1,7,1
test,wavelet_ml_sym4_l1,P69,ensemble,5,0.8257078651685393,25,16,17,1,7,0
test,wavelet_ml_sym4_l1,P69,ensemble,10,0.8257078651685393,25,16,17,1,7,0
test,wavelet_ml_sym4_l1,P69,ensemble,20,0.8242282422824229,25,15,16,1,7,0
test,wavelet_ml_sym4_l1,P69,ensemble,30,0.8230720549679053,25,14,14,0,7,0
test,wavelet_ml_sym4_l1,P69,ensemble,50,0.8148620344230945,25,12,12,0,7,0
test,wavelet_ml_sym4_l1,P69,ensemble,80,0.7969632441440607,25,9,9,0,7,0
test,wavelet_ml_sym4_l1,P73,single,0,0.6756831477399888,31.0,23.0,31.666666666666668,3.0,4.0,0.6666666666666666
test,wavelet_ml_sym4_l1,P73,ensemble,0,0.67814582421324,31,23,34,3,4,0
test,wavelet_ml_sym4_l1,P73,ensemble,5,0.6774381934981507,31,21,31,3,4,0
test,wavelet_ml_sym4_l1,P73,ensemble,10,0.6777020447906524,31,21,30,2,4,0
test,wavelet_ml_sym4_l1,P73,ensemble,20,0.6764203852718849,31,20,27,1,4,0
test,wavelet_ml_sym4_l1,P73,ensemble,30,0.6720572380672352,31,19,23,0,4,0
test,wavelet_ml_sym4_l1,P73,ensemble,50,0.6611660079051384,31,17,19,0,4,0
test,wavelet_ml_sym4_l1,P73,ensemble,80,0.6481684798882124,31,15,16,0,4,0
test,detail_skip_haar,P54,single,0,0.8056306619695758,5.0,5.0,7.666666666666667,2.6666666666666665,0.0,0.0
test,detail_skip_haar,P54,ensemble,0,0.8095395826432593,5,5,6,1,0,0
test,detail_skip_haar,P54,ensemble,5,0.8100762346702022,5,5,6,1,0,0
test,detail_skip_haar,P54,ensemble,10,0.8100762346702022,5,5,6,1,0,0
test,detail_skip_haar,P54,ensemble,20,0.8100762346702022,5,5,6,1,0,0
test,detail_skip_haar,P54,ensemble,30,0.8100762346702022,5,5,6,1,0,0
test,detail_skip_haar,P54,ensemble,50,0.8005363727790814,5,4,5,1,0,0
test,detail_skip_haar,P54,ensemble,80,0.8005363727790814,5,4,5,1,0,0
test,wavelet_ml_sym4_l1,P74,single,0,0.6529453101367163,28.0,18.666666666666668,26.333333333333332,5.333333333333333,13.0,6.666666666666667
test,wavelet_ml_sym4_l1,P74,ensemble,0,0.6623551603341418,28,18,24,4,13,6
test,wavelet_ml_sym4_l1,P74,ensemble,5,0.6623516720604099,28,18,24,4,13,6
test,wavelet_ml_sym4_l1,P74,ensemble,10,0.6617846487659343,28,17,21,2,13,5
test,wavelet_ml_sym4_l1,P74,ensemble,20,0.6456217403239088,28,15,18,2,13,4
test,wavelet_ml_sym4_l1,P74,ensemble,30,0.6203028603477285,28,12,15,2,13,1
test,wavelet_ml_sym4_l1,P74,ensemble,50,0.6138443935926774,28,11,13,1,13,1
test,wavelet_ml_sym4_l1,P74,ensemble,80,0.5435698088759313,28,7,7,0,13,0
test,wavelet_ml_sym4_l1,P72,single,0,0.6867402511073643,13.0,8.0,32.0,18.0,2.0,0.0
test,wavelet_ml_sym4_l1,P72,ensemble,0,0.6966557764607378,13,8,34,19,2,0
test,wavelet_ml_sym4_l1,P72,ensemble,5,0.6966373308813871,13,8,34,19,2,0
test,wavelet_ml_sym4_l1,P72,ensemble,10,0.6965461741858135,13,8,32,18,2,0
test,wavelet_ml_sym4_l1,P72,ensemble,20,0.696878080841275,13,8,30,16,2,0
test,wavelet_ml_sym4_l1,P72,ensemble,30,0.696136236371422,13,7,24,13,2,0
test,wavelet_ml_sym4_l1,P72,ensemble,50,0.6968310847631157,13,6,20,10,2,0
test,wavelet_ml_sym4_l1,P72,ensemble,80,0.6967701370044345,13,6,18,9,2,0
test,detail_skip_haar,P55,single,0,0.6511712107832265,37.0,25.333333333333332,29.333333333333332,4.0,10.0,3.3333333333333335
test,detail_skip_haar,P55,ensemble,0,0.6582586569310764,37,24,26,3,10,3
test,detail_skip_haar,P55,ensemble,5,0.658110201371985,37,24,26,3,10,3
test,detail_skip_haar,P55,ensemble,10,0.6585473870682019,37,24,25,2,10,3
test,detail_skip_haar,P55,ensemble,20,0.6521690643470502,37,20,20,1,10,1
test,detail_skip_haar,P55,ensemble,30,0.6395847438501467,37,16,16,1,10,0
test,detail_skip_haar,P55,ensemble,50,0.6323312535450936,37,15,15,1,10,0
test,detail_skip_haar,P55,ensemble,80,0.6202737183948039,37,13,12,0,10,0
test,wavelet_ml_sym4_l1,P75,single,0,0.7397312445618193,67.0,46.0,54.0,4.666666666666667,26.0,10.333333333333334
test,wavelet_ml_sym4_l1,P75,ensemble,0,0.7436180657830143,67,47,55,5,26,11
test,wavelet_ml_sym4_l1,P75,ensemble,5,0.742997542997543,67,45,52,4,26,10
test,wavelet_ml_sym4_l1,P75,ensemble,10,0.7414706244611405,67,42,46,2,26,7
test,wavelet_ml_sym4_l1,P75,ensemble,20,0.7377393452748611,67,38,42,2,26,5
test,wavelet_ml_sym4_l1,P75,ensemble,30,0.7253543110445152,67,33,35,2,26,3
test,wavelet_ml_sym4_l1,P75,ensemble,50,0.7049065271485995,67,25,26,1,26,0
test,wavelet_ml_sym4_l1,P75,ensemble,80,0.6808704717227,67,20,21,1,26,0
test,detail_skip_haar,P56,single,0,0.6896765164119253,3.0,2.0,20.666666666666668,18.0,0.0,0.0
test,detail_skip_haar,P56,ensemble,0,0.7101972770213948,3,2,22,19,0,0
test,detail_skip_haar,P56,ensemble,5,0.7119777158774373,3,2,20,17,0,0
test,detail_skip_haar,P56,ensemble,10,0.7210155148095909,3,2,14,11,0,0
test,detail_skip_haar,P56,ensemble,20,0.7447552447552448,3,2,6,3,0,0
test,detail_skip_haar,P56,ensemble,30,0.7447552447552448,3,2,6,3,0,0
test,detail_skip_haar,P56,ensemble,50,0.7586821015138023,3,2,4,1,0,0
test,detail_skip_haar,P56,ensemble,80,0.7586821015138023,3,2,4,1,0,0
test,detail_skip_haar,P57,single,0,0.7246832458718991,100.0,34.0,50.333333333333336,4.333333333333333,37.0,0.3333333333333333
test,detail_skip_haar,P57,ensemble,0,0.7281881567595854,100,33,50,4,37,0
test,detail_skip_haar,P57,ensemble,5,0.7279568827714985,100,31,46,4,37,0
test,detail_skip_haar,P57,ensemble,10,0.7280289740252391,100,31,45,3,37,0
test,detail_skip_haar,P57,ensemble,20,0.7276869737493808,100,30,44,3,37,0
test,detail_skip_haar,P57,ensemble,30,0.7259776377773994,100,26,36,1,37,0
test,detail_skip_haar,P57,ensemble,50,0.7217522572559742,100,24,30,1,37,0
test,detail_skip_haar,P57,ensemble,80,0.7159864919008643,100,21,25,1,37,0
test,detail_skip_haar,P58,single,0,0.607756939172074,42.0,26.666666666666668,37.0,11.0,9.0,3.6666666666666665
test,detail_skip_haar,P58,ensemble,0,0.6073556955559339,42,27,39,12,9,4
test,detail_skip_haar,P58,ensemble,5,0.6065308210418621,42,25,35,10,9,4
test,detail_skip_haar,P58,ensemble,10,0.6067550235143223,42,24,31,7,9,3
test,detail_skip_haar,P58,ensemble,20,0.5994315735078805,42,21,26,6,9,2
test,detail_skip_haar,P58,ensemble,30,0.5969453792389334,42,20,25,6,9,2
test,detail_skip_haar,P58,ensemble,50,0.5947322212467077,42,19,20,3,9,2
test,detail_skip_haar,P58,ensemble,80,0.5739490503195607,42,15,15,2,9,2
test,detail_skip_haar,P61,single,0,0.6965939473549932,12.0,10.0,18.0,7.333333333333333,1.0,0.0
test,detail_skip_haar,P61,ensemble,0,0.714910941475827,12,10,18,7,1,0
test,detail_skip_haar,P61,ensemble,5,0.7153477950911498,12,10,17,6,1,0
test,detail_skip_haar,P61,ensemble,10,0.7160040774719674,12,10,16,5,1,0
test,detail_skip_haar,P61,ensemble,20,0.7160040774719674,12,10,16,5,1,0
test,detail_skip_haar,P61,ensemble,30,0.7179801696821017,12,10,15,4,1,0
test,detail_skip_haar,P61,ensemble,50,0.7158694313282693,12,10,14,4,1,0
test,detail_skip_haar,P61,ensemble,80,0.7155829245381484,12,9,11,2,1,0
test,detail_skip_haar,P63,single,0,0.7518954335287575,12.0,9.666666666666666,18.0,8.333333333333334,3.0,2.0
test,detail_skip_haar,P63,ensemble,0,0.7617554858934169,12,10,16,6,3,2
test,detail_skip_haar,P63,ensemble,5,0.761994355597366,12,10,16,6,3,2
test,detail_skip_haar,P63,ensemble,10,0.7627118644067796,12,10,15,5,3,2
test,detail_skip_haar,P63,ensemble,20,0.766078184110971,12,10,13,3,3,2
test,detail_skip_haar,P63,ensemble,30,0.7647339158061954,12,9,11,2,3,2
test,detail_skip_haar,P63,ensemble,50,0.763183125599233,12,8,10,2,3,1
test,detail_skip_haar,P63,ensemble,80,0.7607223476297968,12,7,9,2,3,0
test,detail_skip_haar,P60,single,0,0.6651613806850819,25.0,24.0,44.0,19.666666666666668,1.0,0.0
test,detail_skip_haar,P60,ensemble,0,0.6864529083265357,25,24,43,18,1,0
test,detail_skip_haar,P60,ensemble,5,0.6873586328223171,25,24,38,13,1,0
test,detail_skip_haar,P60,ensemble,10,0.6880503144654088,25,24,36,11,1,0
test,detail_skip_haar,P60,ensemble,20,0.687128962991032,25,23,31,8,1,0
test,detail_skip_haar,P60,ensemble,30,0.687128962991032,25,23,31,8,1,0
test,detail_skip_haar,P60,ensemble,50,0.6838884236294531,25,19,23,4,1,0
test,detail_skip_haar,P60,ensemble,80,0.6857180483308093,25,17,18,1,1,0
test,detail_skip_haar,P62,single,0,0.7344255039161175,49.0,38.666666666666664,45.666666666666664,6.666666666666667,18.0,10.0
test,detail_skip_haar,P62,ensemble,0,0.7419228253760628,49,40,47,6,18,11
test,detail_skip_haar,P62,ensemble,5,0.7394495412844037,49,37,43,6,18,8
test,detail_skip_haar,P62,ensemble,10,0.7379763469119579,49,35,40,5,18,7
test,detail_skip_haar,P62,ensemble,20,0.7300359952006399,49,31,32,2,18,6
test,detail_skip_haar,P62,ensemble,30,0.7167364581926247,49,27,28,2,18,4
test,detail_skip_haar,P62,ensemble,50,0.6823695345557123,49,20,20,1,18,2
test,detail_skip_haar,P62,ensemble,80,0.6526535480023852,49,15,14,0,18,1
test,detail_skip_haar,P59,single,0,0.3984311184557829,15.0,12.666666666666666,36.0,24.333333333333332,6.0,4.333333333333333
test,detail_skip_haar,P59,ensemble,0,0.4256179775280899,15,13,25,13,6,4
test,detail_skip_haar,P59,ensemble,5,0.4235719123955746,15,11,22,12,6,3
test,detail_skip_haar,P59,ensemble,10,0.42665453718444396,15,11,17,7,6,3
test,detail_skip_haar,P59,ensemble,20,0.4247175466912612,15,10,13,4,6,3
test,detail_skip_haar,P59,ensemble,30,0.42681775259678945,15,10,9,1,6,3
test,detail_skip_haar,P59,ensemble,50,0.41771850440581093,15,8,8,1,6,1
test,detail_skip_haar,P59,ensemble,80,0.41044776119402987,15,6,5,0,6,0
test,detail_skip_haar,P64,single,0,0.6904054816778339,30.0,22.0,31.666666666666668,8.333333333333334,7.0,2.3333333333333335
test,detail_skip_haar,P64,ensemble,0,0.6978782747285586,30,22,31,7,7,2
test,detail_skip_haar,P64,ensemble,5,0.6985044865403789,30,22,29,5,7,2
test,detail_skip_haar,P64,ensemble,10,0.6989225857940942,30,22,28,4,7,2
test,detail_skip_haar,P64,ensemble,20,0.6948846539618857,30,20,24,3,7,2
test,detail_skip_haar,P64,ensemble,30,0.6959766058283755,30,19,22,2,7,1
test,detail_skip_haar,P64,ensemble,50,0.6819719175976222,30,15,18,2,7,1
test,detail_skip_haar,P64,ensemble,80,0.6464323748668797,30,10,12,2,7,1
test,detail_skip_haar,P66,single,0,0.6690369948085185,56.0,31.0,40.333333333333336,7.0,19.0,4.333333333333333
test,detail_skip_haar,P66,ensemble,0,0.671085236602478,56,31,41,7,19,4
test,detail_skip_haar,P66,ensemble,5,0.6709272808720322,56,30,39,6,19,4
test,detail_skip_haar,P66,ensemble,10,0.670511939272586,56,28,36,5,19,4
test,detail_skip_haar,P66,ensemble,20,0.6682058047493403,56,23,28,3,19,0
test,detail_skip_haar,P66,ensemble,30,0.6679477555922534,56,22,26,2,19,0
test,detail_skip_haar,P66,ensemble,50,0.6630857901566131,56,18,22,2,19,0
test,detail_skip_haar,P66,ensemble,80,0.6586203751558082,56,15,18,1,19,0
test,detail_skip_haar,P65,single,0,0.7726746376521912,192.0,127.0,137.66666666666666,3.0,89.0,35.333333333333336
test,detail_skip_haar,P65,ensemble,0,0.7752553428890224,192,127,137,3,89,35
test,detail_skip_haar,P65,ensemble,5,0.7747032179121138,192,125,134,3,89,34
test,detail_skip_haar,P65,ensemble,10,0.7736542387450306,192,118,126,3,89,30
test,detail_skip_haar,P65,ensemble,20,0.7704525345821015,192,107,113,1,89,23
test,detail_skip_haar,P65,ensemble,30,0.7612585093384535,192,89,93,1,89,11
test,detail_skip_haar,P65,ensemble,50,0.7460342111685488,192,71,73,1,89,5
test,detail_skip_haar,P65,ensemble,80,0.7167227679695908,192,51,51,0,89,3
test,detail_skip_haar,P68,single,0,0.34338967553280825,6.0,3.6666666666666665,14.333333333333334,10.666666666666666,0.0,0.0
test,detail_skip_haar,P68,ensemble,0,0.38866396761133604,6,4,11,7,0,0
test,detail_skip_haar,P68,ensemble,5,0.38866396761133604,6,4,11,7,0,0
test,detail_skip_haar,P68,ensemble,10,0.38866396761133604,6,4,11,7,0,0
test,detail_skip_haar,P68,ensemble,20,0.3972413793103448,6,4,9,5,0,0
test,detail_skip_haar,P68,ensemble,30,0.37140854940434476,6,3,8,5,0,0
test,detail_skip_haar,P68,ensemble,50,0.4095826893353941,6,3,4,1,0,0
test,detail_skip_haar,P68,ensemble,80,0.3593220338983051,6,2,2,0,0,0
test,detail_skip_haar,P67,single,0,0.7395669950400823,72.0,51.666666666666664,51.333333333333336,10.333333333333334,17.0,6.666666666666667
test,detail_skip_haar,P67,ensemble,0,0.7490493531577571,72,51,47,8,17,6
test,detail_skip_haar,P67,ensemble,5,0.7490190554761856,72,51,47,8,17,6
test,detail_skip_haar,P67,ensemble,10,0.7488176457566061,72,50,46,8,17,6
test,detail_skip_haar,P67,ensemble,20,0.748363973179228,72,48,44,8,17,5
test,detail_skip_haar,P67,ensemble,30,0.7493635077793493,72,46,37,3,17,5
test,detail_skip_haar,P67,ensemble,50,0.7490007507050541,72,43,32,1,17,4
test,detail_skip_haar,P67,ensemble,80,0.7466796835275693,72,41,30,1,17,4
test,detail_skip_haar,P71,single,0,0.5936026039865757,18.0,15.666666666666666,20.333333333333332,6.333333333333333,7.0,4.666666666666667
test,detail_skip_haar,P71,ensemble,0,0.6006641249538802,18,15,18,4,7,4
test,detail_skip_haar,P71,ensemble,5,0.6011076923076923,18,15,17,3,7,4
test,detail_skip_haar,P71,ensemble,10,0.6011076923076923,18,15,17,3,7,4
test,detail_skip_haar,P71,ensemble,20,0.5975564605701592,18,13,15,3,7,2
test,detail_skip_haar,P71,ensemble,30,0.5959771542090887,18,13,13,2,7,2
test,detail_skip_haar,P71,ensemble,50,0.5833646970267219,18,11,11,2,7,2
test,detail_skip_haar,P71,ensemble,80,0.5717228946690703,18,9,8,1,7,1
test,detail_skip_haar,P70,single,0,0.7049771304990707,20.0,15.0,24.0,8.0,4.0,0.6666666666666666
test,detail_skip_haar,P70,ensemble,0,0.7122213223070037,20,15,23,7,4,1
test,detail_skip_haar,P70,ensemble,5,0.7122213223070037,20,15,23,7,4,1
test,detail_skip_haar,P70,ensemble,10,0.7122213223070037,20,15,23,7,4,1
test,detail_skip_haar,P70,ensemble,20,0.7125554418287274,20,15,22,6,4,1
test,detail_skip_haar,P70,ensemble,30,0.7133076593923834,20,14,19,4,4,0
test,detail_skip_haar,P70,ensemble,50,0.7122267907379355,20,12,12,0,4,0
test,detail_skip_haar,P70,ensemble,80,0.7122267907379355,20,12,12,0,4,0
test,detail_skip_haar,P69,single,0,0.8153850390847334,25.0,18.333333333333332,24.0,5.666666666666667,7.0,1.6666666666666667
test,detail_skip_haar,P69,ensemble,0,0.8169237549581313,25,19,25,6,7,2
test,detail_skip_haar,P69,ensemble,5,0.8164093515659462,25,17,22,5,7,1
test,detail_skip_haar,P69,ensemble,10,0.8172004954875244,25,16,18,2,7,0
test,detail_skip_haar,P69,ensemble,20,0.8172004954875244,25,16,18,2,7,0
test,detail_skip_haar,P69,ensemble,30,0.8140300899136473,25,14,15,1,7,0
test,detail_skip_haar,P69,ensemble,50,0.8108542354726412,25,13,14,1,7,0
test,detail_skip_haar,P69,ensemble,80,0.7869002006933041,25,9,10,1,7,0
test,detail_skip_plain,P54,single,0,0.8237888381618209,5.0,5.0,7.333333333333333,2.3333333333333335,0.0,0.0
test,detail_skip_plain,P54,ensemble,0,0.8192854665279223,5,5,8,3,0,0
test,detail_skip_plain,P54,ensemble,5,0.8192854665279223,5,5,8,3,0,0
test,detail_skip_plain,P54,ensemble,10,0.8192854665279223,5,5,8,3,0,0
test,detail_skip_plain,P54,ensemble,20,0.8267413370668534,5,5,6,1,0,0
test,detail_skip_plain,P54,ensemble,30,0.8267413370668534,5,5,6,1,0,0
test,detail_skip_plain,P54,ensemble,50,0.8158921603405463,5,4,5,1,0,0
test,detail_skip_plain,P54,ensemble,80,0.7943210775391336,5,3,4,1,0,0
test,detail_skip_haar,P73,single,0,0.710310529398385,31.0,23.0,32.666666666666664,4.333333333333333,4.0,0.6666666666666666
test,detail_skip_haar,P73,ensemble,0,0.7132519013597604,31,24,33,5,4,1
test,detail_skip_haar,P73,ensemble,5,0.7131260953786551,31,23,31,4,4,1
test,detail_skip_haar,P73,ensemble,10,0.713718611521418,31,23,29,2,4,1
test,detail_skip_haar,P73,ensemble,20,0.7114584296679922,31,22,27,2,4,1
test,detail_skip_haar,P73,ensemble,30,0.712182929087206,31,22,26,1,4,1
test,detail_skip_haar,P73,ensemble,50,0.704013456057562,31,19,21,0,4,1
test,detail_skip_haar,P73,ensemble,80,0.6942717166007161,31,17,18,0,4,1
test,detail_skip_haar,P74,single,0,0.6670372521323907,28.0,21.0,31.666666666666668,8.333333333333334,13.0,6.333333333333333
test,detail_skip_haar,P74,ensemble,0,0.6797682035777274,28,21,31,8,13,6
test,detail_skip_haar,P74,ensemble,5,0.6797682035777274,28,21,31,8,13,6
test,detail_skip_haar,P74,ensemble,10,0.6811411259782884,28,21,30,7,13,6
test,detail_skip_haar,P74,ensemble,20,0.6779396462018731,28,17,22,3,13,4
test,detail_skip_haar,P74,ensemble,30,0.6537337230932766,28,15,19,3,13,3
test,detail_skip_haar,P74,ensemble,50,0.6210585585585585,28,11,13,1,13,1
test,detail_skip_haar,P74,ensemble,80,0.5503067484662577,28,8,9,1,13,0
test,detail_skip_haar,P72,single,0,0.7368507077260708,13.0,8.666666666666666,31.0,17.666666666666668,2.0,0.0
test,detail_skip_haar,P72,ensemble,0,0.7413360634758126,13,9,30,15,2,0
test,detail_skip_haar,P72,ensemble,5,0.7414372749458163,13,9,28,13,2,0
test,detail_skip_haar,P72,ensemble,10,0.7409860693799508,13,8,25,13,2,0
test,detail_skip_haar,P72,ensemble,20,0.7407723855092276,13,8,21,11,2,0
test,detail_skip_haar,P72,ensemble,30,0.7407723855092276,13,8,21,11,2,0
test,detail_skip_haar,P72,ensemble,50,0.7401868519215633,13,7,19,10,2,0
test,detail_skip_haar,P72,ensemble,80,0.7417653224282205,13,6,15,7,2,0
test,detail_skip_plain,P55,single,0,0.6603189120448761,37.0,25.0,27.333333333333332,3.0,10.0,3.0
test,detail_skip_plain,P55,ensemble,0,0.6629039397963701,37,26,27,2,10,3
test,detail_skip_plain,P55,ensemble,5,0.6623103333702514,37,25,26,2,10,3
test,detail_skip_plain,P55,ensemble,10,0.6602329450915141,37,23,24,2,10,3
test,detail_skip_plain,P55,ensemble,20,0.6543994647039143,37,20,21,2,10,1
test,detail_skip_plain,P55,ensemble,30,0.6497473329590118,37,18,18,1,10,1
test,detail_skip_plain,P55,ensemble,50,0.6362394718870931,37,15,15,1,10,0
test,detail_skip_plain,P55,ensemble,80,0.635934078598594,37,14,13,0,10,0
test,detail_skip_haar,P75,single,0,0.7544446370245375,67.0,54.666666666666664,64.33333333333333,6.0,26.0,16.333333333333332
test,detail_skip_haar,P75,ensemble,0,0.7576832151300237,67,54,64,6,26,16
test,detail_skip_haar,P75,ensemble,5,0.7568495177229422,67,50,59,5,26,13
test,detail_skip_haar,P75,ensemble,10,0.7551734361102875,67,46,54,4,26,11
test,detail_skip_haar,P75,ensemble,20,0.7497908949695304,67,41,46,3,26,8
test,detail_skip_haar,P75,ensemble,30,0.7362185686653772,67,33,38,3,26,4
test,detail_skip_haar,P75,ensemble,50,0.7104299807656512,67,24,27,2,26,0
test,detail_skip_haar,P75,ensemble,80,0.6986180904522613,67,22,24,2,26,0
test,detail_skip_plain,P56,single,0,0.6867830927859059,3.0,2.0,16.333333333333332,13.333333333333334,0.0,0.0
test,detail_skip_plain,P56,ensemble,0,0.6999419616947186,3,2,13,10,0,0
test,detail_skip_plain,P56,ensemble,5,0.7009590235396687,3,2,13,10,0,0
test,detail_skip_plain,P56,ensemble,10,0.7009590235396687,3,2,13,10,0,0
test,detail_skip_plain,P56,ensemble,20,0.7127659574468085,3,2,9,6,0,0
test,detail_skip_plain,P56,ensemble,30,0.7189269746646796,3,2,8,5,0,0
test,detail_skip_plain,P56,ensemble,50,0.7497668635374573,3,2,5,2,0,0
test,detail_skip_plain,P56,ensemble,80,0.7625671830540626,3,2,4,1,0,0
test,detail_skip_plain,P57,single,0,0.7314382631911801,100.0,36.333333333333336,53.666666666666664,4.0,37.0,0.3333333333333333
test,detail_skip_plain,P57,ensemble,0,0.7315231430883,100,35,55,5,37,0
test,detail_skip_plain,P57,ensemble,5,0.7314871329008814,100,35,55,5,37,0
test,detail_skip_plain,P57,ensemble,10,0.7311794361996734,100,32,50,4,37,0
test,detail_skip_plain,P57,ensemble,20,0.7307473552496871,100,31,44,1,37,0
test,detail_skip_plain,P57,ensemble,30,0.730296004437933,100,30,43,1,37,0
test,detail_skip_plain,P57,ensemble,50,0.7273349591408891,100,26,38,1,37,0
test,detail_skip_plain,P57,ensemble,80,0.7185931815894288,100,22,29,1,37,0
test,detail_skip_plain,P58,single,0,0.6062570785578322,42.0,26.0,35.0,8.333333333333334,9.0,3.3333333333333335
test,detail_skip_plain,P58,ensemble,0,0.6049201553733276,42,25,32,7,9,3
test,detail_skip_plain,P58,ensemble,5,0.6045427066240608,42,24,31,7,9,3
test,detail_skip_plain,P58,ensemble,10,0.6039398652151374,42,23,30,7,9,3
test,detail_skip_plain,P58,ensemble,20,0.6005031664787022,42,21,27,6,9,2
test,detail_skip_plain,P58,ensemble,30,0.5926703402431558,42,18,23,5,9,2
test,detail_skip_plain,P58,ensemble,50,0.5825328280602803,42,18,21,5,9,2
test,detail_skip_plain,P58,ensemble,80,0.5715062533985862,42,15,16,3,9,2
test,detail_skip_plain,P61,single,0,0.7014521795231822,12.0,10.0,21.333333333333332,10.0,1.0,0.0
test,detail_skip_plain,P61,ensemble,0,0.7015348518916805,12,10,20,9,1,0
test,detail_skip_plain,P61,ensemble,5,0.7015348518916805,12,10,20,9,1,0
test,detail_skip_plain,P61,ensemble,10,0.7029780564263323,12,10,17,6,1,0
test,detail_skip_plain,P61,ensemble,20,0.7038054138877992,12,10,16,5,1,0
test,detail_skip_plain,P61,ensemble,30,0.7038054138877992,12,10,16,5,1,0
test,detail_skip_plain,P61,ensemble,50,0.7038054138877992,12,10,16,5,1,0
test,detail_skip_plain,P61,ensemble,80,0.7120681021532298,12,10,13,3,1,0
test,detail_skip_plain,P60,single,0,0.6956494619430688,25.0,23.666666666666668,42.333333333333336,18.666666666666668,1.0,0.0
test,detail_skip_plain,P60,ensemble,0,0.7115145973483117,25,24,41,17,1,0
test,detail_skip_plain,P60,ensemble,5,0.7118400418191323,25,24,41,17,1,0
test,detail_skip_plain,P60,ensemble,10,0.7130047777995943,25,24,37,13,1,0
test,detail_skip_plain,P60,ensemble,20,0.7154396795166481,25,24,33,9,1,0
test,detail_skip_plain,P60,ensemble,30,0.7174185051037207,25,24,31,7,1,0
test,detail_skip_plain,P60,ensemble,50,0.7121415170195659,25,20,24,4,1,0
test,detail_skip_plain,P60,ensemble,80,0.7097800525660534,25,17,17,0,1,0
test,detail_skip_plain,P62,single,0,0.732441990606021,49.0,36.333333333333336,43.0,6.0,18.0,9.0
test,detail_skip_plain,P62,ensemble,0,0.7315977269723801,49,35,40,5,18,8
test,detail_skip_plain,P62,ensemble,5,0.7312425565700675,49,35,39,4,18,8
test,detail_skip_plain,P62,ensemble,10,0.7284803400637619,49,32,35,3,18,7
test,detail_skip_plain,P62,ensemble,20,0.7242897158863545,49,31,33,3,18,7
test,detail_skip_plain,P62,ensemble,30,0.7133809459641558,49,28,30,3,18,6
test,detail_skip_plain,P62,ensemble,50,0.695139084012363,49,22,22,1,18,3
test,detail_skip_plain,P62,ensemble,80,0.6286594761171033,49,13,12,0,18,1
test,detail_skip_plain,P59,single,0,0.4339984500918163,15.0,13.0,25.0,12.666666666666666,6.0,4.0
test,detail_skip_plain,P59,ensemble,0,0.44474454197614227,15,13,20,8,6,4
test,detail_skip_plain,P59,ensemble,5,0.44604966139954855,15,13,17,5,6,4
test,detail_skip_plain,P59,ensemble,10,0.4469577018774033,15,13,16,4,6,4
test,detail_skip_plain,P59,ensemble,20,0.4432801822323462,15,13,14,3,6,4
test,detail_skip_plain,P59,ensemble,30,0.43726937269372695,15,12,12,2,6,4
test,detail_skip_plain,P59,ensemble,50,0.4249757986447241,15,8,7,0,6,1
test,detail_skip_plain,P59,ensemble,80,0.42712700369913686,15,7,6,0,6,0
test,detail_skip_plain,P63,single,0,0.7573379351426874,12.0,10.666666666666666,16.666666666666668,6.0,3.0,2.3333333333333335
test,detail_skip_plain,P63,ensemble,0,0.761347461647952,12,11,15,4,3,2
test,detail_skip_plain,P63,ensemble,5,0.7614678899082569,12,11,15,4,3,2
test,detail_skip_plain,P63,ensemble,10,0.7614678899082569,12,11,15,4,3,2
test,detail_skip_plain,P63,ensemble,20,0.7610845295055821,12,9,11,2,3,2
test,detail_skip_plain,P63,ensemble,30,0.7610845295055821,12,9,11,2,3,2
test,detail_skip_plain,P63,ensemble,50,0.7599164926931107,12,8,10,2,3,1
test,detail_skip_plain,P63,ensemble,80,0.7576592640622467,12,7,9,2,3,0
test,detail_skip_plain,P64,single,0,0.7155015378535731,30.0,22.0,34.0,12.333333333333334,7.0,2.6666666666666665
test,detail_skip_plain,P64,ensemble,0,0.7187809222244211,30,22,36,14,7,2
test,detail_skip_plain,P64,ensemble,5,0.7192079207920792,30,22,35,13,7,2
test,detail_skip_plain,P64,ensemble,10,0.7218523303189903,30,22,30,8,7,2
test,detail_skip_plain,P64,ensemble,20,0.723145843703335,30,22,29,7,7,2
test,detail_skip_plain,P64,ensemble,30,0.7221498044720746,30,20,26,6,7,1
test,detail_skip_plain,P64,ensemble,50,0.7118297175603766,30,17,21,4,7,1
test,detail_skip_plain,P64,ensemble,80,0.6979736249597941,30,12,14,2,7,1
test,detail_skip_plain,P66,single,0,0.6820207513577686,56.0,30.666666666666668,41.333333333333336,6.333333333333333,19.0,4.0
test,detail_skip_plain,P66,ensemble,0,0.6838840437292716,56,31,42,6,19,4
test,detail_skip_plain,P66,ensemble,5,0.6835606339845189,56,31,40,6,19,4
test,detail_skip_plain,P66,ensemble,10,0.6833840385974617,56,30,38,5,19,4
test,detail_skip_plain,P66,ensemble,20,0.6819371324774484,56,26,33,4,19,2
test,detail_skip_plain,P66,ensemble,30,0.6809838699709536,56,23,28,2,19,0
test,detail_skip_plain,P66,ensemble,50,0.6736881465785866,56,17,22,2,19,0
test,detail_skip_plain,P66,ensemble,80,0.6640027687757606,56,12,17,2,19,0
test,detail_skip_plain,P71,single,0,0.6129250111459453,18.0,15.666666666666666,20.666666666666668,7.333333333333333,7.0,4.666666666666667
test,detail_skip_plain,P71,ensemble,0,0.6217088922006955,18,16,21,7,7,5
test,detail_skip_plain,P71,ensemble,5,0.6221725080785483,18,16,20,6,7,5
test,detail_skip_plain,P71,ensemble,10,0.6221725080785483,18,16,20,6,7,5
test,detail_skip_plain,P71,ensemble,20,0.6221725080785483,18,16,20,6,7,5
test,detail_skip_plain,P71,ensemble,30,0.6106676802229823,18,13,14,4,7,3
test,detail_skip_plain,P71,ensemble,50,0.6115852081717094,18,12,10,1,7,3
test,detail_skip_plain,P71,ensemble,80,0.59768299104792,18,10,8,1,7,2
test,detail_skip_plain,P67,single,0,0.7508434889655001,72.0,53.0,57.333333333333336,12.0,17.0,7.0
test,detail_skip_plain,P67,ensemble,0,0.7528759244042728,72,53,57,12,17,7
test,detail_skip_plain,P67,ensemble,5,0.7528503050596766,72,53,57,12,17,7
test,detail_skip_plain,P67,ensemble,10,0.7532371439141694,72,53,54,9,17,7
test,detail_skip_plain,P67,ensemble,20,0.7528568781271233,72,50,48,6,17,6
test,detail_skip_plain,P67,ensemble,30,0.7527733102395975,72,49,45,4,17,6
test,detail_skip_plain,P67,ensemble,50,0.7500569605832764,72,45,39,3,17,4
test,detail_skip_plain,P67,ensemble,80,0.7450037628564261,72,40,32,2,17,4
test,detail_skip_plain,P69,single,0,0.8089605888542976,25.0,17.666666666666668,23.666666666666668,6.0,7.0,1.6666666666666667
test,detail_skip_plain,P69,ensemble,0,0.808880136066601,25,18,22,4,7,2
test,detail_skip_plain,P69,ensemble,5,0.8091698755261036,25,18,22,4,7,2
test,detail_skip_plain,P69,ensemble,10,0.8077819616281154,25,16,20,4,7,0
test,detail_skip_plain,P69,ensemble,20,0.8101060960258947,25,16,18,2,7,0
test,detail_skip_plain,P69,ensemble,30,0.8079625292740047,25,15,17,2,7,0
test,detail_skip_plain,P69,ensemble,50,0.799561283246504,25,12,13,1,7,0
test,detail_skip_plain,P69,ensemble,80,0.7799572371479037,25,9,10,1,7,0
test,detail_skip_plain,P68,single,0,0.406127673527038,6.0,3.6666666666666665,12.666666666666666,9.0,0.0,0.0
test,detail_skip_plain,P68,ensemble,0,0.43995098039215685,6,4,10,6,0,0
test,detail_skip_plain,P68,ensemble,5,0.44103194103194104,6,4,9,5,0,0
test,detail_skip_plain,P68,ensemble,10,0.44103194103194104,6,4,9,5,0,0
test,detail_skip_plain,P68,ensemble,20,0.44103194103194104,6,4,9,5,0,0
test,detail_skip_plain,P68,ensemble,30,0.4544303797468354,6,4,7,3,0,0
test,detail_skip_plain,P68,ensemble,50,0.4470426409903714,6,3,4,1,0,0
test,detail_skip_plain,P68,ensemble,80,0.38765254845656855,6,2,3,1,0,0
test,detail_skip_plain,P70,single,0,0.7076823980581187,20.0,15.333333333333334,23.666666666666668,8.0,4.0,1.0
test,detail_skip_plain,P70,ensemble,0,0.7132296054328204,20,15,22,7,4,1
test,detail_skip_plain,P70,ensemble,5,0.7132722816974074,20,15,22,7,4,1
test,detail_skip_plain,P70,ensemble,10,0.7136711692334164,20,15,20,5,4,1
test,detail_skip_plain,P70,ensemble,20,0.7144702842377261,20,15,18,3,4,1
test,detail_skip_plain,P70,ensemble,30,0.714489188139324,20,14,16,2,4,0
test,detail_skip_plain,P70,ensemble,50,0.7155701564796404,20,14,15,1,4,0
test,detail_skip_plain,P70,ensemble,80,0.7140623642838531,20,13,13,0,4,0
test,detail_skip_plain,P65,single,0,0.7803169829010915,192.0,130.0,141.66666666666666,2.6666666666666665,89.0,35.666666666666664
test,detail_skip_plain,P65,ensemble,0,0.7833656539538892,192,130,143,3,89,34
test,detail_skip_plain,P65,ensemble,5,0.7830491669001789,192,127,139,2,89,33
test,detail_skip_plain,P65,ensemble,10,0.7824229873155578,192,122,133,1,89,30
test,detail_skip_plain,P65,ensemble,20,0.7799454946576113,192,114,124,1,89,26
test,detail_skip_plain,P65,ensemble,30,0.773154010741889,192,100,107,1,89,15
test,detail_skip_plain,P65,ensemble,50,0.7526204045144709,192,74,79,1,89,5
test,detail_skip_plain,P65,ensemble,80,0.7185895798007015,192,51,52,0,89,2
test,baseline_dicebce_hf1,P54,single,0,0.804367212694724,5.0,4.666666666666667,7.0,2.3333333333333335,0.0,0.0
test,baseline_dicebce_hf1,P54,ensemble,0,0.8190675017397355,5,5,7,2,0,0
test,baseline_dicebce_hf1,P54,ensemble,5,0.8190675017397355,5,5,7,2,0,0
test,baseline_dicebce_hf1,P54,ensemble,10,0.8180230527418791,5,4,5,1,0,0
test,baseline_dicebce_hf1,P54,ensemble,20,0.8180230527418791,5,4,5,1,0,0
test,baseline_dicebce_hf1,P54,ensemble,30,0.8180230527418791,5,4,5,1,0,0
test,baseline_dicebce_hf1,P54,ensemble,50,0.8048175699610344,5,3,4,1,0,0
test,baseline_dicebce_hf1,P54,ensemble,80,0.8048175699610344,5,3,4,1,0,0
test,detail_skip_plain,P73,single,0,0.7057362682307949,31.0,24.333333333333332,34.666666666666664,3.3333333333333335,4.0,0.6666666666666666
test,detail_skip_plain,P73,ensemble,0,0.7120960470744555,31,25,36,2,4,1
test,detail_skip_plain,P73,ensemble,5,0.711674500308598,31,23,34,2,4,0
test,detail_skip_plain,P73,ensemble,10,0.7108788598574822,31,23,32,2,4,0
test,detail_skip_plain,P73,ensemble,20,0.7097142313727355,31,23,31,2,4,0
test,detail_skip_plain,P73,ensemble,30,0.7063927158316251,31,22,29,2,4,0
test,detail_skip_plain,P73,ensemble,50,0.696992986838313,31,20,25,2,4,0
test,detail_skip_plain,P73,ensemble,80,0.6787490765821226,31,15,17,0,4,0
test,detail_skip_plain,P72,single,0,0.7347819321750749,13.0,9.0,29.666666666666668,17.0,2.0,0.0
test,detail_skip_plain,P72,ensemble,0,0.7476326838952232,13,9,27,15,2,0
test,detail_skip_plain,P72,ensemble,5,0.7476589539521074,13,9,27,15,2,0
test,detail_skip_plain,P72,ensemble,10,0.7479349010510036,13,9,24,12,2,0
test,detail_skip_plain,P72,ensemble,20,0.7479940878378378,13,8,19,9,2,0
test,detail_skip_plain,P72,ensemble,30,0.7479694850155922,13,8,16,7,2,0
test,detail_skip_plain,P72,ensemble,50,0.7483921125167856,13,7,12,4,2,0
test,detail_skip_plain,P72,ensemble,80,0.7493086577323974,13,6,9,2,2,0
test,detail_skip_plain,P74,single,0,0.6784112763295794,28.0,19.666666666666668,27.666666666666668,6.0,13.0,6.666666666666667
test,detail_skip_plain,P74,ensemble,0,0.6826597131681877,28,20,28,6,13,7
test,detail_skip_plain,P74,ensemble,5,0.682875816993464,28,19,26,5,13,6
test,detail_skip_plain,P74,ensemble,10,0.6830930537352555,28,18,24,4,13,5
test,detail_skip_plain,P74,ensemble,20,0.6814580031695721,28,17,22,3,13,4
test,detail_skip_plain,P74,ensemble,30,0.6708007549204638,28,15,19,2,13,4
test,detail_skip_plain,P74,ensemble,50,0.6136877828054299,28,11,14,2,13,1
test,detail_skip_plain,P74,ensemble,80,0.5449180327868852,28,7,7,0,13,0
test,detail_skip_plain,P75,single,0,0.7474561547360037,67.0,50.0,60.666666666666664,6.666666666666667,26.0,13.333333333333334
test,detail_skip_plain,P75,ensemble,0,0.7491537717601547,67,49,59,6,26,12
test,detail_skip_plain,P75,ensemble,5,0.7491076290156694,67,48,56,4,26,12
test,detail_skip_plain,P75,ensemble,10,0.748047229791099,67,46,54,4,26,11
test,detail_skip_plain,P75,ensemble,20,0.7440868080955865,67,42,46,2,26,8
test,detail_skip_plain,P75,ensemble,30,0.7351690999815191,67,36,39,1,26,4
test,detail_skip_plain,P75,ensemble,50,0.7059270516717325,67,26,27,1,26,0
test,detail_skip_plain,P75,ensemble,80,0.6770428015564203,67,20,21,1,26,0
test,baseline_dicebce_hf1,P55,single,0,0.6717756582813882,37.0,23.0,28.0,5.333333333333333,10.0,2.0
test,baseline_dicebce_hf1,P55,ensemble,0,0.6781796459215814,37,23,28,5,10,2
test,baseline_dicebce_hf1,P55,ensemble,5,0.6777560339204175,37,22,26,4,10,1
test,baseline_dicebce_hf1,P55,ensemble,10,0.6782722228266783,37,22,25,3,10,1
test,baseline_dicebce_hf1,P55,ensemble,20,0.6748520061390046,37,20,20,1,10,1
test,baseline_dicebce_hf1,P55,ensemble,30,0.6745236259499945,37,19,18,0,10,0
test,baseline_dicebce_hf1,P55,ensemble,50,0.6667407242834925,37,17,16,0,10,0
test,baseline_dicebce_hf1,P55,ensemble,80,0.6418995682799363,37,14,13,0,10,0
test,baseline_dicebce_hf1,P56,single,0,0.6834113072142348,3.0,2.0,12.0,10.0,0.0,0.0
test,baseline_dicebce_hf1,P56,ensemble,0,0.7039042462239954,3,2,12,10,0,0
test,baseline_dicebce_hf1,P56,ensemble,5,0.7057142857142857,3,2,11,9,0,0
test,baseline_dicebce_hf1,P56,ensemble,10,0.7073310423825888,3,2,10,8,0,0
test,baseline_dicebce_hf1,P56,ensemble,20,0.7142857142857143,3,2,8,6,0,0
test,baseline_dicebce_hf1,P56,ensemble,30,0.7192778101339545,3,2,7,5,0,0
test,baseline_dicebce_hf1,P56,ensemble,50,0.7258301498677637,3,2,6,4,0,0
test,baseline_dicebce_hf1,P56,ensemble,80,0.7893895813358901,3,2,2,0,0,0
test,baseline_dicebce_hf1,P57,single,0,0.7504002808103255,100.0,36.0,45.333333333333336,2.3333333333333335,37.0,0.3333333333333333
test,baseline_dicebce_hf1,P57,ensemble,0,0.7511875202418223,100,35,45,2,37,0
test,baseline_dicebce_hf1,P57,ensemble,5,0.7510358323773534,100,34,43,2,37,0
test,baseline_dicebce_hf1,P57,ensemble,10,0.7510358323773534,100,34,43,2,37,0
test,baseline_dicebce_hf1,P57,ensemble,20,0.7504525192489532,100,31,39,1,37,0
test,baseline_dicebce_hf1,P57,ensemble,30,0.7496620708299541,100,29,37,1,37,0
test,baseline_dicebce_hf1,P57,ensemble,50,0.7466316046303576,100,25,31,1,37,0
test,baseline_dicebce_hf1,P57,ensemble,80,0.7401518876686882,100,20,22,1,37,0
test,baseline_dicebce_hf1,P58,single,0,0.6079211111913732,42.0,25.333333333333332,33.333333333333336,8.333333333333334,9.0,3.3333333333333335
test,baseline_dicebce_hf1,P58,ensemble,0,0.6102693602693603,42,25,30,6,9,3
test,baseline_dicebce_hf1,P58,ensemble,5,0.6102693602693603,42,25,30,6,9,3
test,baseline_dicebce_hf1,P58,ensemble,10,0.6102693602693603,42,25,30,6,9,3
test,baseline_dicebce_hf1,P58,ensemble,20,0.6090187468333051,42,23,27,5,9,3
test,baseline_dicebce_hf1,P58,ensemble,30,0.5988594774023321,42,19,23,5,9,2
test,baseline_dicebce_hf1,P58,ensemble,50,0.5863141524105754,42,17,19,4,9,2
test,baseline_dicebce_hf1,P58,ensemble,80,0.5563124834114836,42,13,15,4,9,2
test,baseline_dicebce_hf1,P61,single,0,0.6741440734180179,12.0,10.0,20.333333333333332,9.0,1.0,0.0
test,baseline_dicebce_hf1,P61,ensemble,0,0.6893633769556233,12,10,20,9,1,0
test,baseline_dicebce_hf1,P61,ensemble,5,0.6893633769556233,12,10,20,9,1,0
test,baseline_dicebce_hf1,P61,ensemble,10,0.6893633769556233,12,10,20,9,1,0
test,baseline_dicebce_hf1,P61,ensemble,20,0.6911996842936069,12,10,18,7,1,0
test,baseline_dicebce_hf1,P61,ensemble,30,0.6905918508971944,12,10,16,6,1,0
test,baseline_dicebce_hf1,P61,ensemble,50,0.6860326303223239,12,9,15,6,1,0
test,baseline_dicebce_hf1,P61,ensemble,80,0.7053288329753503,12,9,11,2,1,0
test,baseline_dicebce_hf1,P59,single,0,0.4249243825375195,15.0,11.666666666666666,20.333333333333332,9.666666666666666,6.0,3.3333333333333335
test,baseline_dicebce_hf1,P59,ensemble,0,0.42782152230971127,15,11,15,5,6,3
test,baseline_dicebce_hf1,P59,ensemble,5,0.4275711159737418,15,11,15,5,6,3
test,baseline_dicebce_hf1,P59,ensemble,10,0.4275711159737418,15,11,15,5,6,3
test,baseline_dicebce_hf1,P59,ensemble,20,0.42466960352422906,15,11,13,4,6,3
test,baseline_dicebce_hf1,P59,ensemble,30,0.4295900178253119,15,11,11,2,6,3
test,baseline_dicebce_hf1,P59,ensemble,50,0.41242292760904314,15,8,8,1,6,1
test,baseline_dicebce_hf1,P59,ensemble,80,0.3915918752952291,15,6,6,1,6,0
test,baseline_dicebce_hf1,P63,single,0,0.7599703279050241,12.0,9.666666666666666,16.0,6.333333333333333,3.0,2.0
test,baseline_dicebce_hf1,P63,ensemble,0,0.7612841703750794,12,9,15,6,3,2
test,baseline_dicebce_hf1,P63,ensemble,5,0.7612841703750794,12,9,15,6,3,2
test,baseline_dicebce_hf1,P63,ensemble,10,0.7623746617857712,12,9,14,5,3,2
test,baseline_dicebce_hf1,P63,ensemble,20,0.7623746617857712,12,9,14,5,3,2
test,baseline_dicebce_hf1,P63,ensemble,30,0.7673822492790772,12,9,12,3,3,2
test,baseline_dicebce_hf1,P63,ensemble,50,0.7764705882352941,12,8,9,1,3,1
test,baseline_dicebce_hf1,P63,ensemble,80,0.773821299043851,12,7,8,1,3,0
test,baseline_dicebce_hf1,P62,single,0,0.7320633788957273,49.0,33.333333333333336,37.333333333333336,4.0,18.0,7.0
test,baseline_dicebce_hf1,P62,ensemble,0,0.7309546769527483,49,33,35,2,18,7
test,baseline_dicebce_hf1,P62,ensemble,5,0.7309336643221624,49,33,34,1,18,7
test,baseline_dicebce_hf1,P62,ensemble,10,0.7277001797814964,49,30,31,1,18,6
test,baseline_dicebce_hf1,P62,ensemble,20,0.721990547678621,49,27,28,1,18,4
test,baseline_dicebce_hf1,P62,ensemble,30,0.7138028169014085,49,25,24,0,18,4
test,baseline_dicebce_hf1,P62,ensemble,50,0.6859205776173285,49,20,19,0,18,2
test,baseline_dicebce_hf1,P62,ensemble,80,0.626253277803486,49,13,12,0,18,1
test,baseline_dicebce_hf1,P60,single,0,0.6314065490956662,25.0,24.0,41.333333333333336,17.0,1.0,0.0
test,baseline_dicebce_hf1,P60,ensemble,0,0.6708787386969627,25,24,42,16,1,0
test,baseline_dicebce_hf1,P60,ensemble,5,0.6715404699738904,25,24,38,12,1,0
test,baseline_dicebce_hf1,P60,ensemble,10,0.6717353453279165,25,24,37,11,1,0
test,baseline_dicebce_hf1,P60,ensemble,20,0.6722815985130112,25,24,36,10,1,0
test,baseline_dicebce_hf1,P60,ensemble,30,0.6722815985130112,25,24,36,10,1,0
test,baseline_dicebce_hf1,P60,ensemble,50,0.668286323773406,25,21,27,5,1,0
test,baseline_dicebce_hf1,P60,ensemble,80,0.6492316962940645,25,18,23,5,1,0
test,baseline_dicebce_hf1,P64,single,0,0.6925039194417346,30.0,20.666666666666668,28.333333333333332,7.333333333333333,7.0,2.0
test,baseline_dicebce_hf1,P64,ensemble,0,0.7129101984672823,30,21,28,8,7,2
test,baseline_dicebce_hf1,P64,ensemble,5,0.7130503144654088,30,21,28,8,7,2
test,baseline_dicebce_hf1,P64,ensemble,10,0.7125012294678863,30,20,27,8,7,1
test,baseline_dicebce_hf1,P64,ensemble,20,0.7092058474911103,30,18,24,7,7,1
test,baseline_dicebce_hf1,P64,ensemble,30,0.7127330740851531,30,17,20,4,7,1
test,baseline_dicebce_hf1,P64,ensemble,50,0.702463549522373,30,15,18,4,7,1
test,baseline_dicebce_hf1,P64,ensemble,80,0.6879734357165093,30,11,13,3,7,1
test,baseline_dicebce_hf1,P66,single,0,0.6609234073405293,56.0,29.666666666666668,33.333333333333336,4.333333333333333,19.0,4.0
test,baseline_dicebce_hf1,P66,ensemble,0,0.6637757923226915,56,30,33,4,19,4
test,baseline_dicebce_hf1,P66,ensemble,5,0.6637755399033703,56,30,33,4,19,4
test,baseline_dicebce_hf1,P66,ensemble,10,0.6638914764788076,56,30,32,3,19,4
test,baseline_dicebce_hf1,P66,ensemble,20,0.6620983262378258,56,26,28,3,19,2
test,baseline_dicebce_hf1,P66,ensemble,30,0.6598378647311891,56,22,23,2,19,0
test,baseline_dicebce_hf1,P66,ensemble,50,0.6539446947610212,56,17,18,2,19,0
test,baseline_dicebce_hf1,P66,ensemble,80,0.6445582281495594,56,13,12,1,19,0
test,baseline_dicebce_hf1,P68,single,0,0.34585483938126,6.0,3.6666666666666665,10.333333333333334,6.666666666666667,0.0,0.0
test,baseline_dicebce_hf1,P68,ensemble,0,0.4819557625145518,6,4,8,4,0,0
test,baseline_dicebce_hf1,P68,ensemble,5,0.4819557625145518,6,4,8,4,0,0
test,baseline_dicebce_hf1,P68,ensemble,10,0.4819557625145518,6,4,8,4,0,0
test,baseline_dicebce_hf1,P68,ensemble,20,0.4799521244763615,6,3,5,2,0,0
test,baseline_dicebce_hf1,P68,ensemble,30,0.4869459623557984,6,3,4,1,0,0
test,baseline_dicebce_hf1,P68,ensemble,50,0.44152595372107567,6,2,3,1,0,0
test,baseline_dicebce_hf1,P68,ensemble,80,0.44152595372107567,6,2,3,1,0,0
test,baseline_dicebce_hf1,P71,single,0,0.5633473385193072,18.0,14.0,15.666666666666666,4.333333333333333,7.0,3.6666666666666665
test,baseline_dicebce_hf1,P71,ensemble,0,0.5720574606116775,18,13,15,4,7,3
test,baseline_dicebce_hf1,P71,ensemble,5,0.5722563448835323,18,13,14,3,7,3
test,baseline_dicebce_hf1,P71,ensemble,10,0.5709314464679272,18,13,13,3,7,3
test,baseline_dicebce_hf1,P71,ensemble,20,0.5709314464679272,18,13,13,3,7,3
test,baseline_dicebce_hf1,P71,ensemble,30,0.5709314464679272,18,13,13,3,7,3
test,baseline_dicebce_hf1,P71,ensemble,50,0.5609584214235377,18,12,10,2,7,3
test,baseline_dicebce_hf1,P71,ensemble,80,0.5531505531505532,18,10,7,1,7,2
test,baseline_dicebce_hf1,P67,single,0,0.7284505935159243,72.0,52.0,48.0,9.0,17.0,7.333333333333333
test,baseline_dicebce_hf1,P67,ensemble,0,0.7358259270609868,72,51,44,7,17,7
test,baseline_dicebce_hf1,P67,ensemble,5,0.7358400214530618,72,51,44,7,17,7
test,baseline_dicebce_hf1,P67,ensemble,10,0.7358400214530618,72,51,44,7,17,7
test,baseline_dicebce_hf1,P67,ensemble,20,0.7359861923482597,72,49,40,5,17,6
test,baseline_dicebce_hf1,P67,ensemble,30,0.7351608692313599,72,47,38,5,17,5
test,baseline_dicebce_hf1,P67,ensemble,50,0.73578943311881,72,45,33,2,17,5
test,baseline_dicebce_hf1,P67,ensemble,80,0.7338731548564565,72,42,29,1,17,5
test,baseline_dicebce_hf1,P70,single,0,0.6682583649104452,20.0,16.0,20.0,4.666666666666667,4.0,1.3333333333333333
test,baseline_dicebce_hf1,P70,ensemble,0,0.671431316042267,20,16,18,3,4,1
test,baseline_dicebce_hf1,P70,ensemble,5,0.6713808078090773,20,16,18,3,4,1
test,baseline_dicebce_hf1,P70,ensemble,10,0.6711270042680817,20,15,16,2,4,1
test,baseline_dicebce_hf1,P70,ensemble,20,0.6711270042680817,20,15,16,2,4,1
test,baseline_dicebce_hf1,P70,ensemble,30,0.6711270042680817,20,15,16,2,4,1
test,baseline_dicebce_hf1,P70,ensemble,50,0.6701627207526799,20,14,14,1,4,1
test,baseline_dicebce_hf1,P70,ensemble,80,0.6673364504038023,20,14,13,1,4,1
test,baseline_dicebce_hf1,P69,single,0,0.8227395118478226,25.0,16.666666666666668,19.666666666666668,3.0,7.0,0.6666666666666666
test,baseline_dicebce_hf1,P69,ensemble,0,0.8257493680028891,25,16,19,3,7,0
test,baseline_dicebce_hf1,P69,ensemble,5,0.8258670520231214,25,16,18,2,7,0
test,baseline_dicebce_hf1,P69,ensemble,10,0.8258670520231214,25,16,18,2,7,0
test,baseline_dicebce_hf1,P69,ensemble,20,0.8258670520231214,25,16,18,2,7,0
test,baseline_dicebce_hf1,P69,ensemble,30,0.8247030017230434,25,15,16,1,7,0
test,baseline_dicebce_hf1,P69,ensemble,50,0.8181320685881065,25,13,14,1,7,0
test,baseline_dicebce_hf1,P69,ensemble,80,0.7987650856020208,25,9,9,0,7,0
test,baseline_dicebce_hf1,P65,single,0,0.785605734601258,192.0,126.0,134.0,3.0,89.0,32.666666666666664
test,baseline_dicebce_hf1,P65,ensemble,0,0.7887176260878683,192,123,132,3,89,30
test,baseline_dicebce_hf1,P65,ensemble,5,0.7886160105702481,192,122,131,3,89,30
test,baseline_dicebce_hf1,P65,ensemble,10,0.7879550939041025,192,119,128,3,89,30
test,baseline_dicebce_hf1,P65,ensemble,20,0.7852404119542554,192,109,117,2,89,25
test,baseline_dicebce_hf1,P65,ensemble,30,0.7786745964316057,192,94,101,2,89,15
test,baseline_dicebce_hf1,P65,ensemble,50,0.7646193135090681,192,76,78,1,89,5
test,baseline_dicebce_hf1,P65,ensemble,80,0.7438856584846198,192,61,60,0,89,3
test,baseline_dicebce_hf1,P73,single,0,0.7164379360625354,31.0,24.333333333333332,33.333333333333336,5.0,4.0,1.0
test,baseline_dicebce_hf1,P73,ensemble,0,0.7237638976769412,31,24,31,4,4,1
test,baseline_dicebce_hf1,P73,ensemble,5,0.7237638976769412,31,24,31,4,4,1
test,baseline_dicebce_hf1,P73,ensemble,10,0.7237638976769412,31,24,31,4,4,1
test,baseline_dicebce_hf1,P73,ensemble,20,0.7225221138580177,31,21,25,1,4,1
test,baseline_dicebce_hf1,P73,ensemble,30,0.7232767232767233,31,21,24,0,4,1
test,baseline_dicebce_hf1,P73,ensemble,50,0.7124730887270395,31,19,19,0,4,1
test,baseline_dicebce_hf1,P73,ensemble,80,0.7061858044309336,31,17,17,0,4,1
test,baseline_dicebce_hf1,P74,single,0,0.6712469727608349,28.0,18.333333333333332,23.0,3.3333333333333335,13.0,5.666666666666667
test,baseline_dicebce_hf1,P74,ensemble,0,0.6666666666666666,28,19,23,3,13,6
test,baseline_dicebce_hf1,P74,ensemble,5,0.6648619382782891,28,18,22,3,13,5
test,baseline_dicebce_hf1,P74,ensemble,10,0.663052317701274,28,17,21,3,13,4
test,baseline_dicebce_hf1,P74,ensemble,20,0.659233070437857,28,16,20,3,13,4
test,baseline_dicebce_hf1,P74,ensemble,30,0.6224461237055695,28,12,16,3,13,1
test,baseline_dicebce_hf1,P74,ensemble,50,0.6230835984958056,28,11,13,1,13,1
test,baseline_dicebce_hf1,P74,ensemble,80,0.5615763546798029,28,7,7,0,13,0
test,baseline_dicebce,P54,single,0,0.8128938015492123,5.0,5.0,7.666666666666667,2.6666666666666665,0.0,0.0
test,baseline_dicebce,P54,ensemble,0,0.8245733788395905,5,5,7,2,0,0
test,baseline_dicebce,P54,ensemble,5,0.8248548992830318,5,5,7,2,0,0
test,baseline_dicebce,P54,ensemble,10,0.8248548992830318,5,5,7,2,0,0
test,baseline_dicebce,P54,ensemble,20,0.8302405498281787,5,5,6,1,0,0
test,baseline_dicebce,P54,ensemble,30,0.8302405498281787,5,5,6,1,0,0
test,baseline_dicebce,P54,ensemble,50,0.8029661016949152,5,3,4,1,0,0
test,baseline_dicebce,P54,ensemble,80,0.8029661016949152,5,3,4,1,0,0
test,baseline_dicebce_hf1,P72,single,0,0.766471487510939,13.0,9.0,25.333333333333332,14.0,2.0,0.0
test,baseline_dicebce_hf1,P72,ensemble,0,0.7836564505802978,13,9,24,13,2,0
test,baseline_dicebce_hf1,P72,ensemble,5,0.7836679745858712,13,9,23,12,2,0
test,baseline_dicebce_hf1,P72,ensemble,10,0.7837580454485749,13,9,22,11,2,0
test,baseline_dicebce_hf1,P72,ensemble,20,0.7841693511274735,13,8,17,7,2,0
test,baseline_dicebce_hf1,P72,ensemble,30,0.7845045874576606,13,8,16,6,2,0
test,baseline_dicebce_hf1,P72,ensemble,50,0.783512970104486,13,6,13,5,2,0
test,baseline_dicebce_hf1,P72,ensemble,80,0.7844308413219595,13,6,12,4,2,0
test,baseline_dicebce_hf1,P75,single,0,0.7585483162451022,67.0,47.666666666666664,55.666666666666664,6.333333333333333,26.0,12.333333333333334
test,baseline_dicebce_hf1,P75,ensemble,0,0.7613120856112597,67,47,53,5,26,12
test,baseline_dicebce_hf1,P75,ensemble,5,0.7615778450081452,67,47,51,3,26,12
test,baseline_dicebce_hf1,P75,ensemble,10,0.7606125895300763,67,46,49,3,26,12
test,baseline_dicebce_hf1,P75,ensemble,20,0.7557479670040368,67,40,43,3,26,7
test,baseline_dicebce_hf1,P75,ensemble,30,0.744254740946417,67,33,36,3,26,3
test,baseline_dicebce_hf1,P75,ensemble,50,0.7229408579507851,67,26,28,3,26,1
test,baseline_dicebce_hf1,P75,ensemble,80,0.7093517207412424,67,22,22,1,26,1
test,baseline_dicebce,P55,single,0,0.6547166190028356,37.0,22.333333333333332,26.0,3.0,10.0,2.3333333333333335
test,baseline_dicebce,P55,ensemble,0,0.656945510360706,37,23,27,3,10,3
test,baseline_dicebce,P55,ensemble,5,0.6565689825485677,37,22,25,2,10,2
test,baseline_dicebce,P55,ensemble,10,0.6543535620052771,37,20,23,2,10,1
test,baseline_dicebce,P55,ensemble,20,0.6538716082064858,37,20,21,1,10,1
test,baseline_dicebce,P55,ensemble,30,0.6437038693804518,37,16,16,0,10,0
test,baseline_dicebce,P55,ensemble,50,0.640314430095452,37,15,15,0,10,0
test,baseline_dicebce,P55,ensemble,80,0.6231487810435179,37,13,13,0,10,0
test,baseline_dicebce,P56,single,0,0.6937294838971729,3.0,2.0,17.333333333333332,14.333333333333334,0.0,0.0
test,baseline_dicebce,P56,ensemble,0,0.7099368179207353,3,2,14,11,0,0
test,baseline_dicebce,P56,ensemble,5,0.7105490083357286,3,2,14,11,0,0
test,baseline_dicebce,P56,ensemble,10,0.7123919308357348,3,2,13,10,0,0
test,baseline_dicebce,P56,ensemble,20,0.7177700348432056,3,2,11,8,0,0
test,baseline_dicebce,P56,ensemble,30,0.7430117222723174,3,2,6,3,0,0
test,baseline_dicebce,P56,ensemble,50,0.7515962298570994,3,2,5,2,0,0
test,baseline_dicebce,P56,ensemble,80,0.766036566470406,3,2,4,1,0,0
test,baseline_dicebce,P57,single,0,0.7301480855027235,100.0,37.0,55.0,3.3333333333333335,37.0,0.6666666666666666
test,baseline_dicebce,P57,ensemble,0,0.7332330996107747,100,35,52,2,37,0
test,baseline_dicebce,P57,ensemble,5,0.7328591909594355,100,32,48,2,37,0
test,baseline_dicebce,P57,ensemble,10,0.7328591909594355,100,32,48,2,37,0
test,baseline_dicebce,P57,ensemble,20,0.732454968572915,100,30,46,2,37,0
test,baseline_dicebce,P57,ensemble,30,0.730851543140347,100,28,42,2,37,0
test,baseline_dicebce,P57,ensemble,50,0.7275631059728072,100,24,35,1,37,0
test,baseline_dicebce,P57,ensemble,80,0.7225077373008887,100,21,30,1,37,0
test,baseline_dicebce,P58,single,0,0.6026347811041476,42.0,26.666666666666668,40.333333333333336,12.666666666666666,9.0,3.6666666666666665
test,baseline_dicebce,P58,ensemble,0,0.6020382380190348,42,27,41,12,9,4
test,baseline_dicebce,P58,ensemble,5,0.6017356137838066,42,26,40,12,9,3
test,baseline_dicebce,P58,ensemble,10,0.6010135135135135,42,24,35,9,9,3
test,baseline_dicebce,P58,ensemble,20,0.5994897959183674,42,21,29,6,9,3
test,baseline_dicebce,P58,ensemble,30,0.5865681896255582,42,18,24,6,9,2
test,baseline_dicebce,P58,ensemble,50,0.5869584093079795,42,17,21,4,9,2
test,baseline_dicebce,P58,ensemble,80,0.5615370993447848,42,14,17,4,9,2
test,baseline_dicebce,P61,single,0,0.6835289241636747,12.0,10.0,21.0,10.0,1.0,0.0
test,baseline_dicebce,P61,ensemble,0,0.7005352615269039,12,10,18,7,1,0
test,baseline_dicebce,P61,ensemble,5,0.7007984969469234,12,10,17,6,1,0
test,baseline_dicebce,P61,ensemble,10,0.7007984969469234,12,10,17,6,1,0
test,baseline_dicebce,P61,ensemble,20,0.7007984969469234,12,10,17,6,1,0
test,baseline_dicebce,P61,ensemble,30,0.702183734939759,12,10,16,5,1,0
test,baseline_dicebce,P61,ensemble,50,0.7003876335444833,12,10,15,5,1,0
test,baseline_dicebce,P61,ensemble,80,0.7093067790118729,12,10,13,3,1,0
test,baseline_dicebce,P62,single,0,0.727267109672888,49.0,35.333333333333336,42.333333333333336,6.666666666666667,18.0,9.0
test,baseline_dicebce,P62,ensemble,0,0.7381229773462783,49,34,40,6,18,8
test,baseline_dicebce,P62,ensemble,5,0.7382463411475197,49,34,39,5,18,8
test,baseline_dicebce,P62,ensemble,10,0.7349804941482445,49,32,35,4,18,8
test,baseline_dicebce,P62,ensemble,20,0.7315287040669544,49,30,32,3,18,7
test,baseline_dicebce,P62,ensemble,30,0.7269807280513919,49,26,25,0,18,4
test,baseline_dicebce,P62,ensemble,50,0.700164744645799,49,21,20,0,18,2
test,baseline_dicebce,P62,ensemble,80,0.6486249268578116,49,14,13,0,18,1
test,baseline_dicebce,P63,single,0,0.7571719145476932,12.0,10.666666666666666,18.0,7.333333333333333,3.0,2.3333333333333335
test,baseline_dicebce,P63,ensemble,0,0.7595872478053288,12,10,16,6,3,2
test,baseline_dicebce,P63,ensemble,5,0.7597042513863216,12,10,16,6,3,2
test,baseline_dicebce,P63,ensemble,10,0.7602898103900108,12,10,15,5,3,2
test,baseline_dicebce,P63,ensemble,20,0.7593251818603931,12,9,13,4,3,2
test,baseline_dicebce,P63,ensemble,30,0.7645317126383046,12,9,11,2,3,2
test,baseline_dicebce,P63,ensemble,50,0.7630836728298339,12,8,10,2,3,1
test,baseline_dicebce,P63,ensemble,80,0.7632038065027755,12,7,9,2,3,0
test,baseline_dicebce,P59,single,0,0.43722028493020915,15.0,12.333333333333334,22.333333333333332,11.333333333333334,6.0,3.6666666666666665
test,baseline_dicebce,P59,ensemble,0,0.4574988874054295,15,12,16,5,6,3
test,baseline_dicebce,P59,ensemble,5,0.45760071221900733,15,12,16,5,6,3
test,baseline_dicebce,P59,ensemble,10,0.4551939366919304,15,12,15,5,6,3
test,baseline_dicebce,P59,ensemble,20,0.45200540784137,15,11,12,3,6,3
test,baseline_dicebce,P59,ensemble,30,0.45200540784137,15,11,12,3,6,3
test,baseline_dicebce,P59,ensemble,50,0.44376470588235295,15,8,7,0,6,1
test,baseline_dicebce,P59,ensemble,80,0.44376470588235295,15,8,7,0,6,1
test,baseline_dicebce,P64,single,0,0.682602376847937,30.0,22.333333333333332,35.333333333333336,11.666666666666666,7.0,3.0
test,baseline_dicebce,P64,ensemble,0,0.686831084225221,30,22,35,12,7,2
test,baseline_dicebce,P64,ensemble,5,0.6873486118874604,30,22,33,10,7,2
test,baseline_dicebce,P64,ensemble,10,0.6883746967717858,30,22,31,8,7,2
test,baseline_dicebce,P64,ensemble,20,0.688248502994012,30,21,29,7,7,2
test,baseline_dicebce,P64,ensemble,30,0.6820363225745742,30,18,26,7,7,1
test,baseline_dicebce,P64,ensemble,50,0.681753079346892,30,16,22,5,7,0
test,baseline_dicebce,P64,ensemble,80,0.6570890716338056,30,11,16,4,7,0
test,baseline_dicebce,P60,single,0,0.6710866471246341,25.0,24.0,48.666666666666664,22.666666666666668,1.0,0.0
test,baseline_dicebce,P60,ensemble,0,0.6977772319783864,25,24,45,19,1,0
test,baseline_dicebce,P60,ensemble,5,0.6986899563318777,25,24,41,15,1,0
test,baseline_dicebce,P60,ensemble,10,0.6987625438650495,25,24,38,13,1,0
test,baseline_dicebce,P60,ensemble,20,0.6998396843013935,25,24,36,11,1,0
test,baseline_dicebce,P60,ensemble,30,0.7021421918658801,25,24,31,7,1,0
test,baseline_dicebce,P60,ensemble,50,0.7004283194759385,25,21,25,4,1,0
test,baseline_dicebce,P60,ensemble,80,0.6951493735946033,25,18,20,2,1,0
test,baseline_dicebce,P66,single,0,0.6762725125093928,56.0,29.666666666666668,37.333333333333336,6.0,19.0,3.6666666666666665
test,baseline_dicebce,P66,ensemble,0,0.6765040407063754,56,28,36,7,19,4
test,baseline_dicebce,P66,ensemble,5,0.6762266862257881,56,27,35,7,19,3
test,baseline_dicebce,P66,ensemble,10,0.6765507532872076,56,27,33,5,19,3
test,baseline_dicebce,P66,ensemble,20,0.6760825236895766,56,25,30,4,19,2
test,baseline_dicebce,P66,ensemble,30,0.674304615847241,56,22,26,3,19,0
test,baseline_dicebce,P66,ensemble,50,0.6711539627675702,56,17,19,1,19,0
test,baseline_dicebce,P66,ensemble,80,0.6661994576312502,56,14,16,1,19,0
test,baseline_dicebce,P68,single,0,0.39794888843248916,6.0,3.6666666666666665,12.333333333333334,8.666666666666666,0.0,0.0
test,baseline_dicebce,P68,ensemble,0,0.42745098039215684,6,4,10,6,0,0
test,baseline_dicebce,P68,ensemble,5,0.4280104712041885,6,4,10,6,0,0
test,baseline_dicebce,P68,ensemble,10,0.4351297405189621,6,4,7,3,0,0
test,baseline_dicebce,P68,ensemble,20,0.4351297405189621,6,4,7,3,0,0
test,baseline_dicebce,P68,ensemble,30,0.41793103448275865,6,3,5,2,0,0
test,baseline_dicebce,P68,ensemble,50,0.4300922640170334,6,3,4,1,0,0
test,baseline_dicebce,P68,ensemble,80,0.36619718309859156,6,2,3,1,0,0
test,baseline_dicebce,P71,single,0,0.5998652784187197,18.0,15.333333333333334,21.0,7.333333333333333,7.0,4.333333333333333
test,baseline_dicebce,P71,ensemble,0,0.6041914741605144,18,16,23,9,7,5
test,baseline_dicebce,P71,ensemble,5,0.6044073853484216,18,16,22,8,7,5
test,baseline_dicebce,P71,ensemble,10,0.606357552581262,18,16,18,4,7,5
test,baseline_dicebce,P71,ensemble,20,0.6025949062950504,18,14,15,3,7,3
test,baseline_dicebce,P71,ensemble,30,0.6055776892430279,18,14,13,1,7,3
test,baseline_dicebce,P71,ensemble,50,0.5886091420190662,18,12,10,1,7,3
test,baseline_dicebce,P71,ensemble,80,0.5784736777216126,18,11,9,1,7,3
test,baseline_dicebce,P67,single,0,0.7360908803785646,72.0,53.666666666666664,57.666666666666664,12.666666666666666,17.0,7.333333333333333
test,baseline_dicebce,P67,ensemble,0,0.7461974938923477,72,55,55,11,17,8
test,baseline_dicebce,P67,ensemble,5,0.7462557149613748,72,54,53,10,17,8
test,baseline_dicebce,P67,ensemble,10,0.7463233844576745,72,53,50,8,17,8
test,baseline_dicebce,P67,ensemble,20,0.7460765540793968,72,50,45,6,17,6
test,baseline_dicebce,P67,ensemble,30,0.7461252569982603,72,48,42,5,17,5
test,baseline_dicebce,P67,ensemble,50,0.7435505332353584,72,43,36,4,17,4
test,baseline_dicebce,P67,ensemble,80,0.7449211734184793,72,41,32,2,17,3
test,baseline_dicebce,P70,single,0,0.6950066241830685,20.0,16.333333333333332,23.666666666666668,7.0,4.0,1.6666666666666667
test,baseline_dicebce,P70,ensemble,0,0.6992435084849724,20,17,23,6,4,2
test,baseline_dicebce,P70,ensemble,5,0.699202290857026,20,16,21,5,4,1
test,baseline_dicebce,P70,ensemble,10,0.699202290857026,20,16,21,5,4,1
test,baseline_dicebce,P70,ensemble,20,0.7003769873791181,20,16,18,2,4,1
test,baseline_dicebce,P70,ensemble,30,0.699475065616798,20,15,17,2,4,0
test,baseline_dicebce,P70,ensemble,50,0.6982677035756902,20,14,15,1,4,0
test,baseline_dicebce,P70,ensemble,80,0.6972302604381976,20,14,13,0,4,0
test,baseline_dicebce,P69,single,0,0.8242633238711946,25.0,17.666666666666668,22.333333333333332,4.666666666666667,7.0,1.0
test,baseline_dicebce,P69,ensemble,0,0.833717834960071,25,18,21,3,7,1
test,baseline_dicebce,P69,ensemble,5,0.834044065387349,25,17,18,1,7,0
test,baseline_dicebce,P69,ensemble,10,0.833525908808106,25,16,17,1,7,0
test,baseline_dicebce,P69,ensemble,20,0.833525908808106,25,16,17,1,7,0
test,baseline_dicebce,P69,ensemble,30,0.8285714285714286,25,14,15,1,7,0
test,baseline_dicebce,P69,ensemble,50,0.8232642019837692,25,12,12,0,7,0
test,baseline_dicebce,P69,ensemble,80,0.8022775277803288,25,9,9,0,7,0
test,baseline_dicebce,P65,single,0,0.7749421834765865,192.0,124.33333333333333,134.66666666666666,3.0,89.0,31.666666666666668
test,baseline_dicebce,P65,ensemble,0,0.7773881448307913,192,125,136,3,89,31
test,baseline_dicebce,P65,ensemble,5,0.7770781388665849,192,123,134,3,89,30
test,baseline_dicebce,P65,ensemble,10,0.7754385222487886,192,115,125,3,89,27
test,baseline_dicebce,P65,ensemble,20,0.7726065807082014,192,104,112,1,89,19
test,baseline_dicebce,P65,ensemble,30,0.7632002402969383,192,88,93,1,89,11
test,baseline_dicebce,P65,ensemble,50,0.7515801820195921,192,74,77,1,89,5
test,baseline_dicebce,P65,ensemble,80,0.7377132840755286,192,61,62,0,89,3
test,baseline_dicebce,P73,single,0,0.707795873604257,31.0,24.0,35.333333333333336,4.0,4.0,0.3333333333333333
test,baseline_dicebce,P73,ensemble,0,0.709024197668478,31,24,36,4,4,0
test,baseline_dicebce,P73,ensemble,5,0.709155943698611,31,24,35,3,4,0
test,baseline_dicebce,P73,ensemble,10,0.7091196430231477,31,24,33,2,4,0
test,baseline_dicebce,P73,ensemble,20,0.7071365392672594,31,21,30,2,4,0
test,baseline_dicebce,P73,ensemble,30,0.7031527738796894,31,19,26,1,4,0
test,baseline_dicebce,P73,ensemble,50,0.6952741020793951,31,18,21,0,4,0
test,baseline_dicebce,P73,ensemble,80,0.6812335644274444,31,15,17,0,4,0
test,baseline_dicebce,P72,single,0,0.7388209399989382,13.0,8.666666666666666,27.333333333333332,13.333333333333334,2.0,0.0
test,baseline_dicebce,P72,ensemble,0,0.7783884018880647,13,9,21,7,2,0
test,baseline_dicebce,P72,ensemble,5,0.7784802657090352,13,9,20,6,2,0
test,baseline_dicebce,P72,ensemble,10,0.7785590233867841,13,9,19,5,2,0
test,baseline_dicebce,P72,ensemble,20,0.7781640229497131,13,8,16,4,2,0
test,baseline_dicebce,P72,ensemble,30,0.7781640229497131,13,8,16,4,2,0
test,baseline_dicebce,P72,ensemble,50,0.7779503629917272,13,8,15,4,2,0
test,baseline_dicebce,P72,ensemble,80,0.7758573946048529,13,6,11,3,2,0
test,baseline_dicebce,P74,single,0,0.6623377689816794,28.0,19.0,26.0,5.0,13.0,6.0
test,baseline_dicebce,P74,ensemble,0,0.6649537512846866,28,19,25,4,13,6
test,baseline_dicebce,P74,ensemble,5,0.6632364291227167,28,19,25,4,13,6
test,baseline_dicebce,P74,ensemble,10,0.658201606633843,28,17,21,3,13,5
test,baseline_dicebce,P74,ensemble,20,0.6536661466458659,28,16,20,3,13,4
test,baseline_dicebce,P74,ensemble,30,0.6323962516733601,28,13,16,2,13,2
test,baseline_dicebce,P74,ensemble,50,0.6155549404926653,28,11,13,1,13,1
test,baseline_dicebce,P74,ensemble,80,0.6028848984397999,28,9,10,0,13,0
test,baseline_dicebce,P75,single,0,0.7551073505475471,67.0,46.666666666666664,53.0,3.3333333333333335,26.0,11.666666666666666
test,baseline_dicebce,P75,ensemble,0,0.7615612063867534,67,46,52,3,26,12
test,baseline_dicebce,P75,ensemble,5,0.7612284750576958,67,45,50,2,26,11
test,baseline_dicebce,P75,ensemble,10,0.7607202084814025,67,44,48,2,26,10
test,baseline_dicebce,P75,ensemble,20,0.7528163557250999,67,36,40,2,26,5
test,baseline_dicebce,P75,ensemble,30,0.749402199904352,67,34,38,2,26,3
test,baseline_dicebce,P75,ensemble,50,0.72627403112603,67,26,29,2,26,1
test,baseline_dicebce,P75,ensemble,80,0.7054845980465815,67,21,22,1,26,0
