split,config,case,mode,k,dice,n_gt,n_det,n_pred,n_fp,gt_small,det_small
val,baseline_r2,P41_T1,single,0,0.6052385625618087,10.0,9.333333333333334,13.333333333333334,4.0,1.0,1.0
val,baseline_r2,P41_T1,ensemble,0,0.6076527698458024,10,9,13,4,1,1
val,baseline_r2,P41_T1,ensemble,5,0.6086956521739131,10,9,12,3,1,1
val,baseline_r2,P41_T1,ensemble,10,0.6026451983898793,10,8,11,3,1,0
val,baseline_r2,P41_T1,ensemble,20,0.6121495327102804,10,8,9,1,1,0
val,baseline_r2,P41_T1,ensemble,30,0.6121495327102804,10,8,9,1,1,0
val,baseline_r2,P41_T1,ensemble,50,0.5563725490196079,10,6,7,1,1,0
val,baseline_r2,P41_T1,ensemble,80,0.49965205288796105,10,4,4,0,1,0
val,baseline_r2,P46_T1,single,0,0.8368488122384226,27.0,21.333333333333332,26.0,4.333333333333333,7.0,3.3333333333333335
val,baseline_r2,P46_T1,ensemble,0,0.8480798360509668,27,22,26,4,7,4
val,baseline_r2,P46_T1,ensemble,5,0.8481983589011773,27,21,23,2,7,3
val,baseline_r2,P46_T1,ensemble,10,0.8472730518611087,27,20,22,2,7,2
val,baseline_r2,P46_T1,ensemble,20,0.8462777380100215,27,19,20,1,7,1
val,baseline_r2,P46_T1,ensemble,30,0.8462777380100215,27,19,20,1,7,1
val,baseline_r2,P46_T1,ensemble,50,0.8394524521802194,27,16,16,0,7,1
val,baseline_r2,P46_T1,ensemble,80,0.8219279562922492,27,12,12,0,7,0
val,baseline_r2,P43_T1,single,0,0.7550494162715408,31.0,18.333333333333332,32.0,4.666666666666667,14.0,4.0
val,baseline_r2,P43_T1,ensemble,0,0.7587812250286627,31,19,32,5,14,4
val,baseline_r2,P43_T1,ensemble,5,0.7587812250286627,31,19,32,5,14,4
val,baseline_r2,P43_T1,ensemble,10,0.758479288295802,31,18,31,5,14,3
val,baseline_r2,P43_T1,ensemble,20,0.7571976298361799,31,15,25,3,14,2
val,baseline_r2,P43_T1,ensemble,30,0.7577483489989169,31,14,22,1,14,1
val,baseline_r2,P43_T1,ensemble,50,0.7534314070528613,31,12,17,0,14,0
val,baseline_r2,P43_T1,ensemble,80,0.7490281998727826,31,10,15,0,14,0
val,baseline_r2,P42_T1,single,0,0.8823934061014015,38.0,17.666666666666668,28.0,0.0,20.0,2.0
val,baseline_r2,P42_T1,ensemble,0,0.8830334029488639,38,18,28,0,20,2
val,baseline_r2,P42_T1,ensemble,5,0.8830025388011356,38,18,28,0,20,2
val,baseline_r2,P42_T1,ensemble,10,0.8829187147449127,38,18,27,0,20,2
val,baseline_r2,P42_T1,ensemble,20,0.8822638581208776,38,14,23,0,20,1
val,baseline_r2,P42_T1,ensemble,30,0.8811295697712296,38,11,20,0,20,1
val,baseline_r2,P42_T1,ensemble,50,0.8805337480247811,38,9,18,0,20,0
val,baseline_r2,P42_T1,ensemble,80,0.8780549161666855,38,6,14,0,20,0
val,baseline_r2,P44_T1,single,0,0.7502243008923971,10.0,10.0,27.333333333333332,15.666666666666666,1.0,1.0
val,baseline_r2,P44_T1,ensemble,0,0.7580038621811159,10,10,26,14,1,1
val,baseline_r2,P44_T1,ensemble,5,0.758466388691142,10,10,25,13,1,1
val,baseline_r2,P44_T1,ensemble,10,0.7581712656552286,10,10,23,12,1,1
val,baseline_r2,P44_T1,ensemble,20,0.7581712656552286,10,10,23,12,1,1
val,baseline_r2,P44_T1,ensemble,30,0.7618950168832498,10,10,21,10,1,1
val,baseline_r2,P44_T1,ensemble,50,0.7631878951186651,10,9,18,8,1,1
val,baseline_r2,P44_T1,ensemble,80,0.7686794092093832,10,7,11,4,1,0
val,baseline_r2,P48_T1,single,0,0.7215415177720689,42.0,29.666666666666668,40.0,8.666666666666666,15.0,7.0
val,baseline_r2,P48_T1,ensemble,0,0.7224866984038084,42,29,37,6,15,7
val,baseline_r2,P48_T1,ensemble,5,0.7221443915195667,42,28,36,6,15,6
val,baseline_r2,P48_T1,ensemble,10,0.7203516647961092,42,27,34,6,15,6
val,baseline_r2,P48_T1,ensemble,20,0.7212961228694512,42,27,33,5,15,6
val,baseline_r2,P48_T1,ensemble,30,0.7135145373614926,42,23,28,4,15,3
val,baseline_r2,P48_T1,ensemble,50,0.7020551280802572,42,18,20,1,15,2
val,baseline_r2,P48_T1,ensemble,80,0.6593384014793507,42,11,12,1,15,0
val,baseline_r2,P45_T1,single,0,0.8405734141436847,14.0,11.0,19.0,8.0,4.0,2.0
val,baseline_r2,P45_T1,ensemble,0,0.8541305218203656,14,11,19,8,4,2
val,baseline_r2,P45_T1,ensemble,5,0.8545296748781628,14,11,17,6,4,2
val,baseline_r2,P45_T1,ensemble,10,0.8545296748781628,14,11,17,6,4,2
val,baseline_r2,P45_T1,ensemble,20,0.854734024757444,14,10,15,5,4,1
val,baseline_r2,P45_T1,ensemble,30,0.8572579021542178,14,10,13,3,4,1
val,baseline_r2,P45_T1,ensemble,50,0.855392486872223,14,9,12,3,4,0
val,baseline_r2,P45_T1,ensemble,80,0.8593263898282159,14,9,11,2,4,0
val,baseline_r2,P47_T1,single,0,0.8416496770772333,53.0,37.333333333333336,42.333333333333336,2.3333333333333335,20.0,7.333333333333333
val,baseline_r2,P47_T1,ensemble,0,0.8419907945981489,53,36,40,1,20,7
val,baseline_r2,P47_T1,ensemble,5,0.8418949338594228,53,36,40,1,20,7
val,baseline_r2,P47_T1,ensemble,10,0.8417484569462714,53,35,39,1,20,6
val,baseline_r2,P47_T1,ensemble,20,0.8407507788951087,53,33,35,0,20,5
val,baseline_r2,P47_T1,ensemble,30,0.8405870573622976,53,32,34,0,20,4
val,baseline_r2,P47_T1,ensemble,50,0.8344750025559758,53,25,26,0,20,0
val,baseline_r2,P47_T1,ensemble,80,0.8302991398125562,53,22,23,0,20,0
val,baseline_r2,P49_T1,single,0,0.8542750516502461,29.0,22.333333333333332,26.333333333333332,1.6666666666666667,6.0,2.3333333333333335
val,baseline_r2,P49_T1,ensemble,0,0.8578968611257723,29,23,24,1,6,2
val,baseline_r2,P49_T1,ensemble,5,0.8578703056836353,29,22,23,1,6,2
val,baseline_r2,P49_T1,ensemble,10,0.8578703056836353,29,22,23,1,6,2
val,baseline_r2,P49_T1,ensemble,20,0.8572582524271845,29,19,20,1,6,2
val,baseline_r2,P49_T1,ensemble,30,0.8568409274569528,29,18,19,1,6,1
val,baseline_r2,P49_T1,ensemble,50,0.854030636892054,29,14,15,1,6,1
val,baseline_r2,P49_T1,ensemble,80,0.8527531610947,29,12,12,0,6,1
val,baseline_r2,P50_T1,single,0,0.7515705879207228,45.0,30.333333333333332,42.0,9.0,14.0,2.3333333333333335
val,baseline_r2,P50_T1,ensemble,0,0.7580190723883832,45,32,41,7,14,3
val,baseline_r2,P50_T1,ensemble,5,0.7582244864776977,45,32,40,6,14,3
val,baseline_r2,P50_T1,ensemble,10,0.7567156889347154,45,28,36,6,14,1
val,baseline_r2,P50_T1,ensemble,20,0.7561572337302235,45,28,34,5,14,1
val,baseline_r2,P50_T1,ensemble,30,0.7555046871593634,45,27,32,4,14,1
val,baseline_r2,P50_T1,ensemble,50,0.7480388392122442,45,25,29,4,14,1
val,baseline_r2,P50_T1,ensemble,80,0.729953498922536,45,17,19,2,14,0
val,baseline_r2,P49_T2,single,0,0.655908728041028,19.0,17.0,32.333333333333336,10.666666666666666,0.0,0.0
val,baseline_r2,P49_T2,ensemble,0,0.6621651376146789,19,17,29,7,0,0
val,baseline_r2,P49_T2,ensemble,5,0.6622623504367614,19,17,29,7,0,0
val,baseline_r2,P49_T2,ensemble,10,0.6626514873301506,19,17,28,6,0,0
val,baseline_r2,P49_T2,ensemble,20,0.6631244926573685,19,17,24,3,0,0
val,baseline_r2,P49_T2,ensemble,30,0.66185766341935,19,15,20,1,0,0
val,baseline_r2,P49_T2,ensemble,50,0.6557597489914836,19,14,18,1,0,0
val,baseline_r2,P49_T2,ensemble,80,0.6464829040518151,19,13,16,1,0,0
val,baseline_r2,P50_T2,single,0,0.8179852492476963,40.0,30.666666666666668,43.666666666666664,9.0,12.0,4.333333333333333
val,baseline_r2,P50_T2,ensemble,0,0.8203278389114652,40,30,43,9,12,4
val,baseline_r2,P50_T2,ensemble,5,0.8202575577678327,40,30,42,9,12,4
val,baseline_r2,P50_T2,ensemble,10,0.8205175065868628,40,29,37,5,12,4
val,baseline_r2,P50_T2,ensemble,20,0.8203822821083437,40,28,33,3,12,3
val,baseline_r2,P50_T2,ensemble,30,0.8192223171773898,40,25,30,3,12,2
val,baseline_r2,P50_T2,ensemble,50,0.8183000137663092,40,22,26,2,12,1
val,baseline_r2,P50_T2,ensemble,80,0.8171754961279695,40,18,19,0,12,0
val,baseline_r2,P51_T2,single,0,0.7980733217911924,33.0,24.0,36.0,11.0,8.0,2.3333333333333335
val,baseline_r2,P51_T2,ensemble,0,0.7997928155753938,33,24,35,10,8,2
val,baseline_r2,P51_T2,ensemble,5,0.7997928155753938,33,24,35,10,8,2
val,baseline_r2,P51_T2,ensemble,10,0.7995244917243272,33,23,33,10,8,1
val,baseline_r2,P51_T2,ensemble,20,0.800524934383202,33,23,30,7,8,1
val,baseline_r2,P51_T2,ensemble,30,0.7989596083231334,33,21,26,6,8,1
val,baseline_r2,P51_T2,ensemble,50,0.8001348369698456,33,21,25,5,8,1
val,baseline_r2,P51_T2,ensemble,80,0.7858099479864205,33,13,16,5,8,1
val,baseline_r2,P51_T1,single,0,0.8194975105186874,42.0,29.666666666666668,38.666666666666664,7.666666666666667,14.0,6.0
val,baseline_r2,P51_T1,ensemble,0,0.8244688865451258,42,29,36,6,14,6
val,baseline_r2,P51_T1,ensemble,5,0.8244734958369438,42,29,36,6,14,6
val,baseline_r2,P51_T1,ensemble,10,0.8242077099898255,42,28,35,6,14,5
val,baseline_r2,P51_T1,ensemble,20,0.8239598657161178,42,27,33,5,14,5
val,baseline_r2,P51_T1,ensemble,30,0.8198164023973902,42,23,27,4,14,2
val,baseline_r2,P51_T1,ensemble,50,0.8094871992004306,42,15,19,4,14,0
val,baseline_r2,P51_T1,ensemble,80,0.8065684989592167,42,14,18,4,14,0
val,baseline_r2,P52_T1,single,0,0.7696972559654854,25.0,21.333333333333332,24.0,2.6666666666666665,7.0,4.333333333333333
val,baseline_r2,P52_T1,ensemble,0,0.772405297197413,25,20,23,3,7,3
val,baseline_r2,P52_T1,ensemble,5,0.7728604471858134,25,20,21,1,7,3
val,baseline_r2,P52_T1,ensemble,10,0.7728604471858134,25,20,21,1,7,3
val,baseline_r2,P52_T1,ensemble,20,0.7663928073166951,25,18,19,1,7,2
val,baseline_r2,P52_T1,ensemble,30,0.7577271308148611,25,16,17,1,7,2
val,baseline_r2,P52_T1,ensemble,50,0.7544966866519407,25,15,15,0,7,1
val,baseline_r2,P52_T1,ensemble,80,0.7465720277464107,25,13,13,0,7,0
val,baseline_r2,P52_T2,single,0,0.6434483898267144,14.0,10.0,23.0,13.0,1.0,0.0
val,baseline_r2,P52_T2,ensemble,0,0.6648785105711581,14,9,19,10,1,0
val,baseline_r2,P52_T2,ensemble,5,0.6643500236929395,14,9,19,10,1,0
val,baseline_r2,P52_T2,ensemble,10,0.666138739309471,14,9,17,8,1,0
val,baseline_r2,P52_T2,ensemble,20,0.666138739309471,14,9,17,8,1,0
val,baseline_r2,P52_T2,ensemble,30,0.6644241550536601,14,8,14,6,1,0
val,baseline_r2,P52_T2,ensemble,50,0.6690322580645162,14,8,13,5,1,0
val,baseline_r2,P52_T2,ensemble,80,0.6496010638297872,14,6,10,4,1,0
val,waveup_haar_learn_r2,P41_T1,single,0,0.5718099632817321,10.0,9.0,16.0,7.0,1.0,1.0
val,waveup_haar_learn_r2,P41_T1,ensemble,0,0.5903890160183066,10,9,16,7,1,1
val,waveup_haar_learn_r2,P41_T1,ensemble,5,0.5927627800114876,10,9,14,5,1,1
val,waveup_haar_learn_r2,P41_T1,ensemble,10,0.586266589728794,10,8,13,5,1,0
val,waveup_haar_learn_r2,P41_T1,ensemble,20,0.5979988228369629,10,8,11,3,1,0
val,waveup_haar_learn_r2,P41_T1,ensemble,30,0.5898673100120627,10,7,9,2,1,0
val,waveup_haar_learn_r2,P41_T1,ensemble,50,0.5896103896103896,10,6,6,0,1,0
val,waveup_haar_learn_r2,P41_T1,ensemble,80,0.4886685552407932,10,4,4,0,1,0
val,baseline_r2,P53_T2,single,0,0.6910891743677229,23.0,15.666666666666666,17.333333333333332,0.6666666666666666,7.0,3.0
val,baseline_r2,P53_T2,ensemble,0,0.6879455605962411,23,16,17,0,7,3
val,baseline_r2,P53_T2,ensemble,5,0.6862426995457496,23,15,16,0,7,3
val,baseline_r2,P53_T2,ensemble,10,0.6862426995457496,23,15,16,0,7,3
val,baseline_r2,P53_T2,ensemble,20,0.6862426995457496,23,15,16,0,7,3
val,baseline_r2,P53_T2,ensemble,30,0.6766917293233082,23,13,14,0,7,2
val,baseline_r2,P53_T2,ensemble,50,0.6588979523888796,23,10,11,0,7,0
val,baseline_r2,P53_T2,ensemble,80,0.631578947368421,23,7,8,0,7,0
val,waveup_haar_learn_r2,P42_T1,single,0,0.8819620527648645,38.0,19.0,29.333333333333332,0.3333333333333333,20.0,3.0
val,waveup_haar_learn_r2,P42_T1,ensemble,0,0.8829819201682777,38,18,29,0,20,2
val,waveup_haar_learn_r2,P42_T1,ensemble,5,0.8829819201682777,38,18,29,0,20,2
val,waveup_haar_learn_r2,P42_T1,ensemble,10,0.882699195952208,38,18,26,0,20,2
val,waveup_haar_learn_r2,P42_T1,ensemble,20,0.8821634898555083,38,15,23,0,20,1
val,waveup_haar_learn_r2,P42_T1,ensemble,30,0.8819886677029534,38,14,22,0,20,1
val,waveup_haar_learn_r2,P42_T1,ensemble,50,0.8794438577965505,38,9,16,0,20,0
val,waveup_haar_learn_r2,P42_T1,ensemble,80,0.8770708828201831,38,6,12,0,20,0
val,baseline_r2,P53_T1,single,0,0.6155176114335923,22.0,15.333333333333334,17.666666666666668,3.3333333333333335,7.0,3.0
val,baseline_r2,P53_T1,ensemble,0,0.620934740469524,22,15,16,2,7,3
val,baseline_r2,P53_T1,ensemble,5,0.6210685049547608,22,15,16,2,7,3
val,baseline_r2,P53_T1,ensemble,10,0.6210685049547608,22,15,16,2,7,3
val,baseline_r2,P53_T1,ensemble,20,0.6210685049547608,22,15,16,2,7,3
val,baseline_r2,P53_T1,ensemble,30,0.6210685049547608,22,15,16,2,7,3
val,baseline_r2,P53_T1,ensemble,50,0.6158008658008658,22,14,15,2,7,3
val,baseline_r2,P53_T1,ensemble,80,0.591382204812535,22,9,10,2,7,0
val,waveup_haar_learn_r2,P43_T1,single,0,0.7572866082704107,31.0,19.0,34.666666666666664,5.333333333333333,14.0,3.6666666666666665
val,waveup_haar_learn_r2,P43_T1,ensemble,0,0.7596845360108397,31,19,33,6,14,3
val,waveup_haar_learn_r2,P43_T1,ensemble,5,0.7597470289804712,31,19,32,5,14,3
val,waveup_haar_learn_r2,P43_T1,ensemble,10,0.7592682757181609,31,17,29,4,14,2
val,waveup_haar_learn_r2,P43_T1,ensemble,20,0.7598146793465008,31,16,26,2,14,1
val,waveup_haar_learn_r2,P43_T1,ensemble,30,0.7588422191962572,31,15,23,1,14,1
val,waveup_haar_learn_r2,P43_T1,ensemble,50,0.7532449259558901,31,12,17,0,14,0
val,waveup_haar_learn_r2,P43_T1,ensemble,80,0.743386713063239,31,8,13,0,14,0
val,waveup_haar_learn_r2,P44_T1,single,0,0.7499608660917119,10.0,10.0,26.666666666666668,15.666666666666666,1.0,1.0
val,waveup_haar_learn_r2,P44_T1,ensemble,0,0.7583324839465906,10,10,25,14,1,1
val,waveup_haar_learn_r2,P44_T1,ensemble,5,0.7589513414260941,10,10,24,13,1,1
val,waveup_haar_learn_r2,P44_T1,ensemble,10,0.760114425827544,10,10,22,11,1,1
val,waveup_haar_learn_r2,P44_T1,ensemble,20,0.7624513219922116,10,10,20,9,1,1
val,waveup_haar_learn_r2,P44_T1,ensemble,30,0.7670103092783506,10,10,18,7,1,1
val,waveup_haar_learn_r2,P44_T1,ensemble,50,0.768668407310705,10,9,15,5,1,1
val,waveup_haar_learn_r2,P44_T1,ensemble,80,0.761423502849156,10,7,11,4,1,0
val,waveup_haar_learn_r2,P46_T1,single,0,0.855022983313011,27.0,22.333333333333332,27.0,4.0,7.0,3.6666666666666665
val,waveup_haar_learn_r2,P46_T1,ensemble,0,0.8616732369689005,27,23,27,3,7,4
val,waveup_haar_learn_r2,P46_T1,ensemble,5,0.8616760168302945,27,23,25,2,7,4
val,waveup_haar_learn_r2,P46_T1,ensemble,10,0.8620538454792599,27,23,24,1,7,4
val,waveup_haar_learn_r2,P46_T1,ensemble,20,0.8585760802604946,27,20,21,1,7,2
val,waveup_haar_learn_r2,P46_T1,ensemble,30,0.8585760802604946,27,20,21,1,7,2
val,waveup_haar_learn_r2,P46_T1,ensemble,50,0.8404550748006808,27,15,16,1,7,1
val,waveup_haar_learn_r2,P46_T1,ensemble,80,0.827827367258673,27,11,11,0,7,0
val,waveup_haar_learn_r2,P45_T1,single,0,0.8493867223153136,14.0,11.0,17.333333333333332,6.333333333333333,4.0,2.0
val,waveup_haar_learn_r2,P45_T1,ensemble,0,0.8585851876453006,14,11,16,5,4,2
val,waveup_haar_learn_r2,P45_T1,ensemble,5,0.8585851876453006,14,11,16,5,4,2
val,waveup_haar_learn_r2,P45_T1,ensemble,10,0.8590416694357679,14,11,15,4,4,2
val,waveup_haar_learn_r2,P45_T1,ensemble,20,0.8590416694357679,14,11,15,4,4,2
val,waveup_haar_learn_r2,P45_T1,ensemble,30,0.8588360633905979,14,10,14,4,4,1
val,waveup_haar_learn_r2,P45_T1,ensemble,50,0.8620180034932151,14,9,11,2,4,0
val,waveup_haar_learn_r2,P45_T1,ensemble,80,0.8620180034932151,14,9,11,2,4,0
val,waveup_haar_learn_r2,P48_T1,single,0,0.7184460379314461,42.0,28.333333333333332,37.333333333333336,7.666666666666667,15.0,6.666666666666667
val,waveup_haar_learn_r2,P48_T1,ensemble,0,0.7215201722362632,42,28,35,6,15,6
val,waveup_haar_learn_r2,P48_T1,ensemble,5,0.7217904298155258,42,28,35,6,15,6
val,waveup_haar_learn_r2,P48_T1,ensemble,10,0.7217904298155258,42,28,35,6,15,6
val,waveup_haar_learn_r2,P48_T1,ensemble,20,0.7243680105253266,42,28,33,4,15,6
val,waveup_haar_learn_r2,P48_T1,ensemble,30,0.7122867548399463,42,22,25,2,15,3
val,waveup_haar_learn_r2,P48_T1,ensemble,50,0.7004202912716254,42,18,20,1,15,2
val,waveup_haar_learn_r2,P48_T1,ensemble,80,0.6575370675453048,42,11,12,1,15,0
val,waveup_haar_learn_r2,P47_T1,single,0,0.8403748380254719,53.0,39.333333333333336,45.0,3.6666666666666665,20.0,9.666666666666666
val,waveup_haar_learn_r2,P47_T1,ensemble,0,0.8412940676057747,53,39,44,3,20,9
val,waveup_haar_learn_r2,P47_T1,ensemble,5,0.8411411411411411,53,38,43,3,20,8
val,waveup_haar_learn_r2,P47_T1,ensemble,10,0.8407640123163191,53,36,41,3,20,7
val,waveup_haar_learn_r2,P47_T1,ensemble,20,0.8406080674292595,53,34,35,0,20,5
val,waveup_haar_learn_r2,P47_T1,ensemble,30,0.840445827894367,53,33,34,0,20,4
val,waveup_haar_learn_r2,P47_T1,ensemble,50,0.8355703849751017,53,26,27,0,20,0
val,waveup_haar_learn_r2,P47_T1,ensemble,80,0.8282535074987906,53,22,22,0,20,0
val,waveup_haar_learn_r2,P50_T1,single,0,0.7529360866959993,45.0,32.333333333333336,41.0,8.666666666666666,14.0,3.0
val,waveup_haar_learn_r2,P50_T1,ensemble,0,0.7593565509397173,45,32,35,4,14,3
val,waveup_haar_learn_r2,P50_T1,ensemble,5,0.7595361941915908,45,32,35,4,14,3
val,waveup_haar_learn_r2,P50_T1,ensemble,10,0.7583251979607333,45,30,33,4,14,1
val,waveup_haar_learn_r2,P50_T1,ensemble,20,0.7578010528029522,45,29,32,4,14,1
val,waveup_haar_learn_r2,P50_T1,ensemble,30,0.7562486415996522,45,28,31,4,14,1
val,waveup_haar_learn_r2,P50_T1,ensemble,50,0.7493673671471008,45,25,25,2,14,1
val,waveup_haar_learn_r2,P50_T1,ensemble,80,0.7325842696629213,45,19,19,2,14,1
val,waveup_haar_learn_r2,P49_T1,single,0,0.853909245922459,29.0,19.666666666666668,27.0,4.333333333333333,6.0,3.0
val,waveup_haar_learn_r2,P49_T1,ensemble,0,0.8557821011673151,29,18,24,2,6,2
val,waveup_haar_learn_r2,P49_T1,ensemble,5,0.8557774629909248,29,18,23,2,6,2
val,waveup_haar_learn_r2,P49_T1,ensemble,10,0.8557638413153142,29,18,21,1,6,2
val,waveup_haar_learn_r2,P49_T1,ensemble,20,0.8557638413153142,29,18,21,1,6,2
val,waveup_haar_learn_r2,P49_T1,ensemble,30,0.8553092727301048,29,17,20,1,6,1
val,waveup_haar_learn_r2,P49_T1,ensemble,50,0.8534294451725645,29,14,17,1,6,1
val,waveup_haar_learn_r2,P49_T1,ensemble,80,0.852288032073167,29,11,13,0,6,1
val,waveup_haar_learn_r2,P49_T2,single,0,0.6385179891793565,19.0,16.666666666666668,33.0,12.333333333333334,0.0,0.0
val,waveup_haar_learn_r2,P49_T2,ensemble,0,0.6559048428207307,19,17,29,7,0,0
val,waveup_haar_learn_r2,P49_T2,ensemble,5,0.6557427732261555,19,16,27,6,0,0
val,waveup_haar_learn_r2,P49_T2,ensemble,10,0.6561992420140769,19,16,26,5,0,0
val,waveup_haar_learn_r2,P49_T2,ensemble,20,0.6556665892013324,19,16,24,4,0,0
val,waveup_haar_learn_r2,P49_T2,ensemble,30,0.6550598476605005,19,15,22,3,0,0
val,waveup_haar_learn_r2,P49_T2,ensemble,50,0.647749665011429,19,14,17,1,0,0
val,waveup_haar_learn_r2,P49_T2,ensemble,80,0.6374343466496897,19,12,15,1,0,0
val,waveup_haar_learn_r2,P50_T2,single,0,0.8367446997222291,40.0,31.0,41.666666666666664,8.0,12.0,4.666666666666667
val,waveup_haar_learn_r2,P50_T2,ensemble,0,0.8382951252833701,40,30,40,9,12,4
val,waveup_haar_learn_r2,P50_T2,ensemble,5,0.8382310984308131,40,29,38,8,12,4
val,waveup_haar_learn_r2,P50_T2,ensemble,10,0.838445132025594,40,29,36,6,12,4
val,waveup_haar_learn_r2,P50_T2,ensemble,20,0.8386592749507971,40,29,35,5,12,4
val,waveup_haar_learn_r2,P50_T2,ensemble,30,0.8375723847484395,40,26,32,5,12,3
val,waveup_haar_learn_r2,P50_T2,ensemble,50,0.8371818539478861,40,20,22,1,12,0
val,waveup_haar_learn_r2,P50_T2,ensemble,80,0.8354061760601832,40,18,20,1,12,0
val,waveup_haar_learn_r2,P51_T1,single,0,0.8189762839773417,42.0,29.0,39.333333333333336,9.666666666666666,14.0,5.333333333333333
val,waveup_haar_learn_r2,P51_T1,ensemble,0,0.8274834190327148,42,29,41,10,14,5
val,waveup_haar_learn_r2,P51_T1,ensemble,5,0.827475681115128,42,29,39,9,14,5
val,waveup_haar_learn_r2,P51_T1,ensemble,10,0.8278795567329578,42,28,35,6,14,5
val,waveup_haar_learn_r2,P51_T1,ensemble,20,0.8283568145296909,42,27,32,4,14,5
val,waveup_haar_learn_r2,P51_T1,ensemble,30,0.8253063978111765,42,24,29,4,14,3
val,waveup_haar_learn_r2,P51_T1,ensemble,50,0.8135310402366415,42,17,21,4,14,1
val,waveup_haar_learn_r2,P51_T1,ensemble,80,0.8073506891271056,42,13,17,4,14,0
val,waveup_haar_learn_r2,P51_T2,single,0,0.8014391552601973,33.0,25.666666666666668,34.0,8.333333333333334,8.0,3.0
val,waveup_haar_learn_r2,P51_T2,ensemble,0,0.8093233082706767,33,26,33,7,8,3
val,waveup_haar_learn_r2,P51_T2,ensemble,5,0.8091084105402478,33,25,32,7,8,2
val,waveup_haar_learn_r2,P51_T2,ensemble,10,0.8087859184594554,33,24,31,7,8,2
val,waveup_haar_learn_r2,P51_T2,ensemble,20,0.8079346417051039,33,22,27,6,8,1
val,waveup_haar_learn_r2,P51_T2,ensemble,30,0.8079346417051039,33,22,27,6,8,1
val,waveup_haar_learn_r2,P51_T2,ensemble,50,0.8036557317516039,33,20,24,6,8,1
val,waveup_haar_learn_r2,P51_T2,ensemble,80,0.8003438641736514,33,15,16,3,8,1
val,waveup_haar_learn_r2,P52_T1,single,0,0.77657556410137,25.0,23.0,26.333333333333332,2.6666666666666665,7.0,6.0
val,waveup_haar_learn_r2,P52_T1,ensemble,0,0.7836366464457925,25,23,25,1,7,6
val,waveup_haar_learn_r2,P52_T1,ensemble,5,0.783758556316117,25,23,25,1,7,6
val,waveup_haar_learn_r2,P52_T1,ensemble,10,0.7812646370023419,25,22,22,0,7,5
val,waveup_haar_learn_r2,P52_T1,ensemble,20,0.7744065398522245,25,19,19,0,7,2
val,waveup_haar_learn_r2,P52_T1,ensemble,30,0.7654790182106097,25,17,17,0,7,2
val,waveup_haar_learn_r2,P52_T1,ensemble,50,0.7538831064851882,25,15,15,0,7,1
val,waveup_haar_learn_r2,P52_T1,ensemble,80,0.7345924453280318,25,12,12,0,7,0
val,waveup_haar_r2,P41_T1,single,0,0.5833299747018216,10.0,9.333333333333334,14.333333333333334,5.0,1.0,1.0
val,waveup_haar_r2,P41_T1,ensemble,0,0.5902547065337763,10,10,14,4,1,1
val,waveup_haar_r2,P41_T1,ensemble,5,0.5902547065337763,10,10,14,4,1,1
val,waveup_haar_r2,P41_T1,ensemble,10,0.5904761904761905,10,9,11,2,1,1
val,waveup_haar_r2,P41_T1,ensemble,20,0.5843203609701072,10,8,10,2,1,0
val,waveup_haar_r2,P41_T1,ensemble,30,0.563573883161512,10,7,9,2,1,0
val,waveup_haar_r2,P41_T1,ensemble,50,0.5423728813559322,10,6,7,1,1,0
val,waveup_haar_r2,P41_T1,ensemble,80,0.48984771573604063,10,5,6,1,1,0
val,waveup_haar_learn_r2,P52_T2,single,0,0.6988706248565676,14.0,11.0,26.0,15.0,1.0,0.0
val,waveup_haar_learn_r2,P52_T2,ensemble,0,0.7080436941410129,14,11,24,13,1,0
val,waveup_haar_learn_r2,P52_T2,ensemble,5,0.7088649544324772,14,11,23,12,1,0
val,waveup_haar_learn_r2,P52_T2,ensemble,10,0.7115768463073853,14,11,19,8,1,0
val,waveup_haar_learn_r2,P52_T2,ensemble,20,0.7070469798657718,14,9,15,6,1,0
val,waveup_haar_learn_r2,P52_T2,ensemble,30,0.7094276094276094,14,9,14,5,1,0
val,waveup_haar_learn_r2,P52_T2,ensemble,50,0.7143349414197105,14,8,10,2,1,0
val,waveup_haar_learn_r2,P52_T2,ensemble,80,0.6884784520668426,14,6,8,2,1,0
val,waveup_haar_learn_r2,P53_T2,single,0,0.6719076864140169,23.0,16.0,20.333333333333332,3.3333333333333335,7.0,3.3333333333333335
val,waveup_haar_learn_r2,P53_T2,ensemble,0,0.6695335759179623,23,15,18,2,7,3
val,waveup_haar_learn_r2,P53_T2,ensemble,5,0.6693161119390627,23,15,17,1,7,3
val,waveup_haar_learn_r2,P53_T2,ensemble,10,0.6703150912106136,23,15,16,0,7,3
val,waveup_haar_learn_r2,P53_T2,ensemble,20,0.6703150912106136,23,15,16,0,7,3
val,waveup_haar_learn_r2,P53_T2,ensemble,30,0.6559248069822088,23,12,13,0,7,1
val,waveup_haar_learn_r2,P53_T2,ensemble,50,0.6334019204389575,23,9,10,0,7,0
val,waveup_haar_learn_r2,P53_T2,ensemble,80,0.5948754703458161,23,6,6,0,7,0
val,waveup_haar_r2,P42_T1,single,0,0.8808315652442541,38.0,18.666666666666668,30.0,1.3333333333333333,20.0,2.6666666666666665
val,waveup_haar_r2,P42_T1,ensemble,0,0.8821858142358286,38,18,30,1,20,2
val,waveup_haar_r2,P42_T1,ensemble,5,0.882157832154703,38,18,30,1,20,2
val,waveup_haar_r2,P42_T1,ensemble,10,0.8821172817867695,38,18,27,0,20,2
val,waveup_haar_r2,P42_T1,ensemble,20,0.8816124062081147,38,16,24,0,20,1
val,waveup_haar_r2,P42_T1,ensemble,30,0.8807452170206364,38,13,21,0,20,1
val,waveup_haar_r2,P42_T1,ensemble,50,0.8792685530562777,38,9,17,0,20,0
val,waveup_haar_r2,P42_T1,ensemble,80,0.8768420787465048,38,6,13,0,20,0
val,waveup_haar_learn_r2,P53_T1,single,0,0.5964852518128101,22.0,14.666666666666666,19.666666666666668,5.666666666666667,7.0,3.3333333333333335
val,waveup_haar_learn_r2,P53_T1,ensemble,0,0.5942514140597945,22,14,16,3,7,3
val,waveup_haar_learn_r2,P53_T1,ensemble,5,0.5945009242144177,22,14,15,2,7,3
val,waveup_haar_learn_r2,P53_T1,ensemble,10,0.5945009242144177,22,14,15,2,7,3
val,waveup_haar_learn_r2,P53_T1,ensemble,20,0.5945009242144177,22,14,15,2,7,3
val,waveup_haar_learn_r2,P53_T1,ensemble,30,0.5945009242144177,22,14,15,2,7,3
val,waveup_haar_learn_r2,P53_T1,ensemble,50,0.5894785739170828,22,13,14,2,7,2
val,waveup_haar_learn_r2,P53_T1,ensemble,80,0.5706443914081145,22,9,10,2,7,0
val,waveup_haar_r2,P43_T1,single,0,0.7545050721748755,31.0,18.666666666666668,35.666666666666664,6.0,14.0,3.6666666666666665
val,waveup_haar_r2,P43_T1,ensemble,0,0.7576866249208472,31,18,32,5,14,3
val,waveup_haar_r2,P43_T1,ensemble,5,0.7578465869106263,31,18,31,4,14,3
val,waveup_haar_r2,P43_T1,ensemble,10,0.7576397690466131,31,17,29,3,14,2
val,waveup_haar_r2,P43_T1,ensemble,20,0.7568786330808526,31,16,28,3,14,1
val,waveup_haar_r2,P43_T1,ensemble,30,0.7556593095642332,31,14,23,1,14,1
val,waveup_haar_r2,P43_T1,ensemble,50,0.7515047903978346,31,12,18,0,14,0
val,waveup_haar_r2,P43_T1,ensemble,80,0.741217503865377,31,8,14,0,14,0
val,waveup_haar_r2,P46_T1,single,0,0.85117159333503,27.0,23.0,26.0,2.3333333333333335,7.0,4.0
val,waveup_haar_r2,P46_T1,ensemble,0,0.8567594166592108,27,23,25,1,7,4
val,waveup_haar_r2,P46_T1,ensemble,5,0.8568360773085183,27,23,25,1,7,4
val,waveup_haar_r2,P46_T1,ensemble,10,0.8568360773085183,27,23,25,1,7,4
val,waveup_haar_r2,P46_T1,ensemble,20,0.8557821906730164,27,21,22,0,7,3
val,waveup_haar_r2,P46_T1,ensemble,30,0.8511367737278961,27,19,20,0,7,1
val,waveup_haar_r2,P46_T1,ensemble,50,0.8355474118185983,27,15,16,0,7,1
val,waveup_haar_r2,P46_T1,ensemble,80,0.8118157795394488,27,10,11,0,7,0
val,waveup_haar_r2,P45_T1,single,0,0.8180642487685678,14.0,11.0,20.333333333333332,9.333333333333334,4.0,2.0
val,waveup_haar_r2,P45_T1,ensemble,0,0.8167235714745861,14,11,19,8,4,2
val,waveup_haar_r2,P45_T1,ensemble,5,0.8167761886354851,14,11,19,8,4,2
val,waveup_haar_r2,P45_T1,ensemble,10,0.8171973701173134,14,11,18,7,4,2
val,waveup_haar_r2,P45_T1,ensemble,20,0.8171973701173134,14,11,18,7,4,2
val,waveup_haar_r2,P45_T1,ensemble,30,0.8178938522205702,14,10,16,6,4,1
val,waveup_haar_r2,P45_T1,ensemble,50,0.81953125,14,9,13,4,4,0
val,waveup_haar_r2,P45_T1,ensemble,80,0.8235525024533856,14,9,12,3,4,0
val,waveup_haar_r2,P44_T1,single,0,0.7377503104452536,10.0,10.0,28.666666666666668,17.666666666666668,1.0,1.0
val,waveup_haar_r2,P44_T1,ensemble,0,0.7367898291617004,10,10,28,17,1,1
val,waveup_haar_r2,P44_T1,ensemble,5,0.7373757455268389,10,10,27,16,1,1
val,waveup_haar_r2,P44_T1,ensemble,10,0.7378891873072715,10,10,26,15,1,1
val,waveup_haar_r2,P44_T1,ensemble,20,0.7425425425425426,10,10,21,10,1,1
val,waveup_haar_r2,P44_T1,ensemble,30,0.7425425425425426,10,10,21,10,1,1
val,waveup_haar_r2,P44_T1,ensemble,50,0.7464387464387464,10,9,17,7,1,1
val,waveup_haar_r2,P44_T1,ensemble,80,0.7379533814152817,10,7,13,6,1,0
val,waveup_haar_r2,P47_T1,single,0,0.8409577993059242,53.0,39.666666666666664,45.0,2.3333333333333335,20.0,10.0
val,waveup_haar_r2,P47_T1,ensemble,0,0.84333895022761,53,40,45,3,20,10
val,waveup_haar_r2,P47_T1,ensemble,5,0.8432437871013181,53,40,45,3,20,10
val,waveup_haar_r2,P47_T1,ensemble,10,0.8425450518473774,53,37,42,3,20,7
val,waveup_haar_r2,P47_T1,ensemble,20,0.8417866781003304,53,34,36,1,20,5
val,waveup_haar_r2,P47_T1,ensemble,30,0.8413099509779148,53,32,33,0,20,4
val,waveup_haar_r2,P47_T1,ensemble,50,0.8374304090296667,53,26,27,0,20,0
val,waveup_haar_r2,P47_T1,ensemble,80,0.8321022364217252,53,23,23,0,20,0
val,waveup_haar_r2,P48_T1,single,0,0.7211223440654795,42.0,30.0,41.333333333333336,9.333333333333334,15.0,7.666666666666667
val,waveup_haar_r2,P48_T1,ensemble,0,0.7271360090234045,42,29,38,8,15,7
val,waveup_haar_r2,P48_T1,ensemble,5,0.7271529411764706,42,28,35,6,15,6
val,waveup_haar_r2,P48_T1,ensemble,10,0.7271529411764706,42,28,35,6,15,6
val,waveup_haar_r2,P48_T1,ensemble,20,0.7278379651436646,42,28,34,5,15,6
val,waveup_haar_r2,P48_T1,ensemble,30,0.7169629985583854,42,22,26,3,15,2
val,waveup_haar_r2,P48_T1,ensemble,50,0.707638279192274,42,19,22,2,15,2
val,waveup_haar_r2,P48_T1,ensemble,80,0.6633478531425016,42,11,12,1,15,0
val,waveup_haar_r2,P49_T1,single,0,0.8518058114484951,29.0,21.0,25.666666666666668,2.3333333333333335,6.0,2.6666666666666665
val,waveup_haar_r2,P49_T1,ensemble,0,0.8535932480947283,29,21,25,2,6,3
val,waveup_haar_r2,P49_T1,ensemble,5,0.8535705849933076,29,20,24,2,6,2
val,waveup_haar_r2,P49_T1,ensemble,10,0.8535705849933076,29,20,24,2,6,2
val,waveup_haar_r2,P49_T1,ensemble,20,0.8531190926275992,29,19,22,2,6,2
val,waveup_haar_r2,P49_T1,ensemble,30,0.8525148652271974,29,17,19,1,6,1
val,waveup_haar_r2,P49_T1,ensemble,50,0.8516817399813754,29,16,18,1,6,1
val,waveup_haar_r2,P49_T1,ensemble,80,0.8488914263964221,29,12,13,0,6,1
val,waveup_haar_r2,P49_T2,single,0,0.6536246044116877,19.0,17.333333333333332,33.666666666666664,11.333333333333334,0.0,0.0
val,waveup_haar_r2,P49_T2,ensemble,0,0.6599693251533743,19,16,29,8,0,0
val,waveup_haar_r2,P49_T2,ensemble,5,0.6601181797252705,19,16,28,7,0,0
val,waveup_haar_r2,P49_T2,ensemble,10,0.6603715645631814,19,16,27,6,0,0
val,waveup_haar_r2,P49_T2,ensemble,20,0.6627118644067796,19,16,24,3,0,0
val,waveup_haar_r2,P49_T2,ensemble,30,0.657432484717171,19,15,22,3,0,0
val,waveup_haar_r2,P49_T2,ensemble,50,0.6533521303258145,19,15,18,1,0,0
val,waveup_haar_r2,P49_T2,ensemble,80,0.6335956753319024,19,13,15,1,0,0
val,waveup_haar_r2,P50_T1,single,0,0.7544201571394136,45.0,32.0,41.0,7.666666666666667,14.0,3.3333333333333335
val,waveup_haar_r2,P50_T1,ensemble,0,0.754199143704029,45,32,39,7,14,3
val,waveup_haar_r2,P50_T1,ensemble,5,0.754199143704029,45,32,39,7,14,3
val,waveup_haar_r2,P50_T1,ensemble,10,0.7536932286232083,45,31,38,7,14,3
val,waveup_haar_r2,P50_T1,ensemble,20,0.7528751444450559,45,29,35,6,14,1
val,waveup_haar_r2,P50_T1,ensemble,30,0.7520688513737173,45,28,33,5,14,1
val,waveup_haar_r2,P50_T1,ensemble,50,0.7477301843703003,45,26,28,3,14,1
val,waveup_haar_r2,P50_T1,ensemble,80,0.7243268177362625,45,17,18,2,14,0
val,waveup_haar_r2,P50_T2,single,0,0.8516928349434494,40.0,30.666666666666668,41.666666666666664,8.0,12.0,4.333333333333333
val,waveup_haar_r2,P50_T2,ensemble,0,0.8608291658035688,40,30,41,9,12,4
val,waveup_haar_r2,P50_T2,ensemble,5,0.8608336662671461,40,30,41,9,12,4
val,waveup_haar_r2,P50_T2,ensemble,10,0.8608981380065718,40,29,38,7,12,4
val,waveup_haar_r2,P50_T2,ensemble,20,0.8612399081549514,40,28,34,4,12,3
val,waveup_haar_r2,P50_T2,ensemble,30,0.8604954754487465,40,25,30,3,12,2
val,waveup_haar_r2,P50_T2,ensemble,50,0.8594482738086376,40,21,24,1,12,1
val,waveup_haar_r2,P50_T2,ensemble,80,0.8576590566347633,40,18,21,1,12,0
val,waveup_haar_r2,P51_T1,single,0,0.823787995387435,42.0,29.0,40.0,9.666666666666666,14.0,5.666666666666667
val,waveup_haar_r2,P51_T1,ensemble,0,0.8300566604555653,42,30,41,9,14,6
val,waveup_haar_r2,P51_T1,ensemble,5,0.8298786749324916,42,29,40,9,14,6
val,waveup_haar_r2,P51_T1,ensemble,10,0.8300148475273157,42,28,36,7,14,5
val,waveup_haar_r2,P51_T1,ensemble,20,0.8303557795083218,42,26,31,4,14,4
val,waveup_haar_r2,P51_T1,ensemble,30,0.8280610488467276,42,24,29,4,14,3
val,waveup_haar_r2,P51_T1,ensemble,50,0.8193645523684515,42,19,23,4,14,0
val,waveup_haar_r2,P51_T1,ensemble,80,0.8103636647416887,42,14,18,4,14,0
val,waveup_haar_r2,P51_T2,single,0,0.7940395283818736,33.0,24.0,34.666666666666664,10.333333333333334,8.0,2.3333333333333335
val,waveup_haar_r2,P51_T2,ensemble,0,0.8017723453017571,33,24,34,10,8,2
val,waveup_haar_r2,P51_T2,ensemble,5,0.801846135036831,33,24,33,9,8,2
val,waveup_haar_r2,P51_T2,ensemble,10,0.8017855504937781,33,23,31,8,8,2
val,waveup_haar_r2,P51_T2,ensemble,20,0.8016286046654013,33,22,28,7,8,1
val,waveup_haar_r2,P51_T2,ensemble,30,0.8016286046654013,33,22,28,7,8,1
val,waveup_haar_r2,P51_T2,ensemble,50,0.7985839618285362,33,20,24,6,8,1
val,waveup_haar_r2,P51_T2,ensemble,80,0.7924681235776413,33,15,17,4,8,1
val,waveup_haar_r2,P52_T1,single,0,0.7767430777372112,25.0,23.333333333333332,26.333333333333332,2.6666666666666665,7.0,6.0
val,waveup_haar_r2,P52_T1,ensemble,0,0.7832233741753063,25,23,25,1,7,6
val,waveup_haar_r2,P52_T1,ensemble,5,0.7837158126375353,25,23,24,0,7,6
val,waveup_haar_r2,P52_T1,ensemble,10,0.7812253898251693,25,22,22,0,7,5
val,waveup_haar_r2,P52_T1,ensemble,20,0.7763886690932109,25,20,20,0,7,3
val,waveup_haar_r2,P52_T1,ensemble,30,0.7594407841876908,25,16,16,0,7,2
val,waveup_haar_r2,P52_T1,ensemble,50,0.7524656426839127,25,15,15,0,7,1
val,waveup_haar_r2,P52_T1,ensemble,80,0.7327658153897513,25,12,12,0,7,0
val,waveup_haar_r2,P53_T2,single,0,0.6798292754639733,23.0,16.666666666666668,18.666666666666668,0.6666666666666666,7.0,3.0
val,waveup_haar_r2,P53_T2,ensemble,0,0.6866458093199407,23,16,17,0,7,3
val,waveup_haar_r2,P53_T2,ensemble,5,0.6862131444572558,23,16,17,0,7,3
val,waveup_haar_r2,P53_T2,ensemble,10,0.6862131444572558,23,16,17,0,7,3
val,waveup_haar_r2,P53_T2,ensemble,20,0.6840455370400924,23,15,16,0,7,3
val,waveup_haar_r2,P53_T2,ensemble,30,0.6745424292845258,23,13,14,0,7,1
val,waveup_haar_r2,P53_T2,ensemble,50,0.6445432774546699,23,9,10,0,7,0
val,waveup_haar_r2,P53_T2,ensemble,80,0.6098862019914651,23,6,6,0,7,0
val,waveup_haar_r2,P52_T2,single,0,0.6821749023791138,14.0,10.666666666666666,24.0,13.333333333333334,1.0,0.0
val,waveup_haar_r2,P52_T2,ensemble,0,0.696725357906862,14,10,23,13,1,0
val,waveup_haar_r2,P52_T2,ensemble,5,0.696969696969697,14,10,22,12,1,0
val,waveup_haar_r2,P52_T2,ensemble,10,0.700198544010589,14,10,18,8,1,0
val,waveup_haar_r2,P52_T2,ensemble,20,0.7026575296673909,14,9,14,5,1,0
val,waveup_haar_r2,P52_T2,ensemble,30,0.7056059080228264,14,9,13,4,1,0
val,waveup_haar_r2,P52_T2,ensemble,50,0.6966368091938482,14,8,12,4,1,0
val,waveup_haar_r2,P52_T2,ensemble,80,0.6735382974942242,14,5,7,2,1,0
val,waveup_rand_learn_r2,P41_T1,single,0,0.5933036756822602,10.0,8.666666666666666,14.0,5.333333333333333,1.0,1.0
val,waveup_rand_learn_r2,P41_T1,ensemble,0,0.6180356117174038,10,9,13,4,1,1
val,waveup_rand_learn_r2,P41_T1,ensemble,5,0.61795166858458,10,9,13,4,1,1
val,waveup_rand_learn_r2,P41_T1,ensemble,10,0.6200923787528868,10,9,12,3,1,1
val,waveup_rand_learn_r2,P41_T1,ensemble,20,0.6286393345216874,10,8,9,1,1,0
val,waveup_rand_learn_r2,P41_T1,ensemble,30,0.6373493975903615,10,8,8,0,1,0
val,waveup_rand_learn_r2,P41_T1,ensemble,50,0.5736137667304015,10,6,6,0,1,0
val,waveup_rand_learn_r2,P41_T1,ensemble,80,0.5554817275747508,10,5,5,0,1,0
val,waveup_haar_r2,P53_T1,single,0,0.6169161436425646,22.0,15.0,19.666666666666668,5.333333333333333,7.0,3.0
val,waveup_haar_r2,P53_T1,ensemble,0,0.6321724709784411,22,15,18,4,7,3
val,waveup_haar_r2,P53_T1,ensemble,5,0.6325221238938054,22,15,17,3,7,3
val,waveup_haar_r2,P53_T1,ensemble,10,0.6328721638074156,22,15,16,2,7,3
val,waveup_haar_r2,P53_T1,ensemble,20,0.6328721638074156,22,15,16,2,7,3
val,waveup_haar_r2,P53_T1,ensemble,30,0.6328721638074156,22,15,16,2,7,3
val,waveup_haar_r2,P53_T1,ensemble,50,0.6281837392948504,22,14,15,2,7,2
val,waveup_haar_r2,P53_T1,ensemble,80,0.6020689655172414,22,9,10,2,7,0
val,waveup_rand_learn_r2,P42_T1,single,0,0.8772038984734406,38.0,18.333333333333332,28.0,0.3333333333333333,20.0,2.3333333333333335
val,waveup_rand_learn_r2,P42_T1,ensemble,0,0.8787504412283799,38,18,27,0,20,2
val,waveup_rand_learn_r2,P42_T1,ensemble,5,0.878733248446187,38,18,27,0,20,2
val,waveup_rand_learn_r2,P42_T1,ensemble,10,0.8786201505427862,38,18,26,0,20,2
val,waveup_rand_learn_r2,P42_T1,ensemble,20,0.8781915430416792,38,15,23,0,20,1
val,waveup_rand_learn_r2,P42_T1,ensemble,30,0.8771858941174985,38,12,20,0,20,1
val,waveup_rand_learn_r2,P42_T1,ensemble,50,0.8766697418139999,38,10,18,0,20,0
val,waveup_rand_learn_r2,P42_T1,ensemble,80,0.873804389191932,38,6,13,0,20,0
val,waveup_rand_learn_r2,P43_T1,single,0,0.7661694012726591,31.0,18.0,31.666666666666668,4.0,14.0,3.3333333333333335
val,waveup_rand_learn_r2,P43_T1,ensemble,0,0.7665955836830157,31,16,31,5,14,2
val,waveup_rand_learn_r2,P43_T1,ensemble,5,0.7667010663914688,31,16,30,4,14,2
val,waveup_rand_learn_r2,P43_T1,ensemble,10,0.7669385086542101,31,16,29,3,14,2
val,waveup_rand_learn_r2,P43_T1,ensemble,20,0.7663197077273041,31,15,26,2,14,1
val,waveup_rand_learn_r2,P43_T1,ensemble,30,0.7635432171414726,31,13,21,1,14,1
val,waveup_rand_learn_r2,P43_T1,ensemble,50,0.762043795620438,31,12,18,0,14,0
val,waveup_rand_learn_r2,P43_T1,ensemble,80,0.7557606909332494,31,10,15,0,14,0
val,waveup_rand_learn_r2,P44_T1,single,0,0.7485089660913569,10.0,10.0,27.333333333333332,16.666666666666668,1.0,1.0
val,waveup_rand_learn_r2,P44_T1,ensemble,0,0.759280205655527,10,10,24,13,1,1
val,waveup_rand_learn_r2,P44_T1,ensemble,5,0.7594363879461071,10,10,24,13,1,1
val,waveup_rand_learn_r2,P44_T1,ensemble,10,0.7602182641820241,10,10,22,11,1,1
val,waveup_rand_learn_r2,P44_T1,ensemble,20,0.7612371134020619,10,10,21,10,1,1
val,waveup_rand_learn_r2,P44_T1,ensemble,30,0.763204134366925,10,10,20,9,1,1
val,waveup_rand_learn_r2,P44_T1,ensemble,50,0.761309151553054,10,9,18,8,1,1
val,waveup_rand_learn_r2,P44_T1,ensemble,80,0.761656907395359,10,7,12,5,1,0
val,waveup_rand_learn_r2,P46_T1,single,0,0.8427826733448643,27.0,22.0,26.0,4.333333333333333,7.0,3.6666666666666665
val,waveup_rand_learn_r2,P46_T1,ensemble,0,0.8516839953790101,27,22,25,3,7,3
val,waveup_rand_learn_r2,P46_T1,ensemble,5,0.8516805975457941,27,22,24,2,7,3
val,waveup_rand_learn_r2,P46_T1,ensemble,10,0.8516805975457941,27,22,24,2,7,3
val,waveup_rand_learn_r2,P46_T1,ensemble,20,0.8526662512240719,27,22,23,1,7,3
val,waveup_rand_learn_r2,P46_T1,ensemble,30,0.8446724262059035,27,18,18,0,7,1
val,waveup_rand_learn_r2,P46_T1,ensemble,50,0.8409172986637775,27,17,17,0,7,1
val,waveup_rand_learn_r2,P46_T1,ensemble,80,0.8151048951048951,27,11,11,0,7,0
val,waveup_rand_learn_r2,P45_T1,single,0,0.8318778164757162,14.0,11.0,20.0,9.0,4.0,2.0
val,waveup_rand_learn_r2,P45_T1,ensemble,0,0.8470743801652892,14,11,20,9,4,2
val,waveup_rand_learn_r2,P45_T1,ensemble,5,0.8471303887860354,14,11,20,9,4,2
val,waveup_rand_learn_r2,P45_T1,ensemble,10,0.8471303887860354,14,11,20,9,4,2
val,waveup_rand_learn_r2,P45_T1,ensemble,20,0.84774697280487,14,11,19,8,4,2
val,waveup_rand_learn_r2,P45_T1,ensemble,30,0.8514719595044625,14,10,15,5,4,1
val,waveup_rand_learn_r2,P45_T1,ensemble,50,0.8551742591477691,14,10,13,3,4,1
val,waveup_rand_learn_r2,P45_T1,ensemble,80,0.8520342756898994,14,8,11,3,4,0
val,waveup_rand_learn_r2,P49_T1,single,0,0.8523049992761217,29.0,21.0,27.333333333333332,3.6666666666666665,6.0,2.0
val,waveup_rand_learn_r2,P49_T1,ensemble,0,0.8531503666138073,29,21,27,4,6,2
val,waveup_rand_learn_r2,P49_T1,ensemble,5,0.8530963446803166,29,21,26,4,6,2
val,waveup_rand_learn_r2,P49_T1,ensemble,10,0.8530963446803166,29,21,26,4,6,2
val,waveup_rand_learn_r2,P49_T1,ensemble,20,0.85325497713738,29,20,23,2,6,2
val,waveup_rand_learn_r2,P49_T1,ensemble,30,0.8536305472151918,29,20,22,1,6,2
val,waveup_rand_learn_r2,P49_T1,ensemble,50,0.8505714466123635,29,14,15,0,6,1
val,waveup_rand_learn_r2,P49_T1,ensemble,80,0.8465683943572674,29,10,11,0,6,1
val,waveup_rand_learn_r2,P50_T1,single,0,0.7480749223111375,45.0,31.0,42.333333333333336,8.666666666666666,14.0,2.6666666666666665
val,waveup_rand_learn_r2,P50_T1,ensemble,0,0.7487626425650957,45,31,41,7,14,3
val,waveup_rand_learn_r2,P50_T1,ensemble,5,0.7489238054240207,45,31,40,6,14,3
val,waveup_rand_learn_r2,P50_T1,ensemble,10,0.7482231315959509,45,29,38,6,14,2
val,waveup_rand_learn_r2,P50_T1,ensemble,20,0.7487721949376653,45,28,35,4,14,1
val,waveup_rand_learn_r2,P50_T1,ensemble,30,0.7475686189755781,45,28,34,4,14,1
val,waveup_rand_learn_r2,P50_T1,ensemble,50,0.739374761307218,45,25,29,3,14,1
val,waveup_rand_learn_r2,P50_T1,ensemble,80,0.7130307467057101,45,16,20,3,14,0
val,waveup_rand_learn_r2,P48_T1,single,0,0.7142646316474425,42.0,29.666666666666668,40.666666666666664,9.333333333333334,15.0,7.666666666666667
val,waveup_rand_learn_r2,P48_T1,ensemble,0,0.7178056717805672,42,29,39,8,15,7
val,waveup_rand_learn_r2,P48_T1,ensemble,5,0.7178056717805672,42,29,39,8,15,7
val,waveup_rand_learn_r2,P48_T1,ensemble,10,0.7178245483330229,42,28,36,6,15,6
val,waveup_rand_learn_r2,P48_T1,ensemble,20,0.7149939201197268,42,26,32,5,15,6
val,waveup_rand_learn_r2,P48_T1,ensemble,30,0.7131008482563619,42,24,29,4,15,4
val,waveup_rand_learn_r2,P48_T1,ensemble,50,0.704604944255938,42,19,21,1,15,2
val,waveup_rand_learn_r2,P48_T1,ensemble,80,0.6625063938618926,42,12,13,1,15,0
val,waveup_rand_learn_r2,P47_T1,single,0,0.8425332818283725,53.0,37.333333333333336,43.0,2.6666666666666665,20.0,8.0
val,waveup_rand_learn_r2,P47_T1,ensemble,0,0.8435610640870617,53,36,41,2,20,7
val,waveup_rand_learn_r2,P47_T1,ensemble,5,0.8435744337792558,53,36,41,2,20,7
val,waveup_rand_learn_r2,P47_T1,ensemble,10,0.843697224812845,53,35,38,0,20,6
val,waveup_rand_learn_r2,P47_T1,ensemble,20,0.8428726382967989,53,34,36,0,20,5
val,waveup_rand_learn_r2,P47_T1,ensemble,30,0.8415411062797047,53,31,33,0,20,3
val,waveup_rand_learn_r2,P47_T1,ensemble,50,0.8373394378735851,53,25,27,0,20,0
val,waveup_rand_learn_r2,P47_T1,ensemble,80,0.8332013386812457,53,23,24,0,20,0
val,waveup_rand_learn_r2,P50_T2,single,0,0.8734433271835457,40.0,30.666666666666668,40.666666666666664,8.0,12.0,4.333333333333333
val,waveup_rand_learn_r2,P50_T2,ensemble,0,0.8768046755200648,40,30,40,8,12,4
val,waveup_rand_learn_r2,P50_T2,ensemble,5,0.8767741655453796,40,29,39,8,12,4
val,waveup_rand_learn_r2,P50_T2,ensemble,10,0.8769847587893876,40,29,35,5,12,4
val,waveup_rand_learn_r2,P50_T2,ensemble,20,0.8769186214885607,40,28,33,4,12,3
val,waveup_rand_learn_r2,P50_T2,ensemble,30,0.8754241958407054,40,24,29,4,12,2
val,waveup_rand_learn_r2,P50_T2,ensemble,50,0.8748857387443595,40,23,28,4,12,2
val,waveup_rand_learn_r2,P50_T2,ensemble,80,0.8747460871852577,40,18,20,1,12,0
val,waveup_rand_learn_r2,P51_T1,single,0,0.8230193259463324,42.0,28.666666666666668,39.0,8.333333333333334,14.0,5.0
val,waveup_rand_learn_r2,P51_T1,ensemble,0,0.8275319419985762,42,29,38,8,14,5
val,waveup_rand_learn_r2,P51_T1,ensemble,5,0.8274052696675537,42,28,37,8,14,5
val,waveup_rand_learn_r2,P51_T1,ensemble,10,0.8274052696675537,42,28,37,8,14,5
val,waveup_rand_learn_r2,P51_T1,ensemble,20,0.8278765552757208,42,26,31,4,14,4
val,waveup_rand_learn_r2,P51_T1,ensemble,30,0.8269245240424411,42,25,30,4,14,3
val,waveup_rand_learn_r2,P51_T1,ensemble,50,0.8157083602876822,42,18,22,4,14,0
val,waveup_rand_learn_r2,P51_T1,ensemble,80,0.8067420918956361,42,13,17,4,14,0
val,waveup_rand_learn_r2,P51_T2,single,0,0.7992140722401846,33.0,23.333333333333332,34.666666666666664,9.333333333333334,8.0,1.3333333333333333
val,waveup_rand_learn_r2,P51_T2,ensemble,0,0.8032059186189889,33,23,33,9,8,1
val,waveup_rand_learn_r2,P51_T2,ensemble,5,0.8031199901344186,33,23,33,9,8,1
val,waveup_rand_learn_r2,P51_T2,ensemble,10,0.8032438099349388,33,23,32,8,8,1
val,waveup_rand_learn_r2,P51_T2,ensemble,20,0.8026429541805608,33,22,29,7,8,1
val,waveup_rand_learn_r2,P51_T2,ensemble,30,0.8026429541805608,33,22,29,7,8,1
val,waveup_rand_learn_r2,P51_T2,ensemble,50,0.799576284387949,33,19,22,4,8,1
val,waveup_rand_learn_r2,P51_T2,ensemble,80,0.7953473750392959,33,15,17,3,8,1
val,waveup_rand_learn_r2,P49_T2,single,0,0.6361837613845991,19.0,17.0,28.333333333333332,6.666666666666667,0.0,0.0
val,waveup_rand_learn_r2,P49_T2,ensemble,0,0.6398231485867677,19,17,29,7,0,0
val,waveup_rand_learn_r2,P49_T2,ensemble,5,0.6402781069763767,19,17,27,5,0,0
val,waveup_rand_learn_r2,P49_T2,ensemble,10,0.6405311413215302,19,17,26,4,0,0
val,waveup_rand_learn_r2,P49_T2,ensemble,20,0.6380514122500793,19,16,23,3,0,0
val,waveup_rand_learn_r2,P49_T2,ensemble,30,0.6331714308464049,19,15,21,3,0,0
val,waveup_rand_learn_r2,P49_T2,ensemble,50,0.6333868378812199,19,14,18,1,0,0
val,waveup_rand_learn_r2,P49_T2,ensemble,80,0.6203112203112203,19,13,14,0,0,0
val,waveup_rand_learn_r2,P53_T2,single,0,0.683103487824504,23.0,16.666666666666668,17.666666666666668,0.3333333333333333,7.0,3.0
val,waveup_rand_learn_r2,P53_T2,ensemble,0,0.6854444806252035,23,16,16,0,7,3
val,waveup_rand_learn_r2,P53_T2,ensemble,5,0.6850162866449512,23,16,16,0,7,3
val,waveup_rand_learn_r2,P53_T2,ensemble,10,0.6850162866449512,23,16,16,0,7,3
val,waveup_rand_learn_r2,P53_T2,ensemble,20,0.6850162866449512,23,16,16,0,7,3
val,waveup_rand_learn_r2,P53_T2,ensemble,30,0.6745484400656815,23,14,14,0,7,3
val,waveup_rand_learn_r2,P53_T2,ensemble,50,0.6449533502968617,23,9,9,0,7,0
val,waveup_rand_learn_r2,P53_T2,ensemble,80,0.6281163434903048,23,7,7,0,7,0
val,waveup_rand_learn_r2,P52_T1,single,0,0.7768772469875858,25.0,24.0,26.666666666666668,2.6666666666666665,7.0,6.333333333333333
val,waveup_rand_learn_r2,P52_T1,ensemble,0,0.7804728277556033,25,25,27,2,7,7
val,waveup_rand_learn_r2,P52_T1,ensemble,5,0.7794524761611812,25,23,24,1,7,6
val,waveup_rand_learn_r2,P52_T1,ensemble,10,0.7770072430266605,25,21,22,1,7,4
val,waveup_rand_learn_r2,P52_T1,ensemble,20,0.7737948084054388,25,20,21,1,7,4
val,waveup_rand_learn_r2,P52_T1,ensemble,30,0.7573667711598746,25,16,17,1,7,2
val,waveup_rand_learn_r2,P52_T1,ensemble,50,0.756155679110405,25,15,15,0,7,1
val,waveup_rand_learn_r2,P52_T1,ensemble,80,0.7361499260233437,25,12,12,0,7,0
test,baseline_r2,P54,single,0,0.8000646916669817,5.0,5.0,7.333333333333333,2.3333333333333335,0.0,0.0
test,baseline_r2,P54,ensemble,0,0.8125232948192322,5,5,7,2,0,0
test,baseline_r2,P54,ensemble,5,0.8125232948192322,5,5,7,2,0,0
test,baseline_r2,P54,ensemble,10,0.8125232948192322,5,5,7,2,0,0
test,baseline_r2,P54,ensemble,20,0.8125232948192322,5,5,7,2,0,0
test,baseline_r2,P54,ensemble,30,0.8207831325301205,5,5,6,1,0,0
test,baseline_r2,P54,ensemble,50,0.7845433255269321,5,3,4,1,0,0
test,baseline_r2,P54,ensemble,80,0.7845433255269321,5,3,4,1,0,0
val,waveup_rand_learn_r2,P52_T2,single,0,0.7227879435924791,14.0,11.0,22.0,11.0,1.0,0.0
val,waveup_rand_learn_r2,P52_T2,ensemble,0,0.7388377037562013,14,11,21,10,1,0
val,waveup_rand_learn_r2,P52_T2,ensemble,5,0.7390070921985815,14,11,20,9,1,0
val,waveup_rand_learn_r2,P52_T2,ensemble,10,0.740846071809456,14,11,18,7,1,0
val,waveup_rand_learn_r2,P52_T2,ensemble,20,0.7418950385097618,14,10,15,5,1,0
val,waveup_rand_learn_r2,P52_T2,ensemble,30,0.7428778806024315,14,9,12,3,1,0
val,waveup_rand_learn_r2,P52_T2,ensemble,50,0.7236551215917465,14,7,10,3,1,0
val,waveup_rand_learn_r2,P52_T2,ensemble,80,0.7130597014925373,14,6,9,3,1,0
val,waveup_rand_learn_r2,P53_T1,single,0,0.5848529119474514,22.0,15.0,20.0,5.666666666666667,7.0,3.0
val,waveup_rand_learn_r2,P53_T1,ensemble,0,0.5925762262483429,22,15,19,5,7,3
val,waveup_rand_learn_r2,P53_T1,ensemble,5,0.5931003980539584,22,15,17,3,7,3
val,waveup_rand_learn_r2,P53_T1,ensemble,10,0.5935598096713511,22,15,16,2,7,3
val,waveup_rand_learn_r2,P53_T1,ensemble,20,0.5935598096713511,22,15,16,2,7,3
val,waveup_rand_learn_r2,P53_T1,ensemble,30,0.5935598096713511,22,15,16,2,7,3
val,waveup_rand_learn_r2,P53_T1,ensemble,50,0.5963975983989326,22,15,15,1,7,3
val,waveup_rand_learn_r2,P53_T1,ensemble,80,0.568862973760933,22,9,8,0,7,0
test,baseline_r2,P55,single,0,0.6625563161015376,37.0,24.666666666666668,27.0,3.0,10.0,2.6666666666666665
test,baseline_r2,P55,ensemble,0,0.6672441797509475,37,25,26,2,10,3
test,baseline_r2,P55,ensemble,5,0.6668111388016036,37,24,25,2,10,3
test,baseline_r2,P55,ensemble,10,0.6646407640546994,37,22,23,2,10,1
test,baseline_r2,P55,ensemble,20,0.6613606628870475,37,20,20,1,10,1
test,baseline_r2,P55,ensemble,30,0.6613606628870475,37,20,20,1,10,1
test,baseline_r2,P55,ensemble,50,0.6390013495276653,37,14,13,0,10,0
test,baseline_r2,P55,ensemble,80,0.6390013495276653,37,14,13,0,10,0
test,baseline_r2,P56,single,0,0.6772968579081269,3.0,2.0,15.333333333333334,13.333333333333334,0.0,0.0
test,baseline_r2,P56,ensemble,0,0.691775131542509,3,2,13,11,0,0
test,baseline_r2,P56,ensemble,5,0.691775131542509,3,2,13,11,0,0
test,baseline_r2,P56,ensemble,10,0.6944676118988046,3,2,11,9,0,0
test,baseline_r2,P56,ensemble,20,0.6965978806469604,3,2,10,8,0,0
test,baseline_r2,P56,ensemble,30,0.7056497175141243,3,2,8,6,0,0
test,baseline_r2,P56,ensemble,50,0.739271973956792,3,2,4,2,0,0
test,baseline_r2,P56,ensemble,80,0.739271973956792,3,2,4,2,0,0
test,baseline_r2,P61,single,0,0.6988357508373534,12.0,10.0,18.333333333333332,8.666666666666666,1.0,0.0
test,baseline_r2,P61,ensemble,0,0.7194574457923393,12,10,16,7,1,0
test,baseline_r2,P61,ensemble,5,0.7194574457923393,12,10,16,7,1,0
test,baseline_r2,P61,ensemble,10,0.7200076474524424,12,10,15,6,1,0
test,baseline_r2,P61,ensemble,20,0.7210415470036378,12,10,14,5,1,0
test,baseline_r2,P61,ensemble,30,0.7229100681447356,12,10,13,4,1,0
test,baseline_r2,P61,ensemble,50,0.725835983424882,12,10,12,3,1,0
test,baseline_r2,P61,ensemble,80,0.7365538822609036,12,10,10,1,1,0
test,baseline_r2,P58,single,0,0.6008986594561195,42.0,26.333333333333332,36.333333333333336,10.0,9.0,4.333333333333333
test,baseline_r2,P58,ensemble,0,0.6096724404047333,42,26,33,7,9,4
test,baseline_r2,P58,ensemble,5,0.6096724404047333,42,26,33,7,9,4
test,baseline_r2,P58,ensemble,10,0.6089567604667124,42,25,32,7,9,4
test,baseline_r2,P58,ensemble,20,0.6026427152603852,42,21,27,6,9,2
test,baseline_r2,P58,ensemble,30,0.5950701158435676,42,18,23,5,9,2
test,baseline_r2,P58,ensemble,50,0.5873854827343199,42,18,20,4,9,2
test,baseline_r2,P58,ensemble,80,0.5643004576864399,42,15,17,4,9,2
test,baseline_r2,P57,single,0,0.7565165117879434,100.0,42.0,56.0,5.333333333333333,37.0,1.6666666666666667
test,baseline_r2,P57,ensemble,0,0.7602728601591684,100,44,56,4,37,2
test,baseline_r2,P57,ensemble,5,0.760186263096624,100,42,54,4,37,2
test,baseline_r2,P57,ensemble,10,0.75932699341624,100,35,46,4,37,0
test,baseline_r2,P57,ensemble,20,0.7580292812656888,100,30,38,3,37,0
test,baseline_r2,P57,ensemble,30,0.7578855893654867,100,29,36,2,37,0
test,baseline_r2,P57,ensemble,50,0.7552125864227776,100,25,31,2,37,0
test,baseline_r2,P57,ensemble,80,0.7500376511178959,100,22,24,1,37,0
test,baseline_r2,P62,single,0,0.7367686765463691,49.0,34.333333333333336,34.0,0.6666666666666666,18.0,8.0
test,baseline_r2,P62,ensemble,0,0.7396386822529224,49,34,33,0,18,8
test,baseline_r2,P62,ensemble,5,0.7391362126245847,49,34,33,0,18,8
test,baseline_r2,P62,ensemble,10,0.7374167776298269,49,32,31,0,18,7
test,baseline_r2,P62,ensemble,20,0.7301757681470549,49,29,27,0,18,6
test,baseline_r2,P62,ensemble,30,0.718504470333243,49,26,24,0,18,5
test,baseline_r2,P62,ensemble,50,0.6935998889351659,49,22,19,0,18,3
test,baseline_r2,P62,ensemble,80,0.6467883103397122,49,15,12,0,18,1
test,baseline_r2,P59,single,0,0.4139400832810363,15.0,11.666666666666666,25.0,15.333333333333334,6.0,3.0
test,baseline_r2,P59,ensemble,0,0.44793713163064836,15,12,20,10,6,3
test,baseline_r2,P59,ensemble,5,0.44970414201183434,15,12,17,7,6,3
test,baseline_r2,P59,ensemble,10,0.4503950834064969,15,12,16,6,6,3
test,baseline_r2,P59,ensemble,20,0.4521815777875716,15,12,15,5,6,3
test,baseline_r2,P59,ensemble,30,0.45936870382807254,15,12,12,2,6,3
test,baseline_r2,P59,ensemble,50,0.42823966558290755,15,8,8,1,6,1
test,baseline_r2,P59,ensemble,80,0.40857624668754516,15,7,6,0,6,1
test,baseline_r2,P63,single,0,0.777878145608339,12.0,10.666666666666666,14.666666666666666,4.0,3.0,2.0
test,baseline_r2,P63,ensemble,0,0.7840101121820193,12,11,14,3,3,2
test,baseline_r2,P63,ensemble,5,0.784134007585335,12,11,14,3,3,2
test,baseline_r2,P63,ensemble,10,0.784134007585335,12,11,14,3,3,2
test,baseline_r2,P63,ensemble,20,0.7858726639214444,12,11,13,2,3,2
test,baseline_r2,P63,ensemble,30,0.7796934865900383,12,9,11,2,3,2
test,baseline_r2,P63,ensemble,50,0.7825525040387722,12,8,9,1,3,1
test,baseline_r2,P63,ensemble,80,0.7807504078303426,12,7,8,1,3,0
test,baseline_r2,P60,single,0,0.6354454963599144,25.0,24.0,50.0,25.666666666666668,1.0,0.0
test,baseline_r2,P60,ensemble,0,0.6540670955882353,25,24,44,19,1,0
test,baseline_r2,P60,ensemble,5,0.6547441058079356,25,24,41,16,1,0
test,baseline_r2,P60,ensemble,10,0.6545810313075506,25,24,39,15,1,0
test,baseline_r2,P60,ensemble,20,0.6545810313075506,25,24,39,15,1,0
test,baseline_r2,P60,ensemble,30,0.6556712962962963,25,23,35,12,1,0
test,baseline_r2,P60,ensemble,50,0.6533733309805305,25,20,28,8,1,0
test,baseline_r2,P60,ensemble,80,0.6592548076923077,25,19,23,4,1,0
test,baseline_r2,P66,single,0,0.6792793047901052,56.0,30.333333333333332,36.333333333333336,5.666666666666667,19.0,3.3333333333333335
test,baseline_r2,P66,ensemble,0,0.6813699749110217,56,31,37,6,19,4
test,baseline_r2,P66,ensemble,5,0.6813738364119175,56,31,35,5,19,4
test,baseline_r2,P66,ensemble,10,0.6808796472065652,56,28,30,3,19,2
test,baseline_r2,P66,ensemble,20,0.6808324077862863,56,27,28,2,19,2
test,baseline_r2,P66,ensemble,30,0.6802187838193571,56,26,27,2,19,1
test,baseline_r2,P66,ensemble,50,0.6745310841099446,56,20,20,1,19,0
test,baseline_r2,P66,ensemble,80,0.6641053133190374,56,14,15,1,19,0
test,baseline_r2,P68,single,0,0.4156605872018222,6.0,4.0,12.333333333333334,8.333333333333334,0.0,0.0
test,baseline_r2,P68,ensemble,0,0.448332422088573,6,4,10,6,0,0
test,baseline_r2,P68,ensemble,5,0.448332422088573,6,4,10,6,0,0
test,baseline_r2,P68,ensemble,10,0.4520396912899669,6,4,8,4,0,0
test,baseline_r2,P68,ensemble,20,0.43565459610027857,6,3,7,4,0,0
test,baseline_r2,P68,ensemble,30,0.42782608695652175,6,2,4,2,0,0
test,baseline_r2,P68,ensemble,50,0.42782608695652175,6,2,4,2,0,0
test,baseline_r2,P68,ensemble,80,0.4429771908763505,6,2,3,1,0,0
test,baseline_r2,P67,single,0,0.7265519954927186,72.0,57.0,55.666666666666664,11.666666666666666,17.0,9.333333333333334
test,baseline_r2,P67,ensemble,0,0.731347131177727,72,56,57,13,17,9
test,baseline_r2,P67,ensemble,5,0.7313273423688863,72,56,57,13,17,9
test,baseline_r2,P67,ensemble,10,0.7315778805579612,72,55,52,9,17,8
test,baseline_r2,P67,ensemble,20,0.7312074154772237,72,51,44,5,17,6
test,baseline_r2,P67,ensemble,30,0.7311736551290817,72,50,42,4,17,6
test,baseline_r2,P67,ensemble,50,0.731016826521715,72,47,37,2,17,5
test,baseline_r2,P67,ensemble,80,0.7273878234965556,72,44,34,2,17,5
test,baseline_r2,P65,single,0,0.7857921270417324,192.0,131.0,138.0,2.0,89.0,36.666666666666664
test,baseline_r2,P65,ensemble,0,0.7899575093969603,192,130,136,2,89,34
test,baseline_r2,P65,ensemble,5,0.7897414938183305,192,127,133,2,89,33
test,baseline_r2,P65,ensemble,10,0.7888418512383173,192,122,128,2,89,31
test,baseline_r2,P65,ensemble,20,0.7870901639344262,192,116,121,2,89,28
test,baseline_r2,P65,ensemble,30,0.7819176385591908,192,103,106,1,89,18
test,baseline_r2,P65,ensemble,50,0.7661259742995576,192,80,79,0,89,6
test,baseline_r2,P65,ensemble,80,0.7460893613343704,192,63,61,0,89,4
test,baseline_r2,P64,single,0,0.7171626502871055,30.0,22.0,28.666666666666668,7.666666666666667,7.0,2.0
test,baseline_r2,P64,ensemble,0,0.7381807591495971,30,22,25,4,7,2
test,baseline_r2,P64,ensemble,5,0.7384675148101388,30,22,25,4,7,2
test,baseline_r2,P64,ensemble,10,0.7388262728332685,30,22,24,3,7,2
test,baseline_r2,P64,ensemble,20,0.7360420929552762,30,20,22,3,7,1
test,baseline_r2,P64,ensemble,30,0.7322533136966126,30,18,19,2,7,1
test,baseline_r2,P64,ensemble,50,0.7263220205209155,30,17,18,2,7,1
test,baseline_r2,P64,ensemble,80,0.7042020285655144,30,11,11,1,7,1
test,baseline_r2,P69,single,0,0.8261396812586348,25.0,16.0,19.666666666666668,3.6666666666666665,7.0,0.3333333333333333
test,baseline_r2,P69,ensemble,0,0.8314828080229226,25,16,20,4,7,0
test,baseline_r2,P69,ensemble,5,0.8318552360476574,25,16,19,3,7,0
test,baseline_r2,P69,ensemble,10,0.8328998116422998,25,16,17,1,7,0
test,baseline_r2,P69,ensemble,20,0.8328998116422998,25,16,17,1,7,0
test,baseline_r2,P69,ensemble,30,0.8319668438598072,25,15,15,0,7,0
test,baseline_r2,P69,ensemble,50,0.8217110646422402,25,12,12,0,7,0
test,baseline_r2,P69,ensemble,80,0.8023675205770832,25,9,9,0,7,0
test,baseline_r2,P71,single,0,0.6353814632742035,18.0,15.333333333333334,18.333333333333332,3.6666666666666665,7.0,4.333333333333333
test,baseline_r2,P71,ensemble,0,0.6355591311343524,18,15,16,2,7,4
test,baseline_r2,P71,ensemble,5,0.6351677852348994,18,15,14,1,7,4
test,baseline_r2,P71,ensemble,10,0.6338841864839446,18,14,13,1,7,3
test,baseline_r2,P71,ensemble,20,0.6299191374663072,18,12,11,1,7,2
test,baseline_r2,P71,ensemble,30,0.6299191374663072,18,12,11,1,7,2
test,baseline_r2,P71,ensemble,50,0.6222041480276536,18,11,10,1,7,2
test,baseline_r2,P71,ensemble,80,0.613599126160568,18,10,9,1,7,2
test,baseline_r2,P74,single,0,0.6725483682023775,28.0,17.666666666666668,23.333333333333332,4.0,13.0,5.0
test,baseline_r2,P74,ensemble,0,0.6720248898107337,28,17,22,3,13,5
test,baseline_r2,P74,ensemble,5,0.6708203530633438,28,16,21,3,13,4
test,baseline_r2,P74,ensemble,10,0.6722164412070759,28,16,20,2,13,4
test,baseline_r2,P74,ensemble,20,0.6722164412070759,28,16,20,2,13,4
test,baseline_r2,P74,ensemble,30,0.6629979035639413,28,15,19,2,13,3
test,baseline_r2,P74,ensemble,50,0.6156415251878653,28,11,13,1,13,1
test,baseline_r2,P74,ensemble,80,0.5346964064436184,28,7,8,1,13,0
test,waveup_haar_learn_r2,P54,single,0,0.8150069545991725,5.0,5.0,9.0,4.0,0.0,0.0
test,waveup_haar_learn_r2,P54,ensemble,0,0.8246110325318247,5,5,7,2,0,0
test,waveup_haar_learn_r2,P54,ensemble,5,0.8251946213729653,5,5,7,2,0,0
test,waveup_haar_learn_r2,P54,ensemble,10,0.8251946213729653,5,5,7,2,0,0
test,waveup_haar_learn_r2,P54,ensemble,20,0.8251946213729653,5,5,7,2,0,0
test,waveup_haar_learn_r2,P54,ensemble,30,0.8214542836573074,5,4,5,1,0,0
test,waveup_haar_learn_r2,P54,ensemble,50,0.8067349926793558,5,3,4,1,0,0
test,waveup_haar_learn_r2,P54,ensemble,80,0.8067349926793558,5,3,4,1,0,0
test,baseline_r2,P73,single,0,0.7057598837475543,31.0,23.666666666666668,35.333333333333336,4.666666666666667,4.0,0.3333333333333333
test,baseline_r2,P73,ensemble,0,0.709390922264292,31,23,35,3,4,0
test,baseline_r2,P73,ensemble,5,0.709390922264292,31,23,35,3,4,0
test,baseline_r2,P73,ensemble,10,0.7095567608004488,31,23,34,2,4,0
test,baseline_r2,P73,ensemble,20,0.7076836634358759,31,22,32,2,4,0
test,baseline_r2,P73,ensemble,30,0.7061084806150673,31,21,31,2,4,0
test,baseline_r2,P73,ensemble,50,0.6951052258217073,31,19,26,2,4,0
test,baseline_r2,P73,ensemble,80,0.6776803449445279,31,15,18,0,4,0
test,baseline_r2,P70,single,0,0.7221181667143028,20.0,15.0,25.333333333333332,9.666666666666666,4.0,0.3333333333333333
test,baseline_r2,P70,ensemble,0,0.7320366229273026,20,15,25,10,4,0
test,baseline_r2,P70,ensemble,5,0.732145872024312,20,15,23,8,4,0
test,baseline_r2,P70,ensemble,10,0.7323004179507747,20,15,22,7,4,0
test,baseline_r2,P70,ensemble,20,0.7334150775865714,20,15,19,4,4,0
test,baseline_r2,P70,ensemble,30,0.7336444633008061,20,14,16,2,4,0
test,baseline_r2,P70,ensemble,50,0.7323991652114655,20,13,14,1,4,0
test,baseline_r2,P70,ensemble,80,0.7339935120368789,20,13,13,0,4,0
test,baseline_r2,P75,single,0,0.7612797583541031,67.0,48.0,56.666666666666664,5.0,26.0,12.0
test,baseline_r2,P75,ensemble,0,0.7673637702503682,67,46,54,4,26,11
test,baseline_r2,P75,ensemble,5,0.7673541543901001,67,46,53,3,26,11
test,baseline_r2,P75,ensemble,10,0.7673541543901001,67,46,53,3,26,11
test,baseline_r2,P75,ensemble,20,0.7597718902221694,67,39,44,2,26,5
test,baseline_r2,P75,ensemble,30,0.7508237972560062,67,34,38,2,26,3
test,baseline_r2,P75,ensemble,50,0.7278769230769231,67,26,27,1,26,0
test,baseline_r2,P75,ensemble,80,0.7040201005025125,67,21,22,1,26,0
test,waveup_haar_learn_r2,P55,single,0,0.6643077240877883,37.0,23.333333333333332,26.0,3.3333333333333335,10.0,2.6666666666666665
test,waveup_haar_learn_r2,P55,ensemble,0,0.6709511568123393,37,24,25,2,10,3
test,waveup_haar_learn_r2,P55,ensemble,5,0.6708087841456882,37,24,25,2,10,3
test,waveup_haar_learn_r2,P55,ensemble,10,0.6708087841456882,37,24,25,2,10,3
test,waveup_haar_learn_r2,P55,ensemble,20,0.6669534358533176,37,22,23,2,10,2
test,waveup_haar_learn_r2,P55,ensemble,30,0.6663064620704561,37,21,21,1,10,1
test,waveup_haar_learn_r2,P55,ensemble,50,0.6435246995994659,37,15,14,0,10,0
test,waveup_haar_learn_r2,P55,ensemble,80,0.636343266860856,37,14,13,0,10,0
test,baseline_r2,P72,single,0,0.7563233887818233,13.0,9.333333333333334,33.333333333333336,21.0,2.0,0.3333333333333333
test,baseline_r2,P72,ensemble,0,0.7760859898492725,13,9,31,19,2,0
test,baseline_r2,P72,ensemble,5,0.7760859898492725,13,9,31,19,2,0
test,baseline_r2,P72,ensemble,10,0.7760379123659954,13,9,29,18,2,0
test,baseline_r2,P72,ensemble,20,0.7764590274685624,13,8,24,14,2,0
test,baseline_r2,P72,ensemble,30,0.776546870918673,13,8,22,13,2,0
test,baseline_r2,P72,ensemble,50,0.7769408147578786,13,8,21,12,2,0
test,baseline_r2,P72,ensemble,80,0.7776645356558263,13,6,16,9,2,0
test,waveup_haar_learn_r2,P56,single,0,0.6571555747694063,3.0,2.0,18.666666666666668,16.666666666666668,0.0,0.0
test,waveup_haar_learn_r2,P56,ensemble,0,0.6729071944370153,3,2,17,15,0,0
test,waveup_haar_learn_r2,P56,ensemble,5,0.6747117189595065,3,2,15,13,0,0
test,waveup_haar_learn_r2,P56,ensemble,10,0.680183833468505,3,2,11,9,0,0
test,waveup_haar_learn_r2,P56,ensemble,20,0.6844396082698585,3,2,9,7,0,0
test,waveup_haar_learn_r2,P56,ensemble,30,0.6936862420733388,3,2,7,5,0,0
test,waveup_haar_learn_r2,P56,ensemble,50,0.7101326559412927,3,2,5,3,0,0
test,waveup_haar_learn_r2,P56,ensemble,80,0.7215371379409234,3,2,4,2,0,0
test,waveup_haar_learn_r2,P58,single,0,0.6115243885521957,42.0,27.666666666666668,36.0,8.0,9.0,4.0
test,waveup_haar_learn_r2,P58,ensemble,0,0.6132742608843827,42,27,33,6,9,4
test,waveup_haar_learn_r2,P58,ensemble,5,0.6131561008861622,42,27,33,6,9,4
test,waveup_haar_learn_r2,P58,ensemble,10,0.6125649987213366,42,26,32,6,9,4
test,waveup_haar_learn_r2,P58,ensemble,20,0.6074685940457752,42,21,24,3,9,2
test,waveup_haar_learn_r2,P58,ensemble,30,0.605,42,20,23,3,9,2
test,waveup_haar_learn_r2,P58,ensemble,50,0.5814219175674488,42,16,18,3,9,2
test,waveup_haar_learn_r2,P58,ensemble,80,0.5679538393253439,42,15,16,3,9,2
test,waveup_haar_learn_r2,P61,single,0,0.6864626548044844,12.0,10.0,20.0,9.333333333333334,1.0,0.0
test,waveup_haar_learn_r2,P61,ensemble,0,0.6996124031007752,12,10,19,8,1,0
test,waveup_haar_learn_r2,P61,ensemble,5,0.6998836758433501,12,10,18,7,1,0
test,waveup_haar_learn_r2,P61,ensemble,10,0.6998836758433501,12,10,18,7,1,0
test,waveup_haar_learn_r2,P61,ensemble,20,0.7013113161728994,12,10,16,5,1,0
test,waveup_haar_learn_r2,P61,ensemble,30,0.7013113161728994,12,10,16,5,1,0
test,waveup_haar_learn_r2,P61,ensemble,50,0.7014282919193896,12,10,14,4,1,0
test,waveup_haar_learn_r2,P61,ensemble,80,0.6903593953348683,12,9,11,3,1,0
test,waveup_haar_learn_r2,P57,single,0,0.754728866164089,100.0,40.333333333333336,51.666666666666664,4.0,37.0,0.3333333333333333
test,waveup_haar_learn_r2,P57,ensemble,0,0.7577757588713125,100,42,52,3,37,0
test,waveup_haar_learn_r2,P57,ensemble,5,0.7576069381155373,100,39,49,3,37,0
test,waveup_haar_learn_r2,P57,ensemble,10,0.757407679662127,100,37,47,3,37,0
test,waveup_haar_learn_r2,P57,ensemble,20,0.7566114210040531,100,34,42,2,37,0
test,waveup_haar_learn_r2,P57,ensemble,30,0.7558181598938865,100,31,37,1,37,0
test,waveup_haar_learn_r2,P57,ensemble,50,0.7506023285550845,100,25,28,1,37,0
test,waveup_haar_learn_r2,P57,ensemble,80,0.7475538160469667,100,23,25,1,37,0
test,waveup_haar_learn_r2,P62,single,0,0.7389077531327556,49.0,33.666666666666664,34.666666666666664,3.0,18.0,8.333333333333334
test,waveup_haar_learn_r2,P62,ensemble,0,0.7475039411455596,49,32,31,1,18,7
test,waveup_haar_learn_r2,P62,ensemble,5,0.746680688839227,49,31,30,1,18,7
test,waveup_haar_learn_r2,P62,ensemble,10,0.7471717968955538,49,31,29,0,18,7
test,waveup_haar_learn_r2,P62,ensemble,20,0.7455216016859852,49,30,28,0,18,7
test,waveup_haar_learn_r2,P62,ensemble,30,0.7369961420779566,49,27,25,0,18,5
test,waveup_haar_learn_r2,P62,ensemble,50,0.7103419859909353,49,21,19,0,18,1
test,waveup_haar_learn_r2,P62,ensemble,80,0.6618455308070581,49,15,13,0,18,1
test,waveup_haar_learn_r2,P60,single,0,0.606242758828958,25.0,24.0,56.333333333333336,31.0,1.0,0.0
test,waveup_haar_learn_r2,P60,ensemble,0,0.6154921249260872,25,24,52,27,1,0
test,waveup_haar_learn_r2,P60,ensemble,5,0.6157238115723812,25,24,51,26,1,0
test,waveup_haar_learn_r2,P60,ensemble,10,0.6162208707819816,25,24,49,24,1,0
test,waveup_haar_learn_r2,P60,ensemble,20,0.6184930393803153,25,24,41,17,1,0
test,waveup_haar_learn_r2,P60,ensemble,30,0.6188818794866217,25,23,38,15,1,0
test,waveup_haar_learn_r2,P60,ensemble,50,0.6164383561643836,25,20,31,11,1,0
test,waveup_haar_learn_r2,P60,ensemble,80,0.6150022593764121,25,18,25,7,1,0
test,waveup_haar_learn_r2,P63,single,0,0.7653670913119899,12.0,10.333333333333334,18.0,7.666666666666667,3.0,2.0
test,waveup_haar_learn_r2,P63,ensemble,0,0.7648142462388702,12,10,17,7,3,2
test,waveup_haar_learn_r2,P63,ensemble,5,0.7646245969599264,12,10,17,7,3,2
test,waveup_haar_learn_r2,P63,ensemble,10,0.7661538461538462,12,10,15,5,3,2
test,waveup_haar_learn_r2,P63,ensemble,20,0.7691119691119691,12,10,13,3,3,2
test,waveup_haar_learn_r2,P63,ensemble,30,0.7718536887786733,12,10,12,2,3,2
test,waveup_haar_learn_r2,P63,ensemble,50,0.77079107505071,12,9,11,2,3,1
test,waveup_haar_learn_r2,P63,ensemble,80,0.7608730285168074,12,7,9,2,3,0
test,waveup_haar_learn_r2,P59,single,0,0.4074543245592557,15.0,12.0,25.666666666666668,15.0,6.0,3.3333333333333335
test,waveup_haar_learn_r2,P59,ensemble,0,0.4307555949479282,15,12,20,9,6,3
test,waveup_haar_learn_r2,P59,ensemble,5,0.4320960213380751,15,12,18,7,6,3
test,waveup_haar_learn_r2,P59,ensemble,10,0.4327693677649154,15,12,17,6,6,3
test,waveup_haar_learn_r2,P59,ensemble,20,0.42644404332129965,15,11,13,4,6,3
test,waveup_haar_learn_r2,P59,ensemble,30,0.43101482326111745,15,11,11,2,6,3
test,waveup_haar_learn_r2,P59,ensemble,50,0.4004761904761905,15,7,6,0,6,1
test,waveup_haar_learn_r2,P59,ensemble,80,0.4004761904761905,15,7,6,0,6,1
test,waveup_haar_learn_r2,P64,single,0,0.6761511060957234,30.0,22.333333333333332,32.333333333333336,11.0,7.0,2.6666666666666665
test,waveup_haar_learn_r2,P64,ensemble,0,0.6847602892598875,30,23,32,10,7,3
test,waveup_haar_learn_r2,P64,ensemble,5,0.6847602892598875,30,23,32,10,7,3
test,waveup_haar_learn_r2,P64,ensemble,10,0.6849731663685152,30,22,29,8,7,2
test,waveup_haar_learn_r2,P64,ensemble,20,0.685457001350743,30,20,24,5,7,1
test,waveup_haar_learn_r2,P64,ensemble,30,0.6790335716224776,30,18,22,5,7,1
test,waveup_haar_learn_r2,P64,ensemble,50,0.6736325640559695,30,17,21,5,7,1
test,waveup_haar_learn_r2,P64,ensemble,80,0.6470310582460115,30,11,15,5,7,1
test,waveup_haar_learn_r2,P66,single,0,0.6796715844469189,56.0,30.333333333333332,37.666666666666664,5.666666666666667,19.0,3.0
test,waveup_haar_learn_r2,P66,ensemble,0,0.6864317306320445,56,31,37,6,19,3
test,waveup_haar_learn_r2,P66,ensemble,5,0.6862638773937613,56,30,36,6,19,2
test,waveup_haar_learn_r2,P66,ensemble,10,0.685701233439927,56,28,34,6,19,2
test,waveup_haar_learn_r2,P66,ensemble,20,0.6854282854282854,56,26,30,4,19,2
test,waveup_haar_learn_r2,P66,ensemble,30,0.6847136500645902,56,23,25,2,19,0
test,waveup_haar_learn_r2,P66,ensemble,50,0.6800496091834675,56,19,21,2,19,0
test,waveup_haar_learn_r2,P66,ensemble,80,0.6680879647206566,56,12,14,2,19,0
test,waveup_haar_learn_r2,P71,single,0,0.6241346064322211,18.0,16.0,21.333333333333332,7.0,7.0,5.0
test,waveup_haar_learn_r2,P71,ensemble,0,0.6363075404171294,18,16,18,4,7,5
test,waveup_haar_learn_r2,P71,ensemble,5,0.6362177508949513,18,16,18,4,7,5
test,waveup_haar_learn_r2,P71,ensemble,10,0.6362177508949513,18,16,18,4,7,5
test,waveup_haar_learn_r2,P71,ensemble,20,0.6371615774508592,18,16,17,3,7,5
test,waveup_haar_learn_r2,P71,ensemble,30,0.6235132089645674,18,13,13,3,7,3
test,waveup_haar_learn_r2,P71,ensemble,50,0.6219000381533766,18,12,10,1,7,3
test,waveup_haar_learn_r2,P71,ensemble,80,0.6024780588538978,18,11,8,1,7,3
test,waveup_haar_learn_r2,P69,single,0,0.8271554496613005,25.0,16.666666666666668,19.666666666666668,3.0,7.0,1.0
test,waveup_haar_learn_r2,P69,ensemble,0,0.8287204881068175,25,15,17,2,7,0
test,waveup_haar_learn_r2,P69,ensemble,5,0.8287028844452309,25,15,16,1,7,0
test,waveup_haar_learn_r2,P69,ensemble,10,0.8287028844452309,25,15,16,1,7,0
test,waveup_haar_learn_r2,P69,ensemble,20,0.8269384138236597,25,14,15,1,7,0
test,waveup_haar_learn_r2,P69,ensemble,30,0.8284065690190857,25,14,14,0,7,0
test,waveup_haar_learn_r2,P69,ensemble,50,0.8215752813002322,25,12,12,0,7,0
test,waveup_haar_learn_r2,P69,ensemble,80,0.8021069839251658,25,9,9,0,7,0
test,waveup_haar_learn_r2,P70,single,0,0.6862498706491706,20.0,15.666666666666666,25.0,9.333333333333334,4.0,0.6666666666666666
test,waveup_haar_learn_r2,P70,ensemble,0,0.6970042011857552,20,16,25,9,4,1
test,waveup_haar_learn_r2,P70,ensemble,5,0.6971684404822683,20,16,23,7,4,1
test,waveup_haar_learn_r2,P70,ensemble,10,0.6968958742632613,20,15,21,6,4,0
test,waveup_haar_learn_r2,P70,ensemble,20,0.696852871754524,20,14,19,5,4,0
test,waveup_haar_learn_r2,P70,ensemble,30,0.6982537742914581,20,14,17,3,4,0
test,waveup_haar_learn_r2,P70,ensemble,50,0.7001304296272874,20,14,15,1,4,0
test,waveup_haar_learn_r2,P70,ensemble,80,0.6988888888888889,20,13,13,0,4,0
test,waveup_haar_learn_r2,P67,single,0,0.7200794347229703,72.0,57.333333333333336,56.333333333333336,13.666666666666666,17.0,10.333333333333334
test,waveup_haar_learn_r2,P67,ensemble,0,0.7249870206927241,72,58,55,12,17,11
test,waveup_haar_learn_r2,P67,ensemble,5,0.7249327770050997,72,57,54,12,17,10
test,waveup_haar_learn_r2,P67,ensemble,10,0.7248900191190393,72,54,47,8,17,9
test,waveup_haar_learn_r2,P67,ensemble,20,0.7246673109805962,72,51,42,6,17,6
test,waveup_haar_learn_r2,P67,ensemble,30,0.7238854630474878,72,48,37,4,17,6
test,waveup_haar_learn_r2,P67,ensemble,50,0.7240933855054013,72,45,31,1,17,5
test,waveup_haar_learn_r2,P67,ensemble,80,0.7240933855054013,72,45,31,1,17,5
test,waveup_haar_learn_r2,P65,single,0,0.7882762460809242,192.0,133.66666666666666,140.0,3.0,89.0,40.666666666666664
test,waveup_haar_learn_r2,P65,ensemble,0,0.7902216241564214,192,136,139,2,89,42
test,waveup_haar_learn_r2,P65,ensemble,5,0.7897774786350935,192,131,134,2,89,38
test,waveup_haar_learn_r2,P65,ensemble,10,0.7893705608621112,192,127,129,1,89,36
test,waveup_haar_learn_r2,P65,ensemble,20,0.7874051189721136,192,118,120,1,89,31
test,waveup_haar_learn_r2,P65,ensemble,30,0.7808965574176504,192,101,103,1,89,19
test,waveup_haar_learn_r2,P65,ensemble,50,0.769007752263703,192,83,80,0,89,8
test,waveup_haar_learn_r2,P65,ensemble,80,0.744081464986055,192,63,59,0,89,6
test,waveup_haar_learn_r2,P68,single,0,0.44942534173187587,6.0,4.333333333333333,14.0,9.666666666666666,0.0,0.0
test,waveup_haar_learn_r2,P68,ensemble,0,0.48867699642431467,6,4,11,7,0,0
test,waveup_haar_learn_r2,P68,ensemble,5,0.48867699642431467,6,4,11,7,0,0
test,waveup_haar_learn_r2,P68,ensemble,10,0.4924924924924925,6,4,9,5,0,0
test,waveup_haar_learn_r2,P68,ensemble,20,0.4963680387409201,6,4,8,4,0,0
test,waveup_haar_learn_r2,P68,ensemble,30,0.48768161718256475,6,3,5,2,0,0
test,waveup_haar_learn_r2,P68,ensemble,50,0.4517426273458445,6,2,3,1,0,0
test,waveup_haar_learn_r2,P68,ensemble,80,0.4703419399860433,6,2,2,0,0,0
test,waveup_haar_learn_r2,P72,single,0,0.8055195092041129,13.0,9.0,27.333333333333332,15.666666666666666,2.0,0.0
test,waveup_haar_learn_r2,P72,ensemble,0,0.8171395068564542,13,9,25,13,2,0
test,waveup_haar_learn_r2,P72,ensemble,5,0.8170624450307827,13,9,24,13,2,0
test,waveup_haar_learn_r2,P72,ensemble,10,0.8170074122342592,13,9,22,12,2,0
test,waveup_haar_learn_r2,P72,ensemble,20,0.8169932509536696,13,8,19,10,2,0
test,waveup_haar_learn_r2,P72,ensemble,30,0.8180200767159063,13,8,16,7,2,0
test,waveup_haar_learn_r2,P72,ensemble,50,0.8185545120457329,13,8,15,6,2,0
test,waveup_haar_learn_r2,P72,ensemble,80,0.8184232093099492,13,6,11,4,2,0
test,waveup_haar_r2,P54,single,0,0.8301294892988365,5.0,4.666666666666667,7.666666666666667,3.0,0.0,0.0
test,waveup_haar_r2,P54,ensemble,0,0.8434528163862473,5,5,8,3,0,0
test,waveup_haar_r2,P54,ensemble,5,0.8434528163862473,5,5,8,3,0,0
test,waveup_haar_r2,P54,ensemble,10,0.8477941176470588,5,5,6,1,0,0
test,waveup_haar_r2,P54,ensemble,20,0.8477941176470588,5,5,6,1,0,0
test,waveup_haar_r2,P54,ensemble,30,0.8477941176470588,5,5,6,1,0,0
test,waveup_haar_r2,P54,ensemble,50,0.8153495440729484,5,3,4,1,0,0
test,waveup_haar_r2,P54,ensemble,80,0.8153495440729484,5,3,4,1,0,0
test,waveup_haar_learn_r2,P74,single,0,0.67417587875109,28.0,18.0,25.666666666666668,5.666666666666667,13.0,5.0
test,waveup_haar_learn_r2,P74,ensemble,0,0.6788283658787256,28,18,26,6,13,5
test,waveup_haar_learn_r2,P74,ensemble,5,0.6795267489711934,28,18,25,5,13,5
test,waveup_haar_learn_r2,P74,ensemble,10,0.6814547330410111,28,18,23,3,13,5
test,waveup_haar_learn_r2,P74,ensemble,20,0.669096589429836,28,16,21,3,13,4
test,waveup_haar_learn_r2,P74,ensemble,30,0.6666666666666666,28,15,19,2,13,3
test,waveup_haar_learn_r2,P74,ensemble,50,0.6147380218548613,28,11,13,1,13,1
test,waveup_haar_learn_r2,P74,ensemble,80,0.5640547263681592,28,7,8,0,13,0
test,waveup_haar_learn_r2,P73,single,0,0.7169744532662584,31.0,25.333333333333332,35.0,4.0,4.0,1.0
test,waveup_haar_learn_r2,P73,ensemble,0,0.718945756577421,31,26,34,2,4,1
test,waveup_haar_learn_r2,P73,ensemble,5,0.7188341223428942,31,25,33,2,4,0
test,waveup_haar_learn_r2,P73,ensemble,10,0.7185367438837565,31,24,32,2,4,0
test,waveup_haar_learn_r2,P73,ensemble,20,0.7185367438837565,31,24,32,2,4,0
test,waveup_haar_learn_r2,P73,ensemble,30,0.7142391354976944,31,22,29,2,4,0
test,waveup_haar_learn_r2,P73,ensemble,50,0.7070327190673186,31,20,24,1,4,0
test,waveup_haar_learn_r2,P73,ensemble,80,0.686698987183795,31,16,17,0,4,0
test,waveup_haar_r2,P55,single,0,0.6581220545550219,37.0,24.0,25.333333333333332,2.0,10.0,3.0
test,waveup_haar_r2,P55,ensemble,0,0.6624105668684646,37,24,26,2,10,3
test,waveup_haar_r2,P55,ensemble,5,0.6618197840934127,37,24,25,2,10,3
test,waveup_haar_r2,P55,ensemble,10,0.6618197840934127,37,24,25,2,10,3
test,waveup_haar_r2,P55,ensemble,20,0.6553295542958764,37,20,20,1,10,1
test,waveup_haar_r2,P55,ensemble,30,0.6506887669391869,37,18,17,0,10,1
test,waveup_haar_r2,P55,ensemble,50,0.6365189657136349,37,14,13,0,10,0
test,waveup_haar_r2,P55,ensemble,80,0.6365189657136349,37,14,13,0,10,0
test,waveup_haar_learn_r2,P75,single,0,0.7668069801675986,67.0,51.333333333333336,60.333333333333336,5.333333333333333,26.0,14.0
test,waveup_haar_learn_r2,P75,ensemble,0,0.7699597251836058,67,51,59,4,26,14
test,waveup_haar_learn_r2,P75,ensemble,5,0.7694678203152779,67,49,57,4,26,13
test,waveup_haar_learn_r2,P75,ensemble,10,0.7680806882230792,67,46,54,4,26,11
test,waveup_haar_learn_r2,P75,ensemble,20,0.7649835673737676,67,42,46,2,26,8
test,waveup_haar_learn_r2,P75,ensemble,30,0.7528103469116403,67,35,38,2,26,4
test,waveup_haar_learn_r2,P75,ensemble,50,0.7295402370168146,67,26,27,1,26,0
test,waveup_haar_learn_r2,P75,ensemble,80,0.7061056627649478,67,21,22,1,26,0
test,waveup_haar_r2,P56,single,0,0.6737739827879604,3.0,2.0,14.666666666666666,12.666666666666666,0.0,0.0
test,waveup_haar_r2,P56,ensemble,0,0.7069452286843592,3,2,12,10,0,0
test,waveup_haar_r2,P56,ensemble,5,0.7085455574419921,3,2,11,9,0,0
test,waveup_haar_r2,P56,ensemble,10,0.7117680500284252,3,2,9,7,0,0
test,waveup_haar_r2,P56,ensemble,20,0.7220299884659747,3,2,6,4,0,0
test,waveup_haar_r2,P56,ensemble,30,0.7262180974477959,3,2,5,3,0,0
test,waveup_haar_r2,P56,ensemble,50,0.7262180974477959,3,2,5,3,0,0
test,waveup_haar_r2,P56,ensemble,80,0.7551266586248492,3,2,3,1,0,0
test,waveup_haar_r2,P57,single,0,0.7514789729744464,100.0,41.666666666666664,52.666666666666664,3.6666666666666665,37.0,1.0
test,waveup_haar_r2,P57,ensemble,0,0.7521045935630566,100,42,49,4,37,0
test,waveup_haar_r2,P57,ensemble,5,0.7519694631690084,100,41,48,4,37,0
test,waveup_haar_r2,P57,ensemble,10,0.7514793700659453,100,37,44,4,37,0
test,waveup_haar_r2,P57,ensemble,20,0.751287332646756,100,35,40,2,37,0
test,waveup_haar_r2,P57,ensemble,30,0.7500678205197765,100,32,37,2,37,0
test,waveup_haar_r2,P57,ensemble,50,0.746684458484246,100,26,29,1,37,0
test,waveup_haar_r2,P57,ensemble,80,0.7422305473140185,100,23,24,1,37,0
test,waveup_haar_r2,P61,single,0,0.6912588411459075,12.0,10.0,19.666666666666668,9.666666666666666,1.0,0.0
test,waveup_haar_r2,P61,ensemble,0,0.6961175440303591,12,10,20,10,1,0
test,waveup_haar_r2,P61,ensemble,5,0.6963885914533242,12,10,19,9,1,0
test,waveup_haar_r2,P61,ensemble,10,0.6969992205767732,12,10,18,8,1,0
test,waveup_haar_r2,P61,ensemble,20,0.7001370131141124,12,10,15,5,1,0
test,waveup_haar_r2,P61,ensemble,30,0.7021297477671999,12,10,14,4,1,0
test,waveup_haar_r2,P61,ensemble,50,0.7021297477671999,12,10,14,4,1,0
test,waveup_haar_r2,P61,ensemble,80,0.7025501461546215,12,9,10,2,1,0
test,waveup_haar_r2,P58,single,0,0.6084684091368234,42.0,28.0,37.666666666666664,8.666666666666666,9.0,3.6666666666666665
test,waveup_haar_r2,P58,ensemble,0,0.6076167499569188,42,30,37,6,9,4
test,waveup_haar_r2,P58,ensemble,5,0.6076167499569188,42,30,37,6,9,4
test,waveup_haar_r2,P58,ensemble,10,0.6040082930200414,42,25,32,6,9,3
test,waveup_haar_r2,P58,ensemble,20,0.6019753942124415,42,23,29,5,9,2
test,waveup_haar_r2,P58,ensemble,30,0.5975684422286364,42,20,24,3,9,2
test,waveup_haar_r2,P58,ensemble,50,0.5816570669029686,42,17,20,3,9,2
test,waveup_haar_r2,P58,ensemble,80,0.5602594127184292,42,15,17,3,9,2
test,waveup_haar_r2,P63,single,0,0.7788800968773381,12.0,10.333333333333334,15.666666666666666,5.333333333333333,3.0,2.0
test,waveup_haar_r2,P63,ensemble,0,0.782539174928046,12,10,15,5,3,2
test,waveup_haar_r2,P63,ensemble,5,0.7831653064490318,12,10,14,4,3,2
test,waveup_haar_r2,P63,ensemble,10,0.7831653064490318,12,10,14,4,3,2
test,waveup_haar_r2,P63,ensemble,20,0.7850497273018928,12,10,13,3,3,2
test,waveup_haar_r2,P63,ensemble,30,0.7875764402961055,12,10,12,2,3,2
test,waveup_haar_r2,P63,ensemble,50,0.7842943978971578,12,8,9,1,3,1
test,waveup_haar_r2,P63,ensemble,80,0.7832585949177877,12,7,8,1,3,0
test,waveup_haar_r2,P62,single,0,0.7261754845966655,49.0,32.333333333333336,33.666666666666664,2.6666666666666665,18.0,7.333333333333333
test,waveup_haar_r2,P62,ensemble,0,0.7392357373519914,49,32,31,1,18,7
test,waveup_haar_r2,P62,ensemble,5,0.7386853448275862,49,31,29,0,18,7
test,waveup_haar_r2,P62,ensemble,10,0.7386853448275862,49,31,29,0,18,7
test,waveup_haar_r2,P62,ensemble,20,0.7337390128465179,49,29,27,0,18,7
test,waveup_haar_r2,P62,ensemble,30,0.730257801899593,49,28,26,0,18,6
test,waveup_haar_r2,P62,ensemble,50,0.6939411098527747,49,20,18,0,18,2
test,waveup_haar_r2,P62,ensemble,80,0.6540564504211616,49,15,13,0,18,1
test,waveup_haar_r2,P60,single,0,0.6268257962879614,25.0,23.666666666666668,54.666666666666664,29.333333333333332,1.0,0.0
test,waveup_haar_r2,P60,ensemble,0,0.6496169575485283,25,24,55,29,1,0
test,waveup_haar_r2,P60,ensemble,5,0.6502911837629014,25,24,50,24,1,0
test,waveup_haar_r2,P60,ensemble,10,0.6512299341725373,25,24,46,20,1,0
test,waveup_haar_r2,P60,ensemble,20,0.6493250680725334,25,23,42,18,1,0
test,waveup_haar_r2,P60,ensemble,30,0.6493975202281855,25,23,39,16,1,0
test,waveup_haar_r2,P60,ensemble,50,0.6471527408195848,25,20,32,12,1,0
test,waveup_haar_r2,P60,ensemble,80,0.6336489439184269,25,16,25,9,1,0
test,waveup_haar_r2,P59,single,0,0.38654865884871237,15.0,12.666666666666666,24.666666666666668,13.0,6.0,3.6666666666666665
test,waveup_haar_r2,P59,ensemble,0,0.41597915762049503,15,12,20,9,6,3
test,waveup_haar_r2,P59,ensemble,5,0.4170657379190248,15,12,17,6,6,3
test,waveup_haar_r2,P59,ensemble,10,0.4170657379190248,15,12,17,6,6,3
test,waveup_haar_r2,P59,ensemble,20,0.41497045305318453,15,12,15,5,6,3
test,waveup_haar_r2,P59,ensemble,30,0.4195618499668068,15,12,13,3,6,3
test,waveup_haar_r2,P59,ensemble,50,0.37733241188666206,15,7,8,2,6,1
test,waveup_haar_r2,P59,ensemble,80,0.37733241188666206,15,7,8,2,6,1
test,waveup_haar_r2,P64,single,0,0.7111599813726864,30.0,22.0,35.0,14.0,7.0,2.0
test,waveup_haar_r2,P64,ensemble,0,0.7242712951608339,30,22,33,12,7,2
test,waveup_haar_r2,P64,ensemble,5,0.7246814535158094,30,22,32,11,7,2
test,waveup_haar_r2,P64,ensemble,10,0.72550316545403,30,22,30,9,7,2
test,waveup_haar_r2,P64,ensemble,20,0.7269964865634793,30,21,27,7,7,1
test,waveup_haar_r2,P64,ensemble,30,0.720679454146388,30,19,25,7,7,1
test,waveup_haar_r2,P64,ensemble,50,0.715651250362074,30,17,22,6,7,1
test,waveup_haar_r2,P64,ensemble,80,0.7020533880903491,30,11,13,3,7,1
test,waveup_haar_r2,P66,single,0,0.6901890568257669,56.0,31.333333333333332,39.333333333333336,6.333333333333333,19.0,3.6666666666666665
test,waveup_haar_r2,P66,ensemble,0,0.695955978688095,56,32,40,7,19,4
test,waveup_haar_r2,P66,ensemble,5,0.6958876980428704,56,31,37,5,19,3
test,waveup_haar_r2,P66,ensemble,10,0.6957636501369384,56,31,35,4,19,3
test,waveup_haar_r2,P66,ensemble,20,0.6942457594955186,56,27,30,3,19,2
test,waveup_haar_r2,P66,ensemble,30,0.6919220055710307,56,22,24,2,19,0
test,waveup_haar_r2,P66,ensemble,50,0.6880089696683583,56,18,19,1,19,0
test,waveup_haar_r2,P66,ensemble,80,0.6809509658246656,56,14,15,1,19,0
test,waveup_haar_r2,P65,single,0,0.7918221812041617,192.0,132.0,138.33333333333334,2.6666666666666665,89.0,38.333333333333336
test,waveup_haar_r2,P65,ensemble,0,0.7950850039105916,192,133,140,2,89,38
test,waveup_haar_r2,P65,ensemble,5,0.7947377089681298,192,131,138,2,89,37
test,waveup_haar_r2,P65,ensemble,10,0.793544131590881,192,122,129,2,89,31
test,waveup_haar_r2,P65,ensemble,20,0.7922719289182767,192,115,121,1,89,26
test,waveup_haar_r2,P65,ensemble,30,0.7886452363153086,192,106,111,1,89,19
test,waveup_haar_r2,P65,ensemble,50,0.7707677918544341,192,80,80,0,89,5
test,waveup_haar_r2,P65,ensemble,80,0.7476851851851852,192,62,60,0,89,3
test,waveup_haar_r2,P68,single,0,0.42629342616601634,6.0,4.0,12.666666666666666,8.666666666666666,0.0,0.0
test,waveup_haar_r2,P68,ensemble,0,0.492091388400703,6,4,11,7,0,0
test,waveup_haar_r2,P68,ensemble,5,0.49266862170087977,6,4,11,7,0,0
test,waveup_haar_r2,P68,ensemble,10,0.49266862170087977,6,4,11,7,0,0
test,waveup_haar_r2,P68,ensemble,20,0.5029940119760479,6,4,8,4,0,0
test,waveup_haar_r2,P68,ensemble,30,0.49313358302122345,6,3,5,2,0,0
test,waveup_haar_r2,P68,ensemble,50,0.49313358302122345,6,3,5,2,0,0
test,waveup_haar_r2,P68,ensemble,80,0.4788135593220339,6,2,2,0,0,0
test,waveup_haar_r2,P69,single,0,0.8233498982603654,25.0,15.333333333333334,17.333333333333332,2.0,7.0,0.6666666666666666
test,waveup_haar_r2,P69,ensemble,0,0.8257602862254025,25,16,19,3,7,1
test,waveup_haar_r2,P69,ensemble,5,0.8260558339298497,25,16,18,2,7,1
test,waveup_haar_r2,P69,ensemble,10,0.825530391191478,25,15,17,2,7,0
test,waveup_haar_r2,P69,ensemble,20,0.827753343505969,25,15,15,0,7,0
test,waveup_haar_r2,P69,ensemble,30,0.8225748287053732,25,13,13,0,7,0
test,waveup_haar_r2,P69,ensemble,50,0.8189546030023512,25,12,12,0,7,0
test,waveup_haar_r2,P69,ensemble,80,0.8002205476934388,25,9,9,0,7,0
test,waveup_haar_r2,P71,single,0,0.6358718518846443,18.0,16.0,21.0,5.666666666666667,7.0,5.0
test,waveup_haar_r2,P71,ensemble,0,0.6482865240917289,18,15,20,5,7,4
test,waveup_haar_r2,P71,ensemble,5,0.6481123566550703,18,15,20,5,7,4
test,waveup_haar_r2,P71,ensemble,10,0.6488648090815273,18,15,19,4,7,4
test,waveup_haar_r2,P71,ensemble,20,0.6499547745186717,18,15,18,3,7,4
test,waveup_haar_r2,P71,ensemble,30,0.645135880267822,18,13,13,1,7,3
test,waveup_haar_r2,P71,ensemble,50,0.6242650988776055,18,11,10,1,7,2
test,waveup_haar_r2,P71,ensemble,80,0.6144107744107744,18,10,9,1,7,2
test,waveup_haar_r2,P67,single,0,0.7243372403021962,72.0,56.666666666666664,57.333333333333336,13.0,17.0,9.0
test,waveup_haar_r2,P67,ensemble,0,0.730589603309251,72,56,55,12,17,10
test,waveup_haar_r2,P67,ensemble,5,0.7305067297060281,72,56,55,12,17,10
test,waveup_haar_r2,P67,ensemble,10,0.7303913151317422,72,53,49,9,17,8
test,waveup_haar_r2,P67,ensemble,20,0.7304709881966461,72,51,45,7,17,6
test,waveup_haar_r2,P67,ensemble,30,0.7308648586619745,72,50,42,5,17,6
test,waveup_haar_r2,P67,ensemble,50,0.7290064595509074,72,46,35,2,17,4
test,waveup_haar_r2,P67,ensemble,80,0.7272938263964104,72,42,30,1,17,3
test,waveup_haar_r2,P70,single,0,0.6968749377713909,20.0,16.333333333333332,26.0,9.666666666666666,4.0,0.6666666666666666
test,waveup_haar_r2,P70,ensemble,0,0.7022721759521307,20,16,24,7,4,1
test,waveup_haar_r2,P70,ensemble,5,0.7023005700885456,20,16,24,7,4,1
test,waveup_haar_r2,P70,ensemble,10,0.7016181229773463,20,14,22,7,4,0
test,waveup_haar_r2,P70,ensemble,20,0.7023284065600324,20,14,20,5,4,0
test,waveup_haar_r2,P70,ensemble,30,0.7048973785815891,20,14,16,1,4,0
test,waveup_haar_r2,P70,ensemble,50,0.7023130803062388,20,13,15,1,4,0
test,waveup_haar_r2,P70,ensemble,80,0.6990814451928965,20,13,14,1,4,0
test,waveup_haar_r2,P73,single,0,0.7096733195266888,31.0,25.333333333333332,37.333333333333336,5.666666666666667,4.0,1.0
test,waveup_haar_r2,P73,ensemble,0,0.7144814552326955,31,25,35,4,4,1
test,waveup_haar_r2,P73,ensemble,5,0.7145287834388884,31,25,34,3,4,1
test,waveup_haar_r2,P73,ensemble,10,0.7147857345568064,31,24,32,2,4,0
test,waveup_haar_r2,P73,ensemble,20,0.7138123639117675,31,23,31,2,4,0
test,waveup_haar_r2,P73,ensemble,30,0.712349540327931,31,23,30,2,4,0
test,waveup_haar_r2,P73,ensemble,50,0.7044867502152492,31,20,25,1,4,0
test,waveup_haar_r2,P73,ensemble,80,0.685388328214129,31,16,18,0,4,0
test,waveup_rand_learn_r2,P54,single,0,0.7909339407631152,5.0,4.666666666666667,7.0,2.3333333333333335,0.0,0.0
test,waveup_rand_learn_r2,P54,ensemble,0,0.7926634768740032,5,5,7,2,0,0
test,waveup_rand_learn_r2,P54,ensemble,5,0.7926634768740032,5,5,7,2,0,0
test,waveup_rand_learn_r2,P54,ensemble,10,0.7911823647294589,5,4,5,1,0,0
test,waveup_rand_learn_r2,P54,ensemble,20,0.7911823647294589,5,4,5,1,0,0
test,waveup_rand_learn_r2,P54,ensemble,30,0.7911823647294589,5,4,5,1,0,0
test,waveup_rand_learn_r2,P54,ensemble,50,0.7746938775510204,5,3,4,1,0,0
test,waveup_rand_learn_r2,P54,ensemble,80,0.7746938775510204,5,3,4,1,0,0
test,waveup_haar_r2,P74,single,0,0.6667111818562118,28.0,17.0,24.666666666666668,5.666666666666667,13.0,5.0
test,waveup_haar_r2,P74,ensemble,0,0.6700079134792931,28,17,25,6,13,5
test,waveup_haar_r2,P74,ensemble,5,0.6700079134792931,28,17,25,6,13,5
test,waveup_haar_r2,P74,ensemble,10,0.6721354855781952,28,17,23,4,13,5
test,waveup_haar_r2,P74,ensemble,20,0.6767918998134825,28,17,21,2,13,5
test,waveup_haar_r2,P74,ensemble,30,0.647887323943662,28,14,16,1,13,3
test,waveup_haar_r2,P74,ensemble,50,0.614114968696642,28,11,13,1,13,1
test,waveup_haar_r2,P74,ensemble,80,0.5442792501616031,28,7,7,0,13,0
test,waveup_haar_r2,P72,single,0,0.7876577120589735,13.0,9.0,28.666666666666668,17.333333333333332,2.0,0.0
test,waveup_haar_r2,P72,ensemble,0,0.801463422427428,13,9,29,18,2,0
test,waveup_haar_r2,P72,ensemble,5,0.8014890319694524,13,9,29,18,2,0
test,waveup_haar_r2,P72,ensemble,10,0.8019118258256338,13,9,24,13,2,0
test,waveup_haar_r2,P72,ensemble,20,0.8022663977720158,13,8,18,9,2,0
test,waveup_haar_r2,P72,ensemble,30,0.8029089511116807,13,8,16,7,2,0
test,waveup_haar_r2,P72,ensemble,50,0.8029089511116807,13,8,16,7,2,0
test,waveup_haar_r2,P72,ensemble,80,0.8012709416522241,13,6,14,7,2,0
test,waveup_haar_r2,P75,single,0,0.7675593308062165,67.0,51.0,59.0,4.333333333333333,26.0,13.333333333333334
test,waveup_haar_r2,P75,ensemble,0,0.7684589505990674,67,50,57,4,26,13
test,waveup_haar_r2,P75,ensemble,5,0.7675860846967102,67,48,55,4,26,12
test,waveup_haar_r2,P75,ensemble,10,0.7675573421612675,67,47,53,3,26,12
test,waveup_haar_r2,P75,ensemble,20,0.7617461639110266,67,41,46,3,26,8
test,waveup_haar_r2,P75,ensemble,30,0.751984604281934,67,35,38,2,26,4
test,waveup_haar_r2,P75,ensemble,50,0.7289338848077042,67,26,27,1,26,0
test,waveup_haar_r2,P75,ensemble,80,0.7046142208774584,67,21,22,1,26,0
test,waveup_rand_learn_r2,P55,single,0,0.6682127211206597,37.0,24.666666666666668,26.666666666666668,2.6666666666666665,10.0,2.6666666666666665
test,waveup_rand_learn_r2,P55,ensemble,0,0.6703946660931283,37,25,27,3,10,3
test,waveup_rand_learn_r2,P55,ensemble,5,0.6694650737272629,37,23,25,3,10,2
test,waveup_rand_learn_r2,P55,ensemble,10,0.6694650737272629,37,23,25,3,10,2
test,waveup_rand_learn_r2,P55,ensemble,20,0.6702001081665765,37,22,22,1,10,1
test,waveup_rand_learn_r2,P55,ensemble,30,0.6673170731707317,37,21,21,1,10,1
test,waveup_rand_learn_r2,P55,ensemble,50,0.6415770609318996,37,15,14,0,10,0
test,waveup_rand_learn_r2,P55,ensemble,80,0.6370804235188106,37,14,13,0,10,0
test,waveup_rand_learn_r2,P57,single,0,0.7626526603323662,100.0,41.0,53.666666666666664,4.333333333333333,37.0,1.3333333333333333
test,waveup_rand_learn_r2,P57,ensemble,0,0.764085777273031,100,44,56,2,37,1
test,waveup_rand_learn_r2,P57,ensemble,5,0.7639692616104243,100,41,52,2,37,0
test,waveup_rand_learn_r2,P57,ensemble,10,0.7635206503282392,100,38,47,2,37,0
test,waveup_rand_learn_r2,P57,ensemble,20,0.7623763701334333,100,32,41,2,37,0
test,waveup_rand_learn_r2,P57,ensemble,30,0.7610996489911845,100,30,38,2,37,0
test,waveup_rand_learn_r2,P57,ensemble,50,0.7585511726362476,100,26,32,1,37,0
test,waveup_rand_learn_r2,P57,ensemble,80,0.7537761699715184,100,24,27,1,37,0
test,waveup_rand_learn_r2,P58,single,0,0.6159216428012799,42.0,26.0,35.333333333333336,8.333333333333334,9.0,3.6666666666666665
test,waveup_rand_learn_r2,P58,ensemble,0,0.617439120188531,42,27,34,7,9,4
test,waveup_rand_learn_r2,P58,ensemble,5,0.617439120188531,42,27,34,7,9,4
test,waveup_rand_learn_r2,P58,ensemble,10,0.6169041167730094,42,26,32,6,9,4
test,waveup_rand_learn_r2,P58,ensemble,20,0.6058407079646018,42,19,23,4,9,2
test,waveup_rand_learn_r2,P58,ensemble,30,0.6058407079646018,42,19,23,4,9,2
test,waveup_rand_learn_r2,P58,ensemble,50,0.5939957112223017,42,17,20,4,9,2
test,waveup_rand_learn_r2,P58,ensemble,80,0.5775381522434433,42,15,16,3,9,2
test,waveup_rand_learn_r2,P56,single,0,0.7117558806913311,3.0,2.0,17.0,14.666666666666666,0.0,0.0
test,waveup_rand_learn_r2,P56,ensemble,0,0.7256380510440835,3,2,13,11,0,0
test,waveup_rand_learn_r2,P56,ensemble,5,0.7271142109851787,3,2,12,10,0,0
test,waveup_rand_learn_r2,P56,ensemble,10,0.7281722933643772,3,2,11,9,0,0
test,waveup_rand_learn_r2,P56,ensemble,20,0.7330794022853794,3,2,9,7,0,0
test,waveup_rand_learn_r2,P56,ensemble,30,0.7533875338753387,3,2,5,3,0,0
test,waveup_rand_learn_r2,P56,ensemble,50,0.7635032041501373,3,2,4,2,0,0
test,waveup_rand_learn_r2,P56,ensemble,80,0.7784691972619788,3,2,3,1,0,0
test,waveup_rand_learn_r2,P62,single,0,0.7329160901557911,49.0,34.0,36.333333333333336,2.6666666666666665,18.0,8.0
test,waveup_rand_learn_r2,P62,ensemble,0,0.7391014531395814,49,34,37,3,18,8
test,waveup_rand_learn_r2,P62,ensemble,5,0.7391594396264176,49,33,36,3,18,7
test,waveup_rand_learn_r2,P62,ensemble,10,0.738618103910016,49,32,32,1,18,7
test,waveup_rand_learn_r2,P62,ensemble,20,0.7355672184093661,49,30,29,0,18,7
test,waveup_rand_learn_r2,P62,ensemble,30,0.7270255573681349,49,27,26,0,18,5
test,waveup_rand_learn_r2,P62,ensemble,50,0.6878818013922432,49,20,18,0,18,1
test,waveup_rand_learn_r2,P62,ensemble,80,0.644672313865359,49,15,13,0,18,1
test,waveup_rand_learn_r2,P60,single,0,0.5955735834117521,25.0,24.0,52.666666666666664,28.666666666666668,1.0,0.0
test,waveup_rand_learn_r2,P60,ensemble,0,0.6204179888390414,25,24,46,22,1,0
test,waveup_rand_learn_r2,P60,ensemble,5,0.620927558451514,25,24,44,20,1,0
test,waveup_rand_learn_r2,P60,ensemble,10,0.6213698630136987,25,24,42,18,1,0
test,waveup_rand_learn_r2,P60,ensemble,20,0.6224613020090021,25,24,40,16,1,0
test,waveup_rand_learn_r2,P60,ensemble,30,0.6224596574323952,25,23,37,14,1,0
test,waveup_rand_learn_r2,P60,ensemble,50,0.6221701795472288,25,21,31,10,1,0
test,waveup_rand_learn_r2,P60,ensemble,80,0.62573600868919,25,19,24,5,1,0
test,waveup_rand_learn_r2,P59,single,0,0.39265198533867257,15.0,11.333333333333334,21.333333333333332,12.0,6.0,3.0
test,waveup_rand_learn_r2,P59,ensemble,0,0.4182621502209131,15,11,17,8,6,3
test,waveup_rand_learn_r2,P59,ensemble,5,0.41932081839274415,15,11,15,6,6,3
test,waveup_rand_learn_r2,P59,ensemble,10,0.42011834319526625,15,11,14,5,6,3
test,waveup_rand_learn_r2,P59,ensemble,20,0.4223496919481623,15,11,12,3,6,3
test,waveup_rand_learn_r2,P59,ensemble,30,0.42442356959863364,15,11,11,2,6,3
test,waveup_rand_learn_r2,P59,ensemble,50,0.4185338264085273,15,9,9,1,6,1
test,waveup_rand_learn_r2,P59,ensemble,80,0.40457847237508254,15,8,8,1,6,1
test,waveup_rand_learn_r2,P63,single,0,0.7658611986097293,12.0,10.0,16.333333333333332,6.333333333333333,3.0,2.0
test,waveup_rand_learn_r2,P63,ensemble,0,0.7730633236901318,12,10,16,6,3,2
test,waveup_rand_learn_r2,P63,ensemble,5,0.7736850571014959,12,10,15,5,3,2
test,waveup_rand_learn_r2,P63,ensemble,10,0.7743077913715389,12,10,14,4,3,2
test,waveup_rand_learn_r2,P63,ensemble,20,0.7756813417190775,12,10,13,3,3,2
test,waveup_rand_learn_r2,P63,ensemble,30,0.7713730569948186,12,9,12,3,3,2
test,waveup_rand_learn_r2,P63,ensemble,50,0.7699820934396875,12,8,11,3,3,1
test,waveup_rand_learn_r2,P63,ensemble,80,0.7767248545303408,12,7,9,2,3,0
test,waveup_rand_learn_r2,P61,single,0,0.7146519988547707,12.0,10.0,19.333333333333332,8.666666666666666,1.0,0.0
test,waveup_rand_learn_r2,P61,ensemble,0,0.725819506272764,12,10,20,10,1,0
test,waveup_rand_learn_r2,P61,ensemble,5,0.7263339070567987,12,10,18,8,1,0
test,waveup_rand_learn_r2,P61,ensemble,10,0.7272174353775975,12,10,16,6,1,0
test,waveup_rand_learn_r2,P61,ensemble,20,0.7281770198944377,12,10,15,5,1,0
test,waveup_rand_learn_r2,P61,ensemble,30,0.7281770198944377,12,10,15,5,1,0
test,waveup_rand_learn_r2,P61,ensemble,50,0.7309965355614428,12,10,14,4,1,0
test,waveup_rand_learn_r2,P61,ensemble,80,0.743209360635186,12,10,10,1,1,0
test,waveup_rand_learn_r2,P64,single,0,0.6838936399714538,30.0,22.0,33.0,11.666666666666666,7.0,2.0
test,waveup_rand_learn_r2,P64,ensemble,0,0.6892998435918668,30,22,31,10,7,2
test,waveup_rand_learn_r2,P64,ensemble,5,0.6891792418108208,30,22,31,10,7,2
test,waveup_rand_learn_r2,P64,ensemble,10,0.6891468583010871,30,21,29,9,7,1
test,waveup_rand_learn_r2,P64,ensemble,20,0.6883695047301057,30,19,24,6,7,1
test,waveup_rand_learn_r2,P64,ensemble,30,0.685565573008644,30,18,23,6,7,1
test,waveup_rand_learn_r2,P64,ensemble,50,0.679798356982823,30,17,22,6,7,1
test,waveup_rand_learn_r2,P64,ensemble,80,0.6650371529135706,30,12,15,4,7,1
test,waveup_rand_learn_r2,P66,single,0,0.6883189693678281,56.0,32.0,39.666666666666664,7.0,19.0,3.6666666666666665
test,waveup_rand_learn_r2,P66,ensemble,0,0.6933089620028803,56,30,39,8,19,4
test,waveup_rand_learn_r2,P66,ensemble,5,0.6932047979168398,56,30,39,8,19,4
test,waveup_rand_learn_r2,P66,ensemble,10,0.6931263858093126,56,30,36,6,19,4
test,waveup_rand_learn_r2,P66,ensemble,20,0.692638530480868,56,28,33,5,19,2
test,waveup_rand_learn_r2,P66,ensemble,30,0.6926766690836076,56,26,26,1,19,0
test,waveup_rand_learn_r2,P66,ensemble,50,0.6881340732021748,56,22,22,1,19,0
test,waveup_rand_learn_r2,P66,ensemble,80,0.6768157849974485,56,15,15,1,19,0
test,waveup_rand_learn_r2,P67,single,0,0.7400368182019016,72.0,57.0,57.333333333333336,11.666666666666666,17.0,10.0
test,waveup_rand_learn_r2,P67,ensemble,0,0.7420403609010985,72,58,59,11,17,10
test,waveup_rand_learn_r2,P67,ensemble,5,0.7419938414164742,72,55,54,9,17,9
test,waveup_rand_learn_r2,P67,ensemble,10,0.7418144020326847,72,54,53,9,17,8
test,waveup_rand_learn_r2,P67,ensemble,20,0.7408078665766895,72,50,47,7,17,6
test,waveup_rand_learn_r2,P67,ensemble,30,0.741223574012108,72,47,40,3,17,5
test,waveup_rand_learn_r2,P67,ensemble,50,0.7388948237350684,72,44,35,2,17,4
test,waveup_rand_learn_r2,P67,ensemble,80,0.7369487694136446,72,41,32,2,17,3
test,waveup_rand_learn_r2,P65,single,0,0.7885415985387852,192.0,132.33333333333334,140.33333333333334,4.666666666666667,89.0,38.666666666666664
test,waveup_rand_learn_r2,P65,ensemble,0,0.7905525301352261,192,133,139,4,89,40
test,waveup_rand_learn_r2,P65,ensemble,5,0.7903285043868599,192,130,135,3,89,39
test,waveup_rand_learn_r2,P65,ensemble,10,0.7894285364159961,192,123,128,3,89,33
test,waveup_rand_learn_r2,P65,ensemble,20,0.7870457618091687,192,115,118,1,89,28
test,waveup_rand_learn_r2,P65,ensemble,30,0.7817904164431053,192,101,104,1,89,18
test,waveup_rand_learn_r2,P65,ensemble,50,0.769285774375368,192,81,80,0,89,6
test,waveup_rand_learn_r2,P65,ensemble,80,0.7509255273353422,192,65,63,0,89,4
test,waveup_rand_learn_r2,P71,single,0,0.6200889400620397,18.0,15.333333333333334,18.666666666666668,6.0,7.0,4.333333333333333
test,waveup_rand_learn_r2,P71,ensemble,0,0.6261261261261262,18,16,17,4,7,5
test,waveup_rand_learn_r2,P71,ensemble,5,0.6254226675015654,18,15,16,4,7,4
test,waveup_rand_learn_r2,P71,ensemble,10,0.6258145363408522,18,15,15,3,7,4
test,waveup_rand_learn_r2,P71,ensemble,20,0.626993094789705,18,15,14,2,7,4
test,waveup_rand_learn_r2,P71,ensemble,30,0.6187690742624619,18,13,10,1,7,3
test,waveup_rand_learn_r2,P71,ensemble,50,0.6187690742624619,18,13,10,1,7,3
test,waveup_rand_learn_r2,P71,ensemble,80,0.5982905982905983,18,11,8,1,7,3
test,waveup_rand_learn_r2,P70,single,0,0.703946660305261,20.0,16.666666666666668,27.333333333333332,10.333333333333334,4.0,1.3333333333333333
test,waveup_rand_learn_r2,P70,ensemble,0,0.7069720866191013,20,16,26,9,4,1
test,waveup_rand_learn_r2,P70,ensemble,5,0.7073852962050683,20,16,23,6,4,1
test,waveup_rand_learn_r2,P70,ensemble,10,0.7073852962050683,20,16,23,6,4,1
test,waveup_rand_learn_r2,P70,ensemble,20,0.7060988873086255,20,14,20,5,4,0
test,waveup_rand_learn_r2,P70,ensemble,30,0.7067788803751622,20,14,19,4,4,0
test,waveup_rand_learn_r2,P70,ensemble,50,0.707055408304935,20,13,16,2,4,0
test,waveup_rand_learn_r2,P70,ensemble,80,0.70361933687674,20,13,15,2,4,0
test,waveup_rand_learn_r2,P69,single,0,0.8245442309071169,25.0,16.666666666666668,19.666666666666668,3.0,7.0,0.6666666666666666
test,waveup_rand_learn_r2,P69,ensemble,0,0.8281417830290011,25,16,19,3,7,0
test,waveup_rand_learn_r2,P69,ensemble,5,0.8281417830290011,25,16,19,3,7,0
test,waveup_rand_learn_r2,P69,ensemble,10,0.8281417830290011,25,16,19,3,7,0
test,waveup_rand_learn_r2,P69,ensemble,20,0.8294392523364486,25,15,16,1,7,0
test,waveup_rand_learn_r2,P69,ensemble,30,0.828370330265295,25,14,14,0,7,0
test,waveup_rand_learn_r2,P69,ensemble,50,0.8211788211788211,25,12,12,0,7,0
test,waveup_rand_learn_r2,P69,ensemble,80,0.8017368810051737,25,9,9,0,7,0
test,waveup_rand_learn_r2,P68,single,0,0.32316500772104684,6.0,4.0,13.666666666666666,9.666666666666666,0.0,0.0
test,waveup_rand_learn_r2,P68,ensemble,0,0.33715596330275227,6,4,13,9,0,0
test,waveup_rand_learn_r2,P68,ensemble,5,0.3383199079401611,6,4,12,8,0,0
test,waveup_rand_learn_r2,P68,ensemble,10,0.3383199079401611,6,4,12,8,0,0
test,waveup_rand_learn_r2,P68,ensemble,20,0.32626619552414604,6,3,9,6,0,0
test,waveup_rand_learn_r2,P68,ensemble,30,0.3305489260143198,6,3,8,5,0,0
test,waveup_rand_learn_r2,P68,ensemble,50,0.3456019962570181,6,3,6,3,0,0
test,waveup_rand_learn_r2,P68,ensemble,80,0.3038487508440243,6,2,4,2,0,0
test,waveup_rand_learn_r2,P73,single,0,0.7136681480352246,31.0,24.666666666666668,33.666666666666664,3.6666666666666665,4.0,1.0
test,waveup_rand_learn_r2,P73,ensemble,0,0.7176427051531131,31,24,35,4,4,1
test,waveup_rand_learn_r2,P73,ensemble,5,0.7174979180161006,31,23,34,4,4,0
test,waveup_rand_learn_r2,P73,ensemble,10,0.7174979180161006,31,23,34,4,4,0
test,waveup_rand_learn_r2,P73,ensemble,20,0.7174971031286211,31,22,31,2,4,0
test,waveup_rand_learn_r2,P73,ensemble,30,0.7161284335560505,31,21,30,2,4,0
test,waveup_rand_learn_r2,P73,ensemble,50,0.7034224097515237,31,19,25,2,4,0
test,waveup_rand_learn_r2,P73,ensemble,80,0.6927150422212681,31,16,19,0,4,0
test,waveup_rand_learn_r2,P75,single,0,0.7692206335151223,67.0,48.333333333333336,58.666666666666664,6.666666666666667,26.0,12.333333333333334
test,waveup_rand_learn_r2,P75,ensemble,0,0.7749064546304958,67,46,54,4,26,11
test,waveup_rand_learn_r2,P75,ensemble,5,0.7747294530564492,67,46,53,3,26,11
test,waveup_rand_learn_r2,P75,ensemble,10,0.7747294530564492,67,46,53,3,26,11
test,waveup_rand_learn_r2,P75,ensemble,20,0.7699187948687772,67,41,46,3,26,7
test,waveup_rand_learn_r2,P75,ensemble,30,0.7595976429974406,67,35,38,2,26,4
test,waveup_rand_learn_r2,P75,ensemble,50,0.7363986078036271,67,26,27,1,26,0
test,waveup_rand_learn_r2,P75,ensemble,80,0.722376628991415,67,23,24,1,26,0
test,waveup_rand_learn_r2,P74,single,0,0.6734019694740447,28.0,18.333333333333332,26.333333333333332,6.0,13.0,5.333333333333333
test,waveup_rand_learn_r2,P74,ensemble,0,0.6765702371644514,28,18,26,6,13,5
test,waveup_rand_learn_r2,P74,ensemble,5,0.6767466110531803,28,18,26,6,13,5
test,waveup_rand_learn_r2,P74,ensemble,10,0.6783381238568069,28,18,25,5,13,5
test,waveup_rand_learn_r2,P74,ensemble,20,0.6768905341089371,28,17,22,3,13,5
test,waveup_rand_learn_r2,P74,ensemble,30,0.6645109135004043,28,16,19,2,13,4
test,waveup_rand_learn_r2,P74,ensemble,50,0.6190205011389521,28,11,13,1,13,1
test,waveup_rand_learn_r2,P74,ensemble,80,0.519653564290473,28,6,6,0,13,0
test,waveup_rand_learn_r2,P72,single,0,0.7493576559108323,13.0,9.0,27.0,14.333333333333334,2.0,0.0
test,waveup_rand_learn_r2,P72,ensemble,0,0.7606812164131167,13,9,25,13,2,0
test,waveup_rand_learn_r2,P72,ensemble,5,0.7606975541732605,13,9,25,13,2,0
test,waveup_rand_learn_r2,P72,ensemble,10,0.7607929170257777,13,9,24,12,2,0
test,waveup_rand_learn_r2,P72,ensemble,20,0.7605015673981191,13,8,23,12,2,0
test,waveup_rand_learn_r2,P72,ensemble,30,0.7604006405224654,13,8,19,10,2,0
test,waveup_rand_learn_r2,P72,ensemble,50,0.7613688165113098,13,8,17,8,2,0
test,waveup_rand_learn_r2,P72,ensemble,80,0.7581890980169614,13,6,14,8,2,0
